{"/Lotus/Upgrades/Mods/Sets/Amar/AmarSetMod":{"data":{"CanReproc":0,"CanReprocPvp":0,"CodexSecret":1,"FusionLimit":"QA_MEDIUM","HudBuffIcon":"/Lotus/Interface/Icons/ModBuffIndicators/BorealSpeedBuff.png","Icon":"/Lotus/Interface/Cards/Images/Cubic.png","IncompatibilityTags":["POWER_WEAPON"],"InstallEffect":"/Lotus/Fx/Interface/ModSets/ArchonInstall","InstallSound":"/Lotus/Sounds/UI/NewUI/Common/UICommonAccent","LocalizeDescTag":"","LocalizeTag":"/Lotus/Language/Mods/AmarSetMod","ModSetIcon":"/Lotus/Interface/Cards/Images/Sets/Amar/AmarHeader.png","NumUpgradesInSet":3,"ProductCategory":"Upgrades","Rarity":"RARE","RectangleIcon":1,"Script":{"Function":"ApplyUpgrades","Script":"/Lotus/Scripts/Mods/MeleeChargeTeleport.lua","_baseTeleportRange":10,"_invalidTargetTypes":["/Lotus/Types/Enemies/Corpus/Turrets/TurretAvatars/AutoTurretAvatar","/Lotus/Types/Enemies/Corpus/Turrets/TurretAvatars/SecurityCameraAvatar"],"_powerSuitType":"/Lotus/Types/Game/PowerSuit","_rangeScaling":10,"_teleportEffect":"/Lotus/Fx/Weapons/Grineer/DualFireAxe/DualFireAxeTeleportMod"},"Slotted":0,"UpgradeChance":1,"UpgradeDuration":2,"Upgrades":[{"AutoType":1,"DamageType":"DT_ANY","InvalidModifiers":[],"LocKeyWordScript":{"Function":"GetLoc","Script":"/Lotus/Scripts/Mods/MeleeChargeTeleport.lua","_baseTeleportRange":10,"_invalidTargetTypes":[],"_powerSuitType":"/Lotus/Types/Game/PowerSuit","_rangeScaling":10,"_teleportEffect":""},"LocTag":"/Lotus/Language/Upgrades/AmarSetBonus","OperationType":"ADD","OverrideLocalization":1,"RoundTo":0.1,"RoundingMode":"RM_ROUND","SmallerIsBetter":0,"SymbolFilter":"","UpgradeObject":"","UpgradeType":"NONE","ValidModifiers":[],"ValidPostures":[],"ValidProcTypes":[],"ValidType":"","Value":0}]},"id":5746,"name":"Amar Set Bonus","parent":"/Lotus/Types/Game/LotusArtifactUpgrades/BaseArtifactUpgrade","parents":["/Lotus/Types/Game/LotusArtifactUpgrades/BaseArtifactUpgrade","/Lotus/Types/Game/LotusArtifactUpgrade"],"path":"/Lotus/Upgrades/Mods/Sets/Amar/AmarSetMod"},"/Lotus/Upgrades/Mods/Sets/Ashen/AshenSetMod":{"data":{"ApplyUpgradesByDefault":0,"CodexSecret":1,"ConditionalUpgrades":["/Lotus/Upgrades/CosmeticEnhancers/Offensive/OnMeleeHeavyAttackKillCondition"],"FusionLimit":"QA_VERY_HIGH","HudBuffIcon":"/Lotus/Interface/Icons/ModBuffIndicators/AshenModSet.png","Icon":"/Lotus/Interface/Cards/Images/Cubic.png","InstallEffect":"/Lotus/Fx/Interface/ModSets/AshenInstall","InstallSound":"/Lotus/Sounds/UI/NewUI/Common/UICommonAccent","ItemCompatibility":"/Lotus/Types/Game/PowerSuits/PlayerPowerSuit","LocalizeDescTag":"","LocalizeTag":"/Lotus/Language/Mods/AshenSetModName","ModSetIcon":"/Lotus/Interface/Cards/Images/Sets/Ashen/AshenHeader.png","NumUpgradesInSet":3,"PlayEffect":0,"ProductCategory":"Upgrades","Rarity":"RARE","RectangleIcon":1,"Script":{"Function":"ActivateAbility","Script":"AshenModSetBonusAbility.lua","_coolDown":[2,4,6],"_evasionPct":[0.1,0.2,0.3],"_statusImmunity":[2,4,6]},"Slotted":0,"StatusDescTag":"/Lotus/Language/Buffs/CarnisSetBonusBuffDesc","UpgradeChance":1,"UpgradeDuration":2,"Upgrades":[{"AllowConditionalLocMerge":0,"AutoType":1,"DamageType":"DT_IMPACT","InvalidModifiers":[],"LocKeyWordScript":{"Function":"GetDescriptionInfo","Script":"AshenModSetBonusAbility.lua","_coolDown":[2,4,6],"_evasionPct":[0.1,0.2,0.3],"_statusImmunity":[2,4,6]},"LocTag":"/Lotus/Language/Upgrades/HeavyAttackMovementBonusDesc","OperationType":"ADD","OverrideLocalization":1,"RoundTo":0.1,"RoundingMode":"RM_ROUND","SmallerIsBetter":0,"SymbolFilter":"","UpgradeObject":"","UpgradeType":"NONE","ValidModifiers":["PM_HEAVY_MELEE"],"ValidPostures":["WALK","JOG","RUN","STAND","CROUCH","SLIDE","GROUND_FIRE"],"ValidProcTypes":[],"ValidType":"","Value":0}]},"id":5136,"name":"Carnis Set Bonus","parent":"/Lotus/Types/Game/LotusArtifactUpgrades/BaseArtifactUpgrade","parents":["/Lotus/Types/Game/LotusArtifactUpgrades/BaseArtifactUpgrade","/Lotus/Types/Game/LotusArtifactUpgrade"],"path":"/Lotus/Upgrades/Mods/Sets/Ashen/AshenSetMod"},"/Lotus/Upgrades/Mods/Sets/Augur/AugurSetMod":{"data":{"CodexSecret":1,"FusionLimit":"QA_VERY_HIGH","Icon":"/Lotus/Interface/Cards/Images/Cubic.png","InstallEffect":"/Lotus/Fx/Interface/ModSets/AugurInstall","InstallSound":"/Lotus/Sounds/UI/NewUI/Common/UICommonAccent","LocalizeDescTag":"","LocalizeTag":"/Lotus/Language/Items/EmptyArtifact","ModSetIcon":"/Lotus/Interface/Cards/Images/Sets/Augur/AugurHeader.png","NumUpgradesInSet":6,"ProductCategory":"Upgrades","Rarity":"RARE","RectangleIcon":1,"Slotted":0,"Upgrades":[{"AutoType":0,"DamageType":"DT_ANY","InvalidModifiers":[],"LocKeyWordScript":{"Function":"GetDescriptionInfo","Script":"/Lotus/Scripts/Mods/ModDescriptionStats.lua","_absoluteValue":[0],"_addPlusses":[0],"_displayAsPercent":[1],"_maxDecimals":[1,0],"_multiplyDown":[0]},"LocTag":"/Lotus/Language/Upgrades/WarframeAugurSetDesc","OperationType":"STACKING_MULTIPLY","OverrideLocalization":1,"RoundTo":0.1,"RoundingMode":"RM_ROUND","SmallerIsBetter":0,"SymbolFilter":"","UpgradeObject":"","UpgradeType":"AVATAR_ABILITY_ENERGY_TO_OVERSHIELD","ValidModifiers":[],"ValidPostures":[],"ValidProcTypes":[],"ValidType":"","Value":0.4}]},"id":2473,"name":"Unfused Artifact","parent":"/Lotus/Types/Game/LotusArtifactUpgrades/BaseArtifactUpgrade","parents":["/Lotus/Types/Game/LotusArtifactUpgrades/BaseArtifactUpgrade","/Lotus/Types/Game/LotusArtifactUpgrade"],"path":"/Lotus/Upgrades/Mods/Sets/Augur/AugurSetMod"},"/Lotus/Upgrades/Mods/Sets/Boneblade/BonebladeSetMod":{"data":{"ApplyUpgradesByDefault":0,"CodexSecret":1,"ConditionalUpgrades":["/Lotus/Upgrades/CosmeticEnhancers/Offensive/OnGroundSlamConditionBoneblade"],"FusionLimit":"QA_VERY_HIGH","HudBuffIcon":"/Lotus/Interface/Icons/ModBuffIndicators/CritChanceModifier.png","Icon":"/Lotus/Interface/Cards/Images/Cubic.png","IncompatibilityTags":["POWER_WEAPON"],"InstallEffect":"/Lotus/Fx/Interface/ModSets/BonebladeInstall","InstallSound":"/Lotus/Sounds/UI/NewUI/Common/UICommonAccent","LocalizeDescTag":"","LocalizeTag":"/Lotus/Language/Mods/BonebladeSetModName","ModSetIcon":"/Lotus/Interface/Cards/Images/Sets/Boneblade/BonebladeHeader.png","NumUpgradesInSet":3,"PlayEffect":0,"ProductCategory":"Upgrades","Rarity":"RARE","RectangleIcon":1,"Script":{"Function":"ActivateAbility","Script":"BonebladeModTentacleAbility.lua","_burstDelay":1,"_coolDown":[12,9,6],"_damageTrigType":"/Lotus/Types/Enemies/Infested/AiWeek/GreyStrain/BoneBlade/BoneBladePunctureDamageTrig","_digFxType":"/Lotus/Fx/Enemies/Zombies/BoneBlade/BoneBladeTentacleEntrance","_groundFxType":"/Lotus/Types/Enemies/Infested/AiWeek/GreyStrain/BoneBlade/BoneBladeTentacleGroundExp","_groundPreFxType":"/Lotus/Fx/Enemies/Zombies/BoneBlade/BoneBladeTentaclePreStab","_maxRange":60,"_minRange":10,"_numTentacles":2,"_numWaves":1,"_punctureDamage":[25,50,75],"_spawnRadius":[3,6,10],"_stunTime":[1,2,3],"_tentacleHelperType":"/Lotus/Types/Enemies/Infested/AiWeek/GreyStrain/BoneBlade/BoneBladeTentacleModHelper"},"Slotted":0,"StatusDescTag":"/Lotus/Language/Buffs/JugulusSetBonusBuffDesc","UpgradeChance":1,"UpgradeDuration":1,"Upgrades":[{"AllowConditionalLocMerge":0,"AutoType":1,"DamageType":"DT_ANY","InvalidModifiers":[],"LocKeyWordScript":{"Function":"GetDescriptionInfo","Script":"BonebladeModTentacleAbility.lua","_burstDelay":1,"_coolDown":[12,9,6],"_damageTrigType":"/Lotus/Types/Enemies/Infested/AiWeek/GreyStrain/BoneBlade/BoneBladePunctureDamageTrig","_digFxType":"/Lotus/Fx/Enemies/Zombies/BoneBlade/BoneBladeTentacleEntrance","_groundFxType":"/Lotus/Types/Enemies/Infested/AiWeek/GreyStrain/BoneBlade/BoneBladeTentacleGroundExp","_groundPreFxType":"/Lotus/Fx/Enemies/Zombies/BoneBlade/BoneBladeTentaclePreStab","_maxRange":60,"_minRange":10,"_numTentacles":2,"_numWaves":1,"_punctureDamage":[25,50,75],"_spawnRadius":[3,6,10],"_stunTime":[1,2,3],"_tentacleHelperType":"/Lotus/Types/Enemies/Infested/AiWeek/GreyStrain/BoneBlade/BoneBladeTentacleModHelper"},"LocTag":"/Lotus/Language/Upgrades/BonebladeSetDesc","OperationType":"ADD","OverrideLocalization":1,"RoundTo":0.1,"RoundingMode":"RM_ROUND","SmallerIsBetter":0,"SymbolFilter":"","UpgradeObject":"","UpgradeType":"NONE","ValidModifiers":["PM_HEAVY_MELEE"],"ValidPostures":[],"ValidProcTypes":[],"ValidType":"","Value":0}]},"id":5135,"name":"Jugulus Set Bonus","parent":"/Lotus/Types/Game/LotusArtifactUpgrades/BaseArtifactUpgrade","parents":["/Lotus/Types/Game/LotusArtifactUpgrades/BaseArtifactUpgrade","/Lotus/Types/Game/LotusArtifactUpgrade"],"path":"/Lotus/Upgrades/Mods/Sets/Boneblade/BonebladeSetMod"},"/Lotus/Upgrades/Mods/Sets/Boreal/BorealSetMod":{"data":{"CodexSecret":1,"ConditionalUpgrades":["/Lotus/Upgrades/CosmeticEnhancers/Offensive/OnComboTierCondition"],"FusionLimit":"QA_VERY_HIGH","HudBuffIcon":"/Lotus/Interface/Icons/ModBuffIndicators/BorealSpeedBuff.png","Icon":"/Lotus/Interface/Cards/Images/Cubic.png","IncompatibilityTags":["POWER_WEAPON"],"InstallEffect":"/Lotus/Fx/Interface/ModSets/ArchonInstall","InstallSound":"/Lotus/Sounds/UI/NewUI/Common/UICommonAccent","IsInfinite":1,"LocalizeDescTag":"","LocalizeTag":"/Lotus/Language/Mods/BorealSetMod","MaxConditionalStacks":11,"ModSetIcon":"/Lotus/Interface/Cards/Images/Sets/Boreal/BorealHeader.png","NumUpgradesInSet":3,"PlayEffect":0,"ProductCategory":"Upgrades","Rarity":"RARE","RectangleIcon":1,"Slotted":0,"StackMode":"SM_DECAY","UpgradeChance":1,"UpgradeDuration":1,"Upgrades":[{"AutoType":0,"DamageType":"DT_ANY","DisplayAsMultiplier":0,"DisplayAsPercent":1,"InvalidModifiers":[],"LocKeyWordScript":{"Script":""},"LocTag":"/Lotus/Language/Upgrades/BorealSetBonus","OperationType":"STACKING_MULTIPLY","OverrideLocalization":1,"ReverseValueSymbol":1,"RoundTo":0.1,"RoundingMode":"RM_ROUND","SmallerIsBetter":1,"SymbolFilter":"","UpgradeObject":"","UpgradeType":"AVATAR_DAMAGE_TAKEN","ValidModifiers":["PM_IN_AIR"],"ValidPostures":[],"ValidProcTypes":[],"ValidType":"","Value":-0.2},{"AutoType":0,"DamageType":"DT_ANY","DisplayAsMultiplier":0,"DisplayAsPercent":1,"InvalidModifiers":[],"LocKeyWordScript":{"Script":""},"LocTag":"","OperationType":"STACKING_MULTIPLY","OverrideLocalization":1,"ReverseValueSymbol":1,"RoundTo":0.1,"RoundingMode":"RM_ROUND","SmallerIsBetter":1,"SymbolFilter":"","UpgradeObject":"","UpgradeType":"AVATAR_DAMAGE_TAKEN","ValidModifiers":["PM_AIRBORNE"],"ValidPostures":[],"ValidProcTypes":[],"ValidType":"","Value":-0.2},{"AutoType":0,"DamageType":"DT_ANY","DisplayAsMultiplier":0,"DisplayAsPercent":1,"InvalidModifiers":[],"LocKeyWordScript":{"Script":""},"LocTag":"","OperationType":"STACKING_MULTIPLY","OverrideLocalization":1,"ReverseValueSymbol":1,"RoundTo":0.1,"RoundingMode":"RM_ROUND","SmallerIsBetter":1,"SymbolFilter":"","UpgradeObject":"","UpgradeType":"AVATAR_DAMAGE_TAKEN","ValidModifiers":["PM_IN_AIR","PM_AIRBORNE"],"ValidPostures":[],"ValidProcTypes":[],"ValidType":"","Value":0.2}]},"id":5745,"name":"Boreal Set Bonus","parent":"/Lotus/Types/Game/LotusArtifactUpgrades/BaseArtifactUpgrade","parents":["/Lotus/Types/Game/LotusArtifactUpgrades/BaseArtifactUpgrade","/Lotus/Types/Game/LotusArtifactUpgrade"],"path":"/Lotus/Upgrades/Mods/Sets/Boreal/BorealSetMod"},"/Lotus/Upgrades/Mods/Sets/Femur/FemurSetMod":{"data":{"ApplyUpgradesByDefault":0,"CanReproc":0,"CodexSecret":1,"ConditionalUpgrades":["/Lotus/Upgrades/CosmeticEnhancers/Offensive/OnLiftedKillCondition"],"DurationScalesWithRank":0,"FusionLimit":"QA_VERY_HIGH","HudBuffIcon":"/Lotus/Interface/Icons/ModBuffIndicators/IncreasedDamage.png","Icon":"/Lotus/Interface/Cards/Images/Cubic.png","InstallSound":"/Lotus/Sounds/UI/NewUI/Common/UICommonAccent","LocalizeDescTag":"","LocalizeTag":"/Lotus/Language/Mods/FemurSetModName","ModSetIcon":"/Lotus/Interface/Cards/Images/Sets/Femur/FemurHeader.png","NumUpgradesInSet":3,"ProductCategory":"Upgrades","Rarity":"RARE","RectangleIcon":1,"Script":{"Function":"ActivateAbility","Script":"FemurModSetBonusAbility.lua","_damageRadius":[4,8,12],"_explosionFx":"/Lotus/Fx/Weapons/UniqueMods/BeamExplodeOnDeath","_healthPct":[0.1,0.2,0.3],"_knockbackImpulse":50,"_knockbackRadius":[2,4,6]},"Slotted":0,"StatusDescTag":"/Lotus/Language/Buffs/ModCooldownDesc","UpgradeChance":1,"UpgradeDuration":6,"Upgrades":[{"AllowConditionalLocMerge":0,"AutoType":1,"DamageType":"DT_ANY","InvalidModifiers":[],"LocKeyWordScript":{"Function":"GetDescriptionInfo","Script":"FemurModSetBonusAbility.lua","_damageRadius":[4,8,12],"_explosionFx":"","_healthPct":[0.1,0.2,0.3],"_knockbackImpulse":50,"_knockbackRadius":[2,4,6]},"LocTag":"/Lotus/Language/Upgrades/LiftedEnemiesExplodeImpactDamageDesc","OperationType":"ADD","OverrideLocalization":1,"RoundTo":0.1,"RoundingMode":"RM_ROUND","SmallerIsBetter":0,"SymbolFilter":"","UpgradeObject":"","UpgradeType":"NONE","ValidModifiers":[],"ValidPostures":[],"ValidProcTypes":[],"ValidType":"","Value":0}],"UseDebuffIcon":1},"id":5134,"name":"Saxum Set Bonus","parent":"/Lotus/Types/Game/LotusArtifactUpgrades/BaseArtifactUpgrade","parents":["/Lotus/Types/Game/LotusArtifactUpgrades/BaseArtifactUpgrade","/Lotus/Types/Game/LotusArtifactUpgrade"],"path":"/Lotus/Upgrades/Mods/Sets/Femur/FemurSetMod"},"/Lotus/Upgrades/Mods/Sets/Gladiator/GladiatorSetMod":{"data":{"ApplyUpgradesByDefault":0,"CodexSecret":1,"ConditionalUpgrades":["/Lotus/Upgrades/CosmeticEnhancers/Offensive/OnComboTierCondition"],"FusionLimit":"QA_VERY_HIGH","HudBuffIcon":"/Lotus/Interface/Icons/ModBuffIndicators/CritChanceModifier.png","Icon":"/Lotus/Interface/Cards/Images/Cubic.png","InstallEffect":"/Lotus/Fx/Interface/ModSets/GladiatorInstall","InstallSound":"/Lotus/Sounds/UI/NewUI/Common/UICommonAccent","IsInfinite":1,"ItemCompatibility":"/Lotus/Weapons/Tenno/Melee/PlayerMeleeWeapon","LocalizeDescTag":"","LocalizeTag":"/Lotus/Language/Mods/MeleeGladiatorSetModName","MaxConditionalStacks":11,"ModSetIcon":"/Lotus/Interface/Cards/Images/Sets/Gladiator/GladiatorHeader.png","NumUpgradesInSet":6,"PlayEffect":0,"ProductCategory":"Upgrades","Rarity":"RARE","RectangleIcon":1,"Slotted":0,"StackMode":"SM_DECAY","StatusDescTag":"/Lotus/Language/Buffs/BloodRushBuffDesc","TransferenceSupport":"TS_WARFRAME_ONLY","UpgradeChance":1,"UpgradeDuration":1,"Upgrades":[{"AllowConditionalLocMerge":0,"AutoType":1,"DamageType":"DT_ANY","InvalidModifiers":[],"LocKeyWordScript":{"Function":"GetDescriptionInfo","Script":"/Lotus/Scripts/Mods/ModDescriptionStats.lua","_absoluteValue":[0],"_addPlusses":[0],"_displayAsPercent":[1],"_maxDecimals":[1,0],"_multiplyDown":[0]},"LocTag":"/Lotus/Language/Upgrades/WarframeGladiatorSetDesc","OperationType":"STACKING_MULTIPLY","OverrideLocalization":1,"RoundTo":0.1,"RoundingMode":"RM_ROUND","SmallerIsBetter":0,"SymbolFilter":"","UpgradeObject":"","UpgradeType":"WEAPON_CRIT_CHANCE","ValidModifiers":[],"ValidPostures":[],"ValidProcTypes":[],"ValidType":"/Lotus/Weapons/Tenno/Melee/PlayerMeleeWeapon","Value":0.1}]},"id":2474,"name":"Gladiator Set Bonus","parent":"/Lotus/Types/Game/LotusArtifactUpgrades/BaseArtifactUpgrade","parents":["/Lotus/Types/Game/LotusArtifactUpgrades/BaseArtifactUpgrade","/Lotus/Types/Game/LotusArtifactUpgrade"],"path":"/Lotus/Upgrades/Mods/Sets/Gladiator/GladiatorSetMod"},"/Lotus/Upgrades/Mods/Sets/Hawk/HawkSetMod":{"data":{"BaseDrain":"QA_NONE","CodexSecret":1,"FusionLimit":"QA_MEDIUM","Icon":"/Lotus/Interface/Cards/Images/Cubic.png","InstallEffect":"/Lotus/Fx/Interface/ModSets/AugurInstall","InstallSound":"/Lotus/Sounds/UI/NewUI/Common/UICommonAccent","LocalizeDescTag":"","LocalizeTag":"/Lotus/Language/Items/EmptyArtifact","ModSetIcon":"/Lotus/Interface/Cards/Images/Sets/Hawk/HawkHeader.png","NumUpgradesInSet":3,"ProductCategory":"Upgrades","Rarity":"RARE","RectangleIcon":1,"Script":{"Function":"StartMod","Script":"/Lotus/Scripts/Mods/HawkSetPassive.lua","_markedFX":"/Lotus/Upgrades/Mods/Sets/Hawk/HawkMarkAttach","_maxMarkedEnemies":5,"_minSleepTime":2,"_sleepTime":[3,6,9],"_wakeUpDamageThreshold":25},"Slotted":0,"TradeCapability":"RO_NEVER","UpgradeChance":1,"Upgrades":[{"AutoType":0,"DamageType":"DT_ANY","InvalidModifiers":[],"LocKeyWordScript":{"Function":"GetDescriptionInfo","Script":"/Lotus/Scripts/Mods/HawkSetPassive.lua","_markedFX":"","_maxMarkedEnemies":5,"_minSleepTime":2,"_sleepTime":[3,6,9],"_wakeUpDamageThreshold":25},"LocTag":"/Lotus/Language/Mods/HawkSetPassiveDesc","OperationType":"STACKING_MULTIPLY","OverrideLocalization":1,"RoundTo":0.1,"RoundingMode":"RM_ROUND","SmallerIsBetter":0,"SymbolFilter":"","UpgradeObject":"","UpgradeType":"NONE","ValidModifiers":[],"ValidPostures":[],"ValidProcTypes":[],"ValidType":"","Value":0.5}]},"id":2535,"name":"Unfused Artifact","parent":"/Lotus/Types/Game/LotusArtifactUpgrades/BaseArtifactUpgrade","parents":["/Lotus/Types/Game/LotusArtifactUpgrades/BaseArtifactUpgrade","/Lotus/Types/Game/LotusArtifactUpgrade"],"path":"/Lotus/Upgrades/Mods/Sets/Hawk/HawkSetMod"},"/Lotus/Upgrades/Mods/Sets/Hunter/HunterSetMod":{"data":{"CodexSecret":1,"FusionLimit":"QA_VERY_HIGH","Icon":"/Lotus/Interface/Cards/Images/Cubic.png","InstallEffect":"/Lotus/Fx/Interface/ModSets/HunterInstall","InstallSound":"/Lotus/Sounds/UI/NewUI/Common/UICommonAccent","ItemCompatibility":"/Lotus/Types/Game/SentinelPowerSuit","LocalizeDescTag":"","LocalizeTag":"/Lotus/Language/Items/EmptyArtifact","ModSetIcon":"/Lotus/Interface/Cards/Images/Sets/Hunter/HunterHeader.png","NumUpgradesInSet":6,"ProductCategory":"Upgrades","Rarity":"RARE","RectangleIcon":1,"Slotted":0,"Upgrades":[{"AllowConditionalLocMerge":0,"AutoType":0,"CheckTypeOnInstall":0,"DamageType":"DT_ANY","InvalidModifiers":[],"LocKeyWordScript":{"Function":"GetDescriptionInfo","Script":"/Lotus/Scripts/Mods/ModDescriptionStats.lua","_absoluteValue":[0],"_addPlusses":[0],"_displayAsPercent":[1],"_maxDecimals":[1,0],"_multiplyDown":[0]},"LocTag":"/Lotus/Language/Upgrades/WarframeHunterSetDesc","OperationType":"STACKING_MULTIPLY","OverrideLocalization":1,"RoundTo":0.1,"RoundingMode":"RM_ROUND","SmallerIsBetter":0,"SymbolFilter":"","UpgradeObject":"","UpgradeType":"WEAPON_DAMAGE_IF_VICTIM_PROC_ACTIVE","ValidModifiers":[],"ValidPostures":[],"ValidProcTypes":["PT_BLEEDING"],"ValidType":"/Lotus/Types/Friendly/Pets/BeastPetMeleeWeaponBase","Value":0.25}]},"id":2475,"name":"Unfused Artifact","parent":"/Lotus/Types/Game/LotusArtifactUpgrades/BaseArtifactUpgrade","parents":["/Lotus/Types/Game/LotusArtifactUpgrades/BaseArtifactUpgrade","/Lotus/Types/Game/LotusArtifactUpgrade"],"path":"/Lotus/Upgrades/Mods/Sets/Hunter/HunterSetMod"},"/Lotus/Upgrades/Mods/Sets/Mecha/MechaSetMod":{"data":{"Ability":{"ActivationXP":0,"Blocking":0,"EnergyRequiredToActivate":0,"EvaluateScript":0,"Script":{"Function":"ActivateAbility","Script":"/Lotus/Types/Friendly/Pets/KubrowPetBehaviors/KubrowMarkMechaAbility.lua","_armorBonus":[0.15,0.3,0.45,0.6],"_armorDuration":[5,10,15,20],"_armorEnemyRange":[7.5,15,22.5,30],"_markCooldown":[60,45,30,15],"_markDuration":[3,6,9,12],"_markRange":30,"_markedDeathFx":"/Lotus/Fx/Weapons/UniqueMods/BeamExplodeOnDeath","_markedFx":"/Lotus/Fx/Kubrow/Powers/MechaMarkAttach","_pulseModWRes":"/Lotus/Upgrades/Mods/Sets/Mecha/WarframeMechaPulseMod","_statusSpreadRange":[7.5,15,22.5,30]}},"ArtifactPolarity":"AP_ATTACK","BaseDrain":"QA_MEDIUM","CodexSecret":1,"FusionLimit":"QA_VERY_HIGH","Icon":"/Lotus/Interface/Cards/Images/PreceptPlaceholder.png","IncompatibilityTags":["HELMINTH_MOD"],"InstallEffect":"/Lotus/Fx/Interface/ModSets/HunterInstall","InstallSound":"/Lotus/Sounds/UI/NewUI/Common/UICommonAccent","ItemCompatibility":"/Lotus/Types/Game/KubrowPet/KubrowPetPowerSuit","LocalizeDescTag":"","LocalizeTag":"","ModSetIcon":"/Lotus/Interface/Cards/Images/Sets/Mecha/MechaHeader.png","NumUpgradesInSet":4,"Rarity":"RARE","Upgrades":[{"AutoType":1,"DamageType":"DT_ANY","InvalidModifiers":[],"LocKeyWordScript":{"Function":"GetDescription","Script":"/Lotus/Types/Friendly/Pets/KubrowPetBehaviors/KubrowMarkMechaAbility.lua","_armorBonus":[0.15,0.3,0.45,0.6],"_armorDuration":[5,10,15,20],"_armorEnemyRange":[7.5,15,22.5,30],"_markCooldown":[60,45,30,15],"_markDuration":[3,6,9,12],"_markRange":30,"_markedDeathFx":"","_markedFx":"","_pulseModWRes":"","_statusSpreadRange":[7.5,15,22.5,30]},"LocTag":"/Lotus/Language/Upgrades/MechaModSetBonus","OperationType":"ADD","OverrideLocalization":1,"RoundTo":0.1,"RoundingMode":"RM_ROUND","SmallerIsBetter":0,"SymbolFilter":"","UpgradeObject":"","UpgradeType":"NONE","ValidModifiers":[],"ValidPostures":[],"ValidProcTypes":[],"ValidType":"","Value":0}]},"id":2478,"parent":"/Lotus/Types/Game/SentinelPrecept","parents":["/Lotus/Types/Game/SentinelPrecept"],"path":"/Lotus/Upgrades/Mods/Sets/Mecha/MechaSetMod"},"/Lotus/Upgrades/Mods/Sets/Nira/NiraSetMod":{"data":{"CanReproc":0,"CanReprocPvp":0,"CodexSecret":1,"ConditionalUpgrades":["/Lotus/Upgrades/CosmeticEnhancers/Offensive/OnGroundSlamConditionBoneblade"],"DurationScalesWithRank":0,"FusionLimit":"QA_MEDIUM","Icon":"/Lotus/Interface/Cards/Images/Cubic.png","IncompatibilityTags":["POWER_WEAPON"],"InstallEffect":"/Lotus/Fx/Interface/ModSets/ArchonInstall","InstallSound":"/Lotus/Sounds/UI/NewUI/Common/UICommonAccent","ItemCompatibility":"/Lotus/Weapons/Tenno/Melee/PlayerMeleeWeapon","LocalizeDescTag":"","LocalizeTag":"/Lotus/Language/Mods/BorealSetMod","ModSetIcon":"/Lotus/Interface/Cards/Images/Sets/Nira/NiraHeader.png","NumUpgradesInSet":3,"ProductCategory":"Upgrades","Rarity":"RARE","RectangleIcon":1,"Slotted":0,"UpgradeChance":1,"UpgradeDuration":0.5,"Upgrades":[{"AllowConditionalLocMerge":0,"AutoType":1,"CheckTypeOnInstall":0,"DamageType":"DT_ANY","DisplayAsMultiplier":0,"DisplayAsPercent":1,"InvalidModifiers":[],"LocKeyWordScript":{"Script":""},"LocTag":"/Lotus/Language/Upgrades/NiraSetBonus","OperationType":"STACKING_MULTIPLY","OverrideLocalization":1,"ReverseValueSymbol":0,"RoundTo":0.1,"RoundingMode":"RM_ROUND","SmallerIsBetter":0,"SymbolFilter":"","UpgradeObject":"","UpgradeType":"WEAPON_MELEE_SLAM_DAMAGE_BONUS","ValidModifiers":[],"ValidPostures":[],"ValidProcTypes":[],"ValidType":"","Value":1.5}]},"id":5747,"name":"Boreal Set Bonus","parent":"/Lotus/Types/Game/LotusArtifactUpgrades/BaseArtifactUpgrade","parents":["/Lotus/Types/Game/LotusArtifactUpgrades/BaseArtifactUpgrade","/Lotus/Types/Game/LotusArtifactUpgrade"],"path":"/Lotus/Upgrades/Mods/Sets/Nira/NiraSetMod"},"/Lotus/Upgrades/Mods/Sets/Raptor/RaptorSetMod":{"data":{"BaseDrain":"QA_NONE","CodexSecret":1,"FusionLimit":"QA_MEDIUM","Icon":"/Lotus/Interface/Cards/Images/Cubic.png","InstallEffect":"/Lotus/Fx/Interface/ModSets/AugurInstall","InstallSound":"/Lotus/Sounds/UI/NewUI/Common/UICommonAccent","LocalizeDescTag":"","LocalizeTag":"/Lotus/Language/Items/EmptyArtifact","ModSetIcon":"/Lotus/Interface/Cards/Images/Sets/Raptor/RaptorHeader.png","NumUpgradesInSet":3,"ProductCategory":"Upgrades","Rarity":"RARE","RectangleIcon":1,"Slotted":0,"TradeCapability":"RO_NEVER","UpgradeChance":1,"Upgrades":[{"AutoType":0,"DamageType":"DT_ANY","DisplayAsMultiplier":0,"DisplayAsPercent":1,"InvalidModifiers":[],"LocKeyWordScript":{"Script":""},"LocTag":"/Lotus/Language/Mods/RaptorSetModPassiveDesc","OperationType":"ADD","OverrideLocalization":1,"ReverseValueSymbol":0,"RoundTo":1,"RoundingMode":"RM_ROUND","SmallerIsBetter":0,"SymbolFilter":"PT_STAGGERED","UpgradeObject":"","UpgradeType":"AVATAR_INJURY_BLOCK_CHANCE","ValidModifiers":["PM_IN_AIR"],"ValidPostures":[],"ValidProcTypes":[],"ValidType":"","Value":0.334},{"AutoType":0,"DamageType":"DT_ANY","DisplayAsMultiplier":0,"DisplayAsPercent":0,"InvalidModifiers":[],"LocKeyWordScript":{"Script":""},"LocTag":"","OperationType":"ADD","OverrideLocalization":1,"ReverseValueSymbol":0,"RoundTo":0.1,"RoundingMode":"RM_ROUND","SmallerIsBetter":0,"SymbolFilter":"PT_BIG_STAGGER","UpgradeObject":"","UpgradeType":"AVATAR_INJURY_BLOCK_CHANCE","ValidModifiers":["PM_IN_AIR"],"ValidPostures":[],"ValidProcTypes":[],"ValidType":"","Value":0.334},{"AutoType":0,"DamageType":"DT_ANY","DisplayAsMultiplier":0,"DisplayAsPercent":0,"InvalidModifiers":[],"LocKeyWordScript":{"Script":""},"LocTag":"","OperationType":"ADD","OverrideLocalization":1,"ReverseValueSymbol":0,"RoundTo":0.1,"RoundingMode":"RM_ROUND","SmallerIsBetter":0,"SymbolFilter":"PT_STUNNED","UpgradeObject":"","UpgradeType":"AVATAR_INJURY_BLOCK_CHANCE","ValidModifiers":["PM_IN_AIR"],"ValidPostures":[],"ValidProcTypes":[],"ValidType":"","Value":0.334},{"AutoType":0,"DamageType":"DT_ANY","DisplayAsMultiplier":0,"DisplayAsPercent":0,"InvalidModifiers":[],"LocKeyWordScript":{"Script":""},"LocTag":"","OperationType":"ADD","OverrideLocalization":1,"ReverseValueSymbol":0,"RoundTo":0.1,"RoundingMode":"RM_ROUND","SmallerIsBetter":0,"SymbolFilter":"PT_KNOCKED_DOWN","UpgradeObject":"","UpgradeType":"AVATAR_INJURY_BLOCK_CHANCE","ValidModifiers":["PM_IN_AIR"],"ValidPostures":[],"ValidProcTypes":[],"ValidType":"","Value":0.334},{"AutoType":0,"DamageType":"DT_ANY","DisplayAsMultiplier":0,"DisplayAsPercent":0,"InvalidModifiers":[],"LocKeyWordScript":{"Script":""},"LocTag":"","OperationType":"ADD","OverrideLocalization":1,"ReverseValueSymbol":0,"RoundTo":0.1,"RoundingMode":"RM_ROUND","SmallerIsBetter":0,"SymbolFilter":"PT_RAGDOLL","UpgradeObject":"","UpgradeType":"AVATAR_INJURY_BLOCK_CHANCE","ValidModifiers":["PM_IN_AIR"],"ValidPostures":[],"ValidProcTypes":[],"ValidType":"","Value":0.334},{"AutoType":0,"DamageType":"DT_ANY","DisplayAsMultiplier":0,"DisplayAsPercent":0,"InvalidModifiers":[],"LocKeyWordScript":{"Script":""},"LocTag":"","OperationType":"ADD","OverrideLocalization":1,"ReverseValueSymbol":0,"RoundTo":0.1,"RoundingMode":"RM_ROUND","SmallerIsBetter":0,"SymbolFilter":"PT_KNOCKBACK","UpgradeObject":"","UpgradeType":"AVATAR_INJURY_BLOCK_CHANCE","ValidModifiers":["PM_IN_AIR"],"ValidPostures":[],"ValidProcTypes":[],"ValidType":"","Value":0.334},{"AutoType":0,"DamageType":"DT_ANY","DisplayAsMultiplier":0,"DisplayAsPercent":0,"InvalidModifiers":[],"LocKeyWordScript":{"Script":""},"LocTag":"","OperationType":"ADD","OverrideLocalization":1,"ReverseValueSymbol":0,"RoundTo":0.1,"RoundingMode":"RM_ROUND","SmallerIsBetter":0,"SymbolFilter":"PT_STAGGERED","UpgradeObject":"","UpgradeType":"AVATAR_INJURY_BLOCK_CHANCE","ValidModifiers":["PM_AIRBORNE"],"ValidPostures":[],"ValidProcTypes":[],"ValidType":"","Value":0.334},{"AutoType":0,"DamageType":"DT_ANY","DisplayAsMultiplier":0,"DisplayAsPercent":0,"InvalidModifiers":[],"LocKeyWordScript":{"Script":""},"LocTag":"","OperationType":"ADD","OverrideLocalization":1,"ReverseValueSymbol":0,"RoundTo":0.1,"RoundingMode":"RM_ROUND","SmallerIsBetter":0,"SymbolFilter":"PT_BIG_STAGGER","UpgradeObject":"","UpgradeType":"AVATAR_INJURY_BLOCK_CHANCE","ValidModifiers":["PM_AIRBORNE"],"ValidPostures":[],"ValidProcTypes":[],"ValidType":"","Value":0.334},{"AutoType":0,"DamageType":"DT_ANY","DisplayAsMultiplier":0,"DisplayAsPercent":0,"InvalidModifiers":[],"LocKeyWordScript":{"Script":""},"LocTag":"","OperationType":"ADD","OverrideLocalization":1,"ReverseValueSymbol":0,"RoundTo":0.1,"RoundingMode":"RM_ROUND","SmallerIsBetter":0,"SymbolFilter":"PT_STUNNED","UpgradeObject":"","UpgradeType":"AVATAR_INJURY_BLOCK_CHANCE","ValidModifiers":["PM_AIRBORNE"],"ValidPostures":[],"ValidProcTypes":[],"ValidType":"","Value":0.334},{"AutoType":0,"DamageType":"DT_ANY","DisplayAsMultiplier":0,"DisplayAsPercent":0,"InvalidModifiers":[],"LocKeyWordScript":{"Script":""},"LocTag":"","OperationType":"ADD","OverrideLocalization":1,"ReverseValueSymbol":0,"RoundTo":0.1,"RoundingMode":"RM_ROUND","SmallerIsBetter":0,"SymbolFilter":"PT_KNOCKED_DOWN","UpgradeObject":"","UpgradeType":"AVATAR_INJURY_BLOCK_CHANCE","ValidModifiers":["PM_AIRBORNE"],"ValidPostures":[],"ValidProcTypes":[],"ValidType":"","Value":0.334},{"AutoType":0,"DamageType":"DT_ANY","DisplayAsMultiplier":0,"DisplayAsPercent":0,"InvalidModifiers":[],"LocKeyWordScript":{"Script":""},"LocTag":"","OperationType":"ADD","OverrideLocalization":1,"ReverseValueSymbol":0,"RoundTo":0.1,"RoundingMode":"RM_ROUND","SmallerIsBetter":0,"SymbolFilter":"PT_RAGDOLL","UpgradeObject":"","UpgradeType":"AVATAR_INJURY_BLOCK_CHANCE","ValidModifiers":["PM_AIRBORNE"],"ValidPostures":[],"ValidProcTypes":[],"ValidType":"","Value":0.334},{"AutoType":0,"DamageType":"DT_ANY","DisplayAsMultiplier":0,"DisplayAsPercent":0,"InvalidModifiers":[],"LocKeyWordScript":{"Script":""},"LocTag":"","OperationType":"ADD","OverrideLocalization":1,"ReverseValueSymbol":0,"RoundTo":0.1,"RoundingMode":"RM_ROUND","SmallerIsBetter":0,"SymbolFilter":"PT_KNOCKBACK","UpgradeObject":"","UpgradeType":"AVATAR_INJURY_BLOCK_CHANCE","ValidModifiers":["PM_AIRBORNE"],"ValidPostures":[],"ValidProcTypes":[],"ValidType":"","Value":0.334}]},"id":2533,"name":"Unfused Artifact","parent":"/Lotus/Types/Game/LotusArtifactUpgrades/BaseArtifactUpgrade","parents":["/Lotus/Types/Game/LotusArtifactUpgrades/BaseArtifactUpgrade","/Lotus/Types/Game/LotusArtifactUpgrade"],"path":"/Lotus/Upgrades/Mods/Sets/Raptor/RaptorSetMod"},"/Lotus/Upgrades/Mods/Sets/Sacrifice/SacrificeSetMod":{"data":{"BuffSet":1,"CodexSecret":1,"FusionLimit":"QA_VERY_HIGH","Icon":"/Lotus/Interface/Cards/Images/Cubic.png","InstallEffect":"/Lotus/Fx/Interface/ModSets/UmbraInstall","InstallSound":"/Lotus/Sounds/UI/NewUI/Common/UICommonAccent","LocalizeDescTag":"","LocalizeTag":"/Lotus/Language/Items/EmptyArtifact","ModSetIcon":"/Lotus/Interface/Cards/Images/Sets/Umbra/UmbraHeader.png","NumUpgradesInSet":2,"ProductCategory":"Upgrades","Rarity":"RARE","RectangleIcon":1,"Slotted":0,"Upgrades":[{"AutoType":0,"DamageType":"DT_ANY","InvalidModifiers":[],"LocKeyWordScript":{"Function":"GetDescriptionInfo","Script":"/Lotus/Scripts/Mods/ModDescriptionStats.lua","_absoluteValue":[0],"_addPlusses":[0],"_displayAsPercent":[1],"_maxDecimals":[1,0],"_multiplyDown":[0]},"LocTag":"/Lotus/Language/Mods/WarframeUmbraModSetDesc","OperationType":"STACKING_MULTIPLY","OverrideLocalization":1,"RoundTo":0.1,"RoundingMode":"RM_ROUND","SmallerIsBetter":0,"SymbolFilter":"","UpgradeObject":"","UpgradeType":"NONE","ValidModifiers":[],"ValidPostures":[],"ValidProcTypes":["PT_BLEEDING"],"ValidType":"","Value":0},{"AutoType":0,"DamageType":"DT_ANY","DisplayAsMultiplier":0,"DisplayAsPercent":0,"InvalidModifiers":[],"LocKeyWordScript":{"Script":""},"LocTag":"","OperationType":"STACKING_MULTIPLY","OverrideLocalization":1,"ReverseValueSymbol":0,"RoundTo":0.1,"RoundingMode":"RM_ROUND","SmallerIsBetter":0,"SymbolFilter":"","UpgradeObject":"","UpgradeType":"NONE","ValidModifiers":[],"ValidPostures":[],"ValidProcTypes":[],"ValidType":"","Value":0.5},{"AutoType":0,"DamageType":"DT_ANY","DisplayAsMultiplier":0,"DisplayAsPercent":0,"InvalidModifiers":[],"LocKeyWordScript":{"Script":""},"LocTag":"","OperationType":"STACKING_MULTIPLY","OverrideLocalization":1,"ReverseValueSymbol":0,"RoundTo":0.1,"RoundingMode":"RM_ROUND","SmallerIsBetter":0,"SymbolFilter":"","UpgradeObject":"","UpgradeType":"NONE","ValidModifiers":[],"ValidPostures":[],"ValidProcTypes":[],"ValidType":"","Value":1}]},"id":2481,"name":"Unfused Artifact","parent":"/Lotus/Types/Game/LotusArtifactUpgrades/BaseArtifactUpgrade","parents":["/Lotus/Types/Game/LotusArtifactUpgrades/BaseArtifactUpgrade","/Lotus/Types/Game/LotusArtifactUpgrade"],"path":"/Lotus/Upgrades/Mods/Sets/Sacrifice/SacrificeSetMod"},"/Lotus/Upgrades/Mods/Sets/Spider/SpiderSetMod":{"data":{"ApplyUpgradesByDefault":0,"BaseDrain":"QA_NONE","CodexSecret":1,"ConditionalUpgrades":["/Lotus/Upgrades/CosmeticEnhancers/Utility/WhileWallLatchingCondition"],"FusionLimit":"QA_MEDIUM","HudBuffIcon":"/Lotus/Interface/Icons/ModBuffIndicators/DamageReduction.png","Icon":"/Lotus/Interface/Cards/Images/Cubic.png","InstallEffect":"/Lotus/Fx/Interface/ModSets/AugurInstall","InstallSound":"/Lotus/Sounds/UI/NewUI/Common/UICommonAccent","IsInfinite":1,"LocalizeDescTag":"","LocalizeTag":"/Lotus/Language/Mods/SpiderSetBonus","ModSetIcon":"/Lotus/Interface/Cards/Images/Sets/Spider/SpiderHeader.png","NumUpgradesInSet":3,"ProductCategory":"Upgrades","Rarity":"RARE","RectangleIcon":1,"Slotted":0,"TradeCapability":"RO_NEVER","UpgradeChance":1,"UpgradeDuration":1,"Upgrades":[{"AutoType":0,"DamageType":"DT_ANY","DisplayAsMultiplier":0,"DisplayAsPercent":1,"InvalidModifiers":[],"LocKeyWordScript":{"Script":""},"LocTag":"/Lotus/Language/Mods/SpiderSetModPassiveDesc","OperationType":"MULTIPLY","OverrideLocalization":1,"ReverseValueSymbol":0,"RoundTo":1,"RoundingMode":"RM_ROUND","SmallerIsBetter":0,"SymbolFilter":"","UpgradeObject":"","UpgradeType":"AVATAR_DAMAGE_TAKEN","ValidModifiers":[],"ValidPostures":[],"ValidProcTypes":[],"ValidType":"","Value":0.833}]},"id":2534,"name":"Proton Defenses","parent":"/Lotus/Types/Game/LotusArtifactUpgrades/BaseArtifactUpgrade","parents":["/Lotus/Types/Game/LotusArtifactUpgrades/BaseArtifactUpgrade","/Lotus/Types/Game/LotusArtifactUpgrade"],"path":"/Lotus/Upgrades/Mods/Sets/Spider/SpiderSetMod"},"/Lotus/Upgrades/Mods/Sets/Strain/StrainSetMod":{"data":{"Ability":{"ActivationXP":0,"Blocking":0,"EnergyRequiredToActivate":0,"EvaluateScript":0,"Script":{"Function":"ActivateAbility","Script":"/Lotus/Types/Friendly/Pets/KubrowPetBehaviors/KubrowChargerStrainAbility.lua","_consumeHealRate":[0.5,1,1.5,2],"_consumeHealth":[0.01,0.02,0.03,0.04],"_consumeMaggotType":"/Lotus/Upgrades/Mods/Sets/Strain/ConsumeMaggot","_consumeMod":"/Lotus/Upgrades/Mods/Sets/Strain/WarframeStrainConsumeMod","_cystBones":["GAME_C1_SPINE1","GAME_C1_SPINE2","GAME_C1_SPINE3","GAME_C1_SPINE1","GAME_C1_SPINE2","GAME_C1_SPINE3","GAME_L1_LEG1","GAME_R1_LEG1"],"_cystDeco":"/Lotus/Upgrades/Mods/Sets/Strain/StrainCystDeco","_cystDecoPopped":"/Lotus/Upgrades/Mods/Sets/Strain/StrainCystDecoPopped","_cystInterval":3,"_cystPositions":[[0,-0.05,0.08],[0,-0.1,0.08],[0,-0.07,0.12],[0,-0.1,-0.08],[0,-0.05,-0.08],[0,-0.12,-0.14],[-0.4,-0.05,-0.06],[0.4,0.05,0.06]],"_cystRotations":[[150,0,0],[120,0,45],[120,0,0],[-80,0,0],[-60,0,0],[-60,0,25],[-60,90,60],[120,-60,30]],"_cystSpawnMaggotFx":"/Lotus/Fx/PowersuitAbilities/Infestation/HelminthCystSpawnMaggot","_deadMaggotLifespan":25,"_eruptionDamage":[0.01,0.02,0.03,0.04],"_eruptionMod":"/Lotus/Upgrades/Mods/Sets/Strain/HelminthStrainEruptionMod","_eruptionRange":[2,4,6,8],"_evolveInterval":25,"_feverDamage":[0.1,0.2,0.3,0.4],"_feverMod":"/Lotus/Upgrades/Mods/Sets/Strain/HelminthStrainFeverMod","_infectionDamage":[0.05,0.1,0.15,0.2],"_infectionMod":"/Lotus/Upgrades/Mods/Sets/Strain/MeleeStrainInfectionMod","_maggotDuration":[3,6,9,12],"_maggotPickupFx":"","_maggotPullRange":5,"_maggotType":"/Lotus/Upgrades/Mods/Sets/Strain/StrainMaggotAgent","_maxCysts":[2,4,6,8],"_sizeIncreasePct":0.05},"SecondaryScripts":[{"executionMode":"EM_ALL","functionName":"","inheritPrimary":0,"scriptInstance":{"Function":"ManageSize","Script":"/Lotus/Types/Friendly/Pets/KubrowPetBehaviors/KubrowChargerStrainAbility.lua","_consumeHealRate":[0.5,1,1.5,2],"_consumeHealth":[0.01,0.02,0.03,0.04],"_consumeMaggotType":"","_consumeMod":"","_cystBones":[],"_cystDeco":"","_cystDecoPopped":"","_cystInterval":3,"_cystPositions":[[0,0,0]],"_cystRotations":[[0,0,0]],"_cystSpawnMaggotFx":"","_deadMaggotLifespan":25,"_eruptionDamage":[0.01,0.02,0.03,0.04],"_eruptionMod":"","_eruptionRange":[2,4,6,8],"_evolveInterval":25,"_feverDamage":[0.1,0.2,0.3,0.4],"_feverMod":"","_infectionDamage":[0.05,0.1,0.15,0.2],"_infectionMod":"","_maggotDuration":[3,6,9,12],"_maggotPickupFx":"","_maggotPullRange":5,"_maggotType":"","_maxCysts":[2,4,6,8],"_sizeIncreasePct":0.05},"tag":"ManageSize"}]},"ArtifactPolarity":"AP_ATTACK","BaseDrain":"QA_MEDIUM","CodexSecret":1,"FusionLimit":"QA_VERY_HIGH","Icon":"/Lotus/Interface/Cards/Images/PreceptPlaceholder.png","InstallEffect":"/Lotus/Fx/Interface/ModSets/HunterInstall","InstallSound":"/Lotus/Sounds/UI/NewUI/Common/UICommonAccent","ItemCompatibility":"/Lotus/Types/Game/KubrowPet/ChargerKubrowPetPowerSuit","LocalizeDescTag":"","LocalizeTag":"","ModSetIcon":"/Lotus/Interface/Cards/Images/Sets/Strain/StrainHeader.png","NumUpgradesInSet":4,"Rarity":"RARE","Upgrades":[{"AutoType":1,"DamageType":"DT_ANY","InvalidModifiers":[],"LocKeyWordScript":{"Function":"GetDescription","Script":"/Lotus/Types/Friendly/Pets/KubrowPetBehaviors/KubrowChargerStrainAbility.lua","_consumeHealRate":[0.5,1,1.5,2],"_consumeHealth":[0.01,0.02,0.03,0.04],"_consumeMaggotType":"","_consumeMod":"","_cystBones":[],"_cystDeco":"","_cystDecoPopped":"","_cystInterval":3,"_cystPositions":[[0,0,0]],"_cystRotations":[[0,0,0]],"_cystSpawnMaggotFx":"","_deadMaggotLifespan":25,"_eruptionDamage":[0.01,0.02,0.03,0.04],"_eruptionMod":"","_eruptionRange":[2,4,6,8],"_evolveInterval":25,"_feverDamage":[0.1,0.2,0.3,0.4],"_feverMod":"","_infectionDamage":[0.05,0.1,0.15,0.2],"_infectionMod":"","_maggotDuration":[3,6,9,12],"_maggotPickupFx":"","_maggotPullRange":5,"_maggotType":"","_maxCysts":[2,4,6,8],"_sizeIncreasePct":0.05},"LocTag":"/Lotus/Language/Upgrades/StrainModSetBonus","OperationType":"ADD","OverrideLocalization":1,"RoundTo":0.1,"RoundingMode":"RM_ROUND","SmallerIsBetter":0,"SymbolFilter":"","UpgradeObject":"","UpgradeType":"NONE","ValidModifiers":[],"ValidPostures":[],"ValidProcTypes":[],"ValidType":"","Value":0}]},"id":2472,"parent":"/Lotus/Types/Game/SentinelPrecept","parents":["/Lotus/Types/Game/SentinelPrecept"],"path":"/Lotus/Upgrades/Mods/Sets/Strain/StrainSetMod"},"/Lotus/Upgrades/Mods/Sets/Synth/SynthSetMod":{"data":{"CodexSecret":1,"FusionLimit":"QA_VERY_HIGH","Icon":"/Lotus/Interface/Cards/Images/Cubic.png","InstallEffect":"/Lotus/Fx/Interface/ModSets/HunterInstall","InstallSound":"/Lotus/Sounds/UI/NewUI/Common/UICommonAccent","ItemCompatibility":"/Lotus/Types/Game/PowerSuits/PlayerPowerSuit","LocalizeDescTag":"","LocalizeTag":"/Lotus/Language/Items/EmptyArtifact","ModSetIcon":"/Lotus/Interface/Cards/Images/Sets/Synth/SynthHeader.png","NumUpgradesInSet":4,"ProductCategory":"Upgrades","Rarity":"RARE","RectangleIcon":1,"Script":{"Function":"ActivateUpgrade","Script":"/Lotus/Types/Sentinels/SentinelAbilities/SynthSetMod.lua","_holsterReloadRate":[0.05,0.1,0.15,0.2,0.25],"_primaryAbilityIcon":"/Lotus/Upgrades/Mods/Sets/Synth/SynthSetPrimaryBuff","_secondaryAbilityIcon":"/Lotus/Upgrades/Mods/Sets/Synth/SynthSetSecondaryBuff"},"Slotted":0,"Upgrades":[{"AutoType":0,"DamageType":"DT_ANY","InvalidModifiers":[],"LocKeyWordScript":{"Function":"GetDescription","Script":"/Lotus/Types/Sentinels/SentinelAbilities/SynthSetMod.lua","_holsterReloadRate":[0.05,0.1,0.15,0.2,0.25],"_primaryAbilityIcon":"","_secondaryAbilityIcon":""},"LocTag":"/Lotus/Language/Upgrades/SynthModSetBonus","OperationType":"ADD","OverrideLocalization":1,"RoundTo":0.1,"RoundingMode":"RM_ROUND","SmallerIsBetter":0,"SymbolFilter":"","UpgradeObject":"","UpgradeType":"NONE","ValidModifiers":[],"ValidPostures":[],"ValidProcTypes":[],"ValidType":"","Value":0}]},"id":2476,"name":"Unfused Artifact","parent":"/Lotus/Types/Game/LotusArtifactUpgrades/BaseArtifactUpgrade","parents":["/Lotus/Types/Game/LotusArtifactUpgrades/BaseArtifactUpgrade","/Lotus/Types/Game/LotusArtifactUpgrade"],"path":"/Lotus/Upgrades/Mods/Sets/Synth/SynthSetMod"},"/Lotus/Upgrades/Mods/Sets/Tek/TekSetMod":{"data":{"Ability":{"ActivationXP":0,"Blocking":0,"EnergyRequiredToActivate":0,"EvaluateScript":0,"Script":{"Function":"ActivateAbility","Script":"/Lotus/Types/Friendly/Pets/CatbrowPetBehaviors/CatbrowTekSetAbility.lua","_collateralCritDmg":[0.25,0.5,0.75,1],"_collateralFx":"","_collateralModWRes":"","_cooldownPerLevel":[60,45,30,15],"_damageFx":"","_dpsPerLevel":[50,100,150,200],"_durationPerLevel":[2,4,6,8],"_gravityModWRes":"","_radiusPerLevel":[2,3,4,5],"_rangeDeco":"","_zoneTriggerType":"/Lotus/Upgrades/Mods/Sets/Tek/TekZoneTrigger"}},"ArtifactPolarity":"AP_ATTACK","BaseDrain":"QA_MEDIUM","CodexSecret":1,"FusionLimit":"QA_VERY_HIGH","Icon":"/Lotus/Interface/Cards/Images/PreceptPlaceholder.png","InstallEffect":"/Lotus/Fx/Interface/ModSets/HunterInstall","InstallSound":"/Lotus/Sounds/UI/NewUI/Common/UICommonAccent","ItemCompatibility":"/Lotus/Types/Game/CatbrowPet/CatbrowPetPowerSuit","LocalizeDescTag":"","LocalizeTag":"","ModSetIcon":"/Lotus/Interface/Cards/Images/Sets/Tek/TekHeader.png","NumUpgradesInSet":4,"Rarity":"RARE","Upgrades":[{"AutoType":1,"DamageType":"DT_ANY","InvalidModifiers":[],"LocKeyWordScript":{"Function":"GetDescription","Script":"/Lotus/Types/Friendly/Pets/CatbrowPetBehaviors/CatbrowTekSetAbility.lua","_collateralCritDmg":[0.25,0.5,0.75,1],"_collateralFx":"","_collateralModWRes":"","_cooldownPerLevel":[60,45,30,15],"_damageFx":"","_dpsPerLevel":[50,100,150,200],"_durationPerLevel":[2,4,6,8],"_gravityModWRes":"","_radiusPerLevel":[3,6,9,12],"_rangeDeco":"","_zoneTriggerType":""},"LocTag":"/Lotus/Language/Upgrades/TekModSetBonus","OperationType":"ADD","OverrideLocalization":1,"RoundTo":0.1,"RoundingMode":"RM_ROUND","SmallerIsBetter":0,"SymbolFilter":"","UpgradeObject":"","UpgradeType":"NONE","ValidModifiers":[],"ValidPostures":[],"ValidProcTypes":[],"ValidType":"","Value":0}]},"id":2479,"parent":"/Lotus/Types/Game/SentinelPrecept","parents":["/Lotus/Types/Game/SentinelPrecept"],"path":"/Lotus/Upgrades/Mods/Sets/Tek/TekSetMod"},"/Lotus/Upgrades/Mods/Sets/Umbra/UmbraSetMod":{"data":{"BuffSet":1,"CodexSecret":1,"FusionLimit":"QA_VERY_HIGH","Icon":"/Lotus/Interface/Cards/Images/Cubic.png","InstallEffect":"/Lotus/Fx/Interface/ModSets/UmbraInstall","InstallSound":"/Lotus/Sounds/UI/NewUI/Common/UICommonAccent","LocalizeDescTag":"","LocalizeTag":"/Lotus/Language/Items/EmptyArtifact","ModSetIcon":"/Lotus/Interface/Cards/Images/Sets/Umbra/UmbraHeader.png","NumUpgradesInSet":3,"ProductCategory":"Upgrades","Rarity":"RARE","RectangleIcon":1,"Slotted":0,"Upgrades":[{"AutoType":0,"DamageType":"DT_ANY","InvalidModifiers":[],"LocKeyWordScript":{"Function":"GetDescriptionInfo","Script":"/Lotus/Scripts/Mods/ModDescriptionStats.lua","_absoluteValue":[0],"_addPlusses":[0],"_displayAsPercent":[1],"_maxDecimals":[1,0],"_multiplyDown":[0]},"LocTag":"/Lotus/Language/Mods/WarframeUmbraModSetDesc","OperationType":"STACKING_MULTIPLY","OverrideLocalization":1,"RoundTo":0.1,"RoundingMode":"RM_ROUND","SmallerIsBetter":0,"SymbolFilter":"","UpgradeObject":"","UpgradeType":"NONE","ValidModifiers":[],"ValidPostures":[],"ValidProcTypes":["PT_BLEEDING"],"ValidType":"","Value":0},{"AutoType":0,"DamageType":"DT_ANY","DisplayAsMultiplier":0,"DisplayAsPercent":0,"InvalidModifiers":[],"LocKeyWordScript":{"Script":""},"LocTag":"","OperationType":"STACKING_MULTIPLY","OverrideLocalization":1,"ReverseValueSymbol":0,"RoundTo":0.1,"RoundingMode":"RM_ROUND","SmallerIsBetter":0,"SymbolFilter":"","UpgradeObject":"","UpgradeType":"NONE","ValidModifiers":[],"ValidPostures":[],"ValidProcTypes":[],"ValidType":"","Value":0.5},{"AutoType":0,"DamageType":"DT_ANY","DisplayAsMultiplier":0,"DisplayAsPercent":0,"InvalidModifiers":[],"LocKeyWordScript":{"Script":""},"LocTag":"","OperationType":"STACKING_MULTIPLY","OverrideLocalization":1,"ReverseValueSymbol":0,"RoundTo":0.1,"RoundingMode":"RM_ROUND","SmallerIsBetter":0,"SymbolFilter":"","UpgradeObject":"","UpgradeType":"NONE","ValidModifiers":[],"ValidPostures":[],"ValidProcTypes":[],"ValidType":"","Value":1}]},"id":2477,"name":"Unfused Artifact","parent":"/Lotus/Types/Game/LotusArtifactUpgrades/BaseArtifactUpgrade","parents":["/Lotus/Types/Game/LotusArtifactUpgrades/BaseArtifactUpgrade","/Lotus/Types/Game/LotusArtifactUpgrade"],"path":"/Lotus/Upgrades/Mods/Sets/Umbra/UmbraSetMod"},"/Lotus/Upgrades/Mods/Sets/Vigilante/VigilanteSetMod":{"data":{"CodexSecret":1,"FusionLimit":"QA_VERY_HIGH","Icon":"/Lotus/Interface/Cards/Images/Cubic.png","InstallEffect":"/Lotus/Fx/Interface/ModSets/VigilanteInstall","InstallSound":"/Lotus/Sounds/UI/NewUI/Common/UICommonAccent","ItemCompatibility":"/Lotus/Weapons/Tenno/LotusLongGun","LocalizeDescTag":"","LocalizeTag":"/Lotus/Language/Items/EmptyArtifact","ModSetIcon":"/Lotus/Interface/Cards/Images/Sets/Vigilante/VigilanteHeader.png","NumUpgradesInSet":6,"ProductCategory":"Upgrades","Rarity":"RARE","RectangleIcon":1,"Slotted":0,"Upgrades":[{"AllowConditionalLocMerge":0,"AutoType":0,"DamageType":"DT_ANY","InvalidModifiers":[],"LocKeyWordScript":{"Function":"GetDescriptionInfo","Script":"/Lotus/Scripts/Mods/ModDescriptionStats.lua","_absoluteValue":[0],"_addPlusses":[0],"_displayAsPercent":[1],"_maxDecimals":[1,0],"_multiplyDown":[0]},"LocTag":"/Lotus/Language/Upgrades/WarframeVigilanteSetDesc","OperationType":"ADD","OverrideLocalization":1,"RoundTo":0.1,"RoundingMode":"RM_ROUND","SmallerIsBetter":0,"SymbolFilter":"","UpgradeObject":"","UpgradeType":"WEAPON_DOUBLE_CRIT_CHANCE","ValidModifiers":[],"ValidPostures":[],"ValidProcTypes":[],"ValidType":"/Lotus/Weapons/Tenno/LotusLongGun","Value":0.05}]},"id":2480,"name":"Unfused Artifact","parent":"/Lotus/Types/Game/LotusArtifactUpgrades/BaseArtifactUpgrade","parents":["/Lotus/Types/Game/LotusArtifactUpgrades/BaseArtifactUpgrade","/Lotus/Types/Game/LotusArtifactUpgrade"],"path":"/Lotus/Upgrades/Mods/Sets/Vigilante/VigilanteSetMod"}}
