[{"title":"The Old Peace: Hotfix 41.0.2","url":"https://forums.warframe.com/topic/1480227-the-old-peace-hotfix-4102/","tag":"41.0.2","type":2,"timestamp":1765498352000},{"title":"The Old Peace: Hotfix 41.0.1","url":"https://forums.warframe.com/topic/1479283-the-old-peace-hotfix-4101/","tag":"41.0.1","type":2,"timestamp":1765412305000},{"title":"Update 41: The Old Peace","url":"https://forums.warframe.com/topic/1478634-update-41-the-old-peace/","tag":"41","type":0,"timestamp":1765382829000},{"title":"The Vallis Undermind: Hotfix 40.0.5 + 40.0.5.1","url":"https://forums.warframe.com/topic/1474626-the-vallis-undermind-hotfix-4005-40051/","tag":"40.0.5","type":2,"timestamp":1761681745000},{"title":"The Vallis Undermind: Hotfix 40.0.4","url":"https://forums.warframe.com/topic/1473933-the-vallis-undermind-hotfix-4004/","tag":"40.0.4","type":2,"timestamp":1761246320000},{"title":"The Vallis Undermind: Hotfix 40.0.3","url":"https://forums.warframe.com/topic/1473145-the-vallis-undermind-hotfix-4003/","tag":"40.0.3","type":2,"timestamp":1761070042000},{"title":"The Vallis Undermind: Hotfix 40.0.2","url":"https://forums.warframe.com/topic/1471801-the-vallis-undermind-hotfix-4002/","tag":"40.0.2","type":2,"timestamp":1760645791000},{"title":"The Vallis Undermind: Hotfix 40.0.1","url":"https://forums.warframe.com/topic/1471164-the-vallis-undermind-hotfix-4001/","tag":"40.0.1","type":2,"timestamp":1760559652000},{"title":"Update 40: The Vallis Undermind","url":"https://forums.warframe.com/topic/1470920-update-40-the-vallis-undermind/","tag":"40","type":0,"timestamp":1760540652000},{"title":"Caliban Prime: Hotfix 39.1.3","url":"https://forums.warframe.com/topic/1468008-caliban-prime-hotfix-3913/","tag":"39.1.3","type":2,"timestamp":1756843402000},{"title":"Caliban Prime: Hotfix 39.1.2","url":"https://forums.warframe.com/topic/1467505-caliban-prime-hotfix-3912/","tag":"39.1.2","type":2,"timestamp":1756393289000},{"title":"Caliban Prime: Hotfix 39.1.1","url":"https://forums.warframe.com/topic/1467231-caliban-prime-hotfix-3911/","tag":"39.1.1","type":2,"timestamp":1756235453000},{"title":"Update 39.1: Caliban Prime","url":"https://forums.warframe.com/topic/1467163-update-391-caliban-prime/","tag":"39.1","type":1,"timestamp":1756220687000},{"title":"Isleweaver: Hotfix 39.0.7","url":"https://forums.warframe.com/topic/1463772-isleweaver-hotfix-3907/","tag":"39.0.7","type":2,"timestamp":1753297851000},{"title":"Isleweaver: Hotfix 39.0.6","url":"https://forums.warframe.com/topic/1462984-isleweaver-hotfix-3906/","tag":"39.0.6","type":2,"timestamp":1752933858000},{"title":"Isleweaver: Hotfix 39.0.5","url":"https://forums.warframe.com/topic/1461749-isleweaver-hotfix-3905/","tag":"39.0.5","type":2,"timestamp":1751915568000},{"title":"Isleweaver: Hotfix 39.0.4","url":"https://forums.warframe.com/topic/1461121-isleweaver-hotfix-3904/","tag":"39.0.4","type":2,"timestamp":1751554921000},{"title":"Isleweaver: Hotfix 39.0.3","url":"https://forums.warframe.com/topic/1459898-isleweaver-hotfix-3903/","tag":"39.0.3","type":2,"timestamp":1751054712000},{"title":"Isleweaver: Hotfix 39.0.2","url":"https://forums.warframe.com/topic/1459568-isleweaver-hotfix-3902/","tag":"39.0.2","type":2,"timestamp":1750970010000},{"title":"PC: Isleweaver: Hotfix 39.0.1","url":"https://forums.warframe.com/topic/1459374-pc-isleweaver-hotfix-3901/","tag":"39.0.1","type":2,"timestamp":1750947973000},{"title":"Update 39: Isleweaver","url":"https://forums.warframe.com/topic/1458589-update-39-isleweaver/","tag":"39","type":0,"timestamp":1750863779000},{"title":"Yareli Prime: Hotfix 38.6.3","url":"https://forums.warframe.com/topic/1455575-yareli-prime-hotfix-3863/","tag":"38.6.3","type":2,"timestamp":1748024603000},{"title":"Yareli Prime: Hotfix 38.6.2","url":"https://forums.warframe.com/topic/1455356-yareli-prime-hotfix-3862/","tag":"38.6.2","type":2,"timestamp":1747939825000},{"title":"Yareli Prime: Hotfix 38.6.1","url":"https://forums.warframe.com/topic/1455013-yareli-prime-hotfix-3861/","tag":"38.6.1","type":2,"timestamp":1747856166000},{"title":"Update 38.6: Yareli Prime","url":"https://forums.warframe.com/topic/1454869-update-386-yareli-prime/","tag":"38.6","type":1,"timestamp":1747839791000},{"title":"Techrot Encore: Hotfix 38.5.11","url":"https://forums.warframe.com/topic/1451419-techrot-encore-hotfix-38511/","tag":"38.5.11","type":2,"timestamp":1744902261000},{"title":"Techrot Encore: Hotfix 38.5.10","url":"https://forums.warframe.com/topic/1450261-techrot-encore-hotfix-38510/","tag":"38.5.10","type":2,"timestamp":1744226912000},{"title":"Techrot Encore: Hotfix 38.5.9","url":"https://forums.warframe.com/topic/1449869-techrot-encore-hotfix-3859/","tag":"38.5.9","type":2,"timestamp":1744051663000},{"title":"Techrot Encore: Hotfix 38.5.8","url":"https://forums.warframe.com/topic/1449216-techrot-encore-hotfix-3858/","tag":"38.5.8","type":2,"timestamp":1743778530000},{"title":"Techrot Encore: Hotfix 38.5.7","url":"https://forums.warframe.com/topic/1448992-techrot-encore-hotfix-3857/","tag":"38.5.7","type":2,"timestamp":1743708820000},{"title":"Techrot Encore: Hotfix 38.5.6","url":"https://forums.warframe.com/topic/1448704-techrot-encore-hotfix-3856/","tag":"38.5.6","type":2,"timestamp":1743615462000},{"title":"Techrot Encore: Hotfix 38.5.5","url":"https://forums.warframe.com/topic/1447225-techrot-encore-hotfix-3855/","tag":"38.5.5","type":2,"timestamp":1743107526000},{"title":"Techrot Encore: Hotfix 38.5.4","url":"https://forums.warframe.com/topic/1446837-techrot-encore-hotfix-3854/","tag":"38.5.4","type":2,"timestamp":1743018432000},{"title":"Techrot Encore: Hotfix 38.5.3","url":"https://forums.warframe.com/topic/1446347-techrot-encore-hotfix-3853/","tag":"38.5.3","type":2,"timestamp":1742925807000},{"title":"Techrot Encore: Hotfix 38.5.2","url":"https://forums.warframe.com/topic/1443893-techrot-encore-hotfix-3852/","tag":"38.5.2","type":2,"timestamp":1742501014000},{"title":"Techrot Encore: Hotfix 38.5.1","url":"https://forums.warframe.com/topic/1443036-techrot-encore-hotfix-3851/","tag":"38.5.1","type":2,"timestamp":1742418697000},{"title":"Update 38.5: Techrot Encore","url":"https://forums.warframe.com/topic/1442589-update-385-techrot-encore/","tag":"38.5","type":1,"timestamp":1742396622000},{"title":"Lavos Prime: Hotfix 38.0.12","url":"https://forums.warframe.com/topic/1439730-lavos-prime-hotfix-38012/","tag":"38.0.12","type":2,"timestamp":1740069453000},{"title":"Lavos Prime: Hotfix 38.0.11","url":"https://forums.warframe.com/topic/1438984-lavos-prime-hotfix-38011/","tag":"38.0.11","type":2,"timestamp":1739549914000},{"title":"Lavos Prime: Hotfix 38.0.10","url":"https://forums.warframe.com/topic/1438702-lavos-prime-hotfix-38010/","tag":"38.0.10","type":2,"timestamp":1739376172000},{"title":"Rhino Heirloom: Hotfix 38.0.9","url":"https://forums.warframe.com/topic/1437996-rhino-heirloom-hotfix-3809/","tag":"38.0.9","type":2,"timestamp":1738954961000},{"title":"Rhino Heirloom: Hotfix 38.0.8","url":"https://forums.warframe.com/topic/1437792-rhino-heirloom-hotfix-3808/","tag":"38.0.8","type":2,"timestamp":1738857973000},{"title":"Warframe: 1999: Hotfix 38.0.7","url":"https://forums.warframe.com/topic/1434747-warframe-1999-hotfix-3807/","tag":"38.0.7","type":2,"timestamp":1736884988000},{"title":"Warframe: 1999: Hotfix 38.0.6","url":"https://forums.warframe.com/topic/1433715-warframe-1999-hotfix-3806/","tag":"38.0.6","type":2,"timestamp":1736453157000},{"title":"Warframe: 1999: Hotfix 38.0.5","url":"https://forums.warframe.com/topic/1429043-warframe-1999-hotfix-3805/","tag":"38.0.5","type":2,"timestamp":1734553165000},{"title":"Warframe: 1999: Hotfix 38.0.4","url":"https://forums.warframe.com/topic/1428568-warframe-1999-hotfix-3804/","tag":"38.0.4","type":2,"timestamp":1734470211000},{"title":"Warframe: 1999: Hotfix 38.0.3","url":"https://forums.warframe.com/topic/1428096-warframe-1999-hotfix-3803/","tag":"38.0.3","type":2,"timestamp":1734386793000},{"title":"Warframe: 1999: Hotfix 38.0.2","url":"https://forums.warframe.com/topic/1426805-warframe-1999-hotfix-3802/","tag":"38.0.2","type":2,"timestamp":1734203418000},{"title":"Warframe: 1999: Hotfix 38.0.1","url":"https://forums.warframe.com/topic/1426249-warframe-1999-hotfix-3801/","tag":"38.0.1","type":2,"timestamp":1734140216000},{"title":"Update 38: Warframe: 1999","url":"https://forums.warframe.com/topic/1425786-update-38-warframe-1999/","tag":"38","type":0,"timestamp":1734098693000},{"title":"Koumei & the Five Fates: Hotfix 37.0.11","url":"https://forums.warframe.com/topic/1423181-koumei-the-five-fates-hotfix-37011/","tag":"37.0.11","type":2,"timestamp":1731614606000},{"title":"Koumei & the Five Fates: Hotfix 37.0.10","url":"https://forums.warframe.com/topic/1423049-koumei-the-five-fates-hotfix-37010/","tag":"37.0.10","type":2,"timestamp":1731529498000},{"title":"Koumei & the Five Fates: Xaku Prime: Hotfix 37.0.9","url":"https://forums.warframe.com/topic/1422994-koumei-the-five-fates-xaku-prime-hotfix-3709/","tag":"37.0.9","type":2,"timestamp":1731513741000},{"title":"Koumei & the Five Fates: Hotfix 37.0.8","url":"https://forums.warframe.com/topic/1419626-koumei-the-five-fates-hotfix-3708/","tag":"37.0.8","type":2,"timestamp":1729113354000},{"title":"Koumei & the Five Fates: Hotfix 37.0.7","url":"https://forums.warframe.com/topic/1419483-koumei-the-five-fates-hotfix-3707/","tag":"37.0.7","type":2,"timestamp":1729090875000},{"title":"Koumei & the Five Fates: Hotfix 37.0.6","url":"https://forums.warframe.com/topic/1418558-koumei-the-five-fates-hotfix-3706/","tag":"37.0.6","type":2,"timestamp":1728662983000},{"title":"Koumei & the Five Fates: Hotfix 37.0.5","url":"https://forums.warframe.com/topic/1418289-koumei-the-five-fates-hotfix-3705/","tag":"37.0.5","type":2,"timestamp":1728583490000},{"title":"Koumei & the Five Fates: Hotfix 37.0.4","url":"https://forums.warframe.com/topic/1418210-koumei-the-five-fates-hotfix-3704/","tag":"37.0.4","type":2,"timestamp":1728572529000},{"title":"Koumei & the Five Fates: Hotfix 37.0.3","url":"https://forums.warframe.com/topic/1416262-koumei-the-five-fates-hotfix-3703/","tag":"37.0.3","type":2,"timestamp":1728072421000},{"title":"Koumei & the Five Fates: Hotfix 37.0.2","url":"https://forums.warframe.com/topic/1415797-koumei-the-five-fates-hotfix-3702/","tag":"37.0.2","type":2,"timestamp":1727991626000},{"title":"Koumei & the Five Fates: Hotfix 37.0.1","url":"https://forums.warframe.com/topic/1415059-koumei-the-five-fates-hotfix-3701/","tag":"37.0.1","type":2,"timestamp":1727899204000},{"title":"Update 37: Koumei & the Five Fates","url":"https://forums.warframe.com/topic/1414770-update-37-koumei-the-five-fates/","tag":"37","type":0,"timestamp":1727881546000},{"title":"The Lotus Eaters: Hotfix 36.1.6 + 36.1.6.1","url":"https://forums.warframe.com/topic/1411953-the-lotus-eaters-hotfix-3616-36161/","tag":"36.1.6","type":2,"timestamp":1725551952000},{"title":"The Lotus Eaters: Hotfix 36.1.5","url":"https://forums.warframe.com/topic/1411706-the-lotus-eaters-hotfix-3615/","tag":"36.1.5","type":2,"timestamp":1725387069000},{"title":"The Lotus Eaters: Hotfix 36.1.4","url":"https://forums.warframe.com/topic/1410999-the-lotus-eaters-hotfix-3614/","tag":"36.1.4","type":2,"timestamp":1724875517000},{"title":"The Lotus Eaters: Hotfix 36.1.3","url":"https://forums.warframe.com/topic/1410851-the-lotus-eaters-hotfix-3613/","tag":"36.1.3","type":2,"timestamp":1724789289000},{"title":"The Lotus Eaters: Hotfix 36.1.2","url":"https://forums.warframe.com/topic/1410113-the-lotus-eaters-hotfix-3612/","tag":"36.1.2","type":2,"timestamp":1724339516000},{"title":"The Lotus Eaters: Hotfix 36.1.1","url":"https://forums.warframe.com/topic/1409922-the-lotus-eaters-hotfix-3611/","tag":"36.1.1","type":2,"timestamp":1724263600000},{"title":"Update 36.1.0: The Lotus Eaters","url":"https://forums.warframe.com/topic/1409856-update-3610-the-lotus-eaters/","tag":"36.1","type":1,"timestamp":1724252712000},{"title":"Jade Shadows: Hotfix 36.0.8","url":"https://forums.warframe.com/topic/1407034-jade-shadows-hotfix-3608/","tag":"36.0.8","type":2,"timestamp":1721933812000},{"title":"Jade Shadows: Hotfix 36.0.7","url":"https://forums.warframe.com/topic/1406527-jade-shadows-hotfix-3607/","tag":"36.0.7","type":2,"timestamp":1721668789000},{"title":"Jade Shadows: Hotfix 36.0.6","url":"https://forums.warframe.com/topic/1406148-jade-shadows-hotfix-3606/","tag":"36.0.6","type":2,"timestamp":1721501843000},{"title":"Jade Shadows: Hotfix 36.0.5","url":"https://forums.warframe.com/topic/1406078-jade-shadows-hotfix-3605/","tag":"36.0.5","type":2,"timestamp":1721484450000},{"title":"Jade Shadows: Hotfix 36.0.4","url":"https://forums.warframe.com/topic/1403271-jade-shadows-hotfix-3604/","tag":"36.0.4","type":2,"timestamp":1719412410000},{"title":"Jade Shadows: Hotfix 36.0.3","url":"https://forums.warframe.com/topic/1401748-jade-shadows-hotfix-3603/","tag":"36.0.3","type":2,"timestamp":1718916658000},{"title":"Jade Shadows: Hotfix 36.0.2","url":"https://forums.warframe.com/topic/1401227-jade-shadows-hotfix-3602/","tag":"36.0.2","type":2,"timestamp":1718827694000},{"title":"Jade Shadows: Hotfix 36.0.1","url":"https://forums.warframe.com/topic/1401037-jade-shadows-hotfix-3601/","tag":"36.0.1","type":2,"timestamp":1718812160000},{"title":"Update 36: Jade Shadows","url":"https://forums.warframe.com/topic/1400346-update-36-jade-shadows/","tag":"36","type":0,"timestamp":1718723953000},{"title":"Nora’s Mix Vol. 6: Hotfix 35.6.1","url":"https://forums.warframe.com/topic/1397735-nora%E2%80%99s-mix-vol-6-hotfix-3561/","tag":"35.6.1","type":2,"timestamp":1715871402000},{"title":"PC Nightwave: Nora's Mix Vol.6: Update 35.6","url":"https://forums.warframe.com/topic/1397622-pc-nightwave-noras-mix-vol6-update-356/","tag":"35.6","type":1,"timestamp":1715795081000},{"title":"PC Dante Unbound: Hotfix 35.5.11","url":"https://forums.warframe.com/topic/1396832-pc-dante-unbound-hotfix-35511/","tag":"35.5.11","type":2,"timestamp":1715106436000},{"title":"PC Dante Unbound: Hotfix 35.5.10","url":"https://forums.warframe.com/topic/1396104-pc-dante-unbound-hotfix-35510/","tag":"35.5.10","type":2,"timestamp":1714584209000},{"title":"PC Dante Unbound: Protea Prime: Hotfix 35.5.9","url":"https://forums.warframe.com/topic/1396067-pc-dante-unbound-protea-prime-hotfix-3559/","tag":"35.5.9","type":2,"timestamp":1714575556000},{"title":"PC Dante Unbound: Hotfix 35.5.8","url":"https://forums.warframe.com/topic/1395221-pc-dante-unbound-hotfix-3558/","tag":"35.5.8","type":2,"timestamp":1713983511000},{"title":"PC Dante Unbound: Hotfix 35.5.7","url":"https://forums.warframe.com/topic/1394369-pc-dante-unbound-hotfix-3557/","tag":"35.5.7","type":2,"timestamp":1713384027000},{"title":"PC Dante Unbound: Hotfix 35.5.6","url":"https://forums.warframe.com/topic/1393246-pc-dante-unbound-hotfix-3556/","tag":"35.5.6","type":2,"timestamp":1712775905000},{"title":"PC Dante Unbound: Hotfix 35.5.5","url":"https://forums.warframe.com/topic/1392198-pc-dante-unbound-hotfix-3555/","tag":"35.5.5","type":2,"timestamp":1712348063000},{"title":"PC Dante Unbound: Hotfix 35.5.4","url":"https://forums.warframe.com/topic/1392126-pc-dante-unbound-hotfix-3554/","tag":"35.5.4","type":2,"timestamp":1712339904000},{"title":"PC Dante Unbound: Deep Archimedea: Hotfix 35.5.3","url":"https://forums.warframe.com/topic/1391568-pc-dante-unbound-deep-archimedea-hotfix-3553/","tag":"35.5.3","type":2,"timestamp":1712253728000},{"title":"PC Dante Unbound: Hotfix 35.5.2","url":"https://forums.warframe.com/topic/1389674-pc-dante-unbound-hotfix-3552/","tag":"35.5.2","type":2,"timestamp":1711661152000},{"title":"PC Dante Unbound: Hotfix 35.5.1","url":"https://forums.warframe.com/topic/1389042-pc-dante-unbound-hotfix-3551/","tag":"35.5.1","type":2,"timestamp":1711576917000},{"title":"PC Update 35.5: Dante Unbound","url":"https://forums.warframe.com/topic/1388638-pc-update-355-dante-unbound/","tag":"35.5","type":1,"timestamp":1711551694000},{"title":"Whispers in the Walls: Hotfix 35.1.2","url":"https://forums.warframe.com/topic/1386143-whispers-in-the-walls-hotfix-3512/","tag":"35.1.2","type":2,"timestamp":1709149728000},{"title":"Whispers in the Walls: Hotfix 35.1.1","url":"https://forums.warframe.com/topic/1385226-whispers-in-the-walls-hotfix-3511/","tag":"35.1.1","type":2,"timestamp":1708550304000},{"title":"Whispers in the Walls: Update 35.1.0","url":"https://forums.warframe.com/topic/1384908-whispers-in-the-walls-update-3510/","tag":"35.1","type":1,"timestamp":1708446545000},{"title":"Whispers in the Walls: Hotfix 35.0.11","url":"https://forums.warframe.com/topic/1382055-whispers-in-the-walls-hotfix-35011/","tag":"35.0.11","type":2,"timestamp":1706110500000},{"title":"Whispers in the Walls: Hotfix 35.0.10","url":"https://forums.warframe.com/topic/1381251-whispers-in-the-walls-hotfix-35010/","tag":"35.0.10","type":2,"timestamp":1705606223000},{"title":"Whispers in the Walls: Gauss Prime: Hotfix 35.0.9","url":"https://forums.warframe.com/topic/1381000-whispers-in-the-walls-gauss-prime-hotfix-3509/","tag":"35.0.9","type":2,"timestamp":1705507212000},{"title":"Whispers in the Walls: Hotfix 35.0.8","url":"https://forums.warframe.com/topic/1380343-whispers-in-the-walls-hotfix-3508/","tag":"35.0.8","type":2,"timestamp":1704991726000},{"title":"Whispers in the Walls: Hotfix 35.0.7","url":"https://forums.warframe.com/topic/1380121-whispers-in-the-walls-hotfix-3507/","tag":"35.0.7","type":2,"timestamp":1704826750000},{"title":"Whispers in the Walls: Hotfix 35.0.6","url":"https://forums.warframe.com/topic/1377693-whispers-in-the-walls-hotfix-3506/","tag":"35.0.6","type":2,"timestamp":1703264245000},{"title":"Whispers in the Walls: Hotfix 35.0.5","url":"https://forums.warframe.com/topic/1377342-whispers-in-the-walls-hotfix-3505/","tag":"35.0.5","type":2,"timestamp":1703178673000},{"title":"Whispers in the Walls: Hotfix 35.0.4","url":"https://forums.warframe.com/topic/1377055-whispers-in-the-walls-hotfix-3504/","tag":"35.0.4","type":2,"timestamp":1703103605000},{"title":"Whispers in the Walls: Hotfix 35.0.3","url":"https://forums.warframe.com/topic/1376340-whispers-in-the-walls-hotfix-3503/","tag":"35.0.3","type":2,"timestamp":1702925204000},{"title":"Whispers in the Walls: Hotfix 35.0.2","url":"https://forums.warframe.com/topic/1375130-whispers-in-the-walls-hotfix-3502/","tag":"35.0.2","type":2,"timestamp":1702592997000},{"title":"Whispers in the Walls: Hotfix 35.0.1","url":"https://forums.warframe.com/topic/1374579-whispers-in-the-walls-hotfix-3501/","tag":"35.0.1","type":2,"timestamp":1702506405000},{"title":"Update 35: Whispers in the Walls","url":"https://forums.warframe.com/topic/1374376-update-35-whispers-in-the-walls/","tag":"35","type":0,"timestamp":1702483917000},{"title":"Abyss of Dagath: Hotfix 34.0.8 + 34.0.8.1","url":"https://forums.warframe.com/topic/1371707-abyss-of-dagath-hotfix-3408-34081/","tag":"34.0.8","type":2,"timestamp":1699558377000},{"title":"Abyss of Dagath: Hotfix 34.0.7","url":"https://forums.warframe.com/topic/1370957-abyss-of-dagath-hotfix-3407/","tag":"34.0.7","type":2,"timestamp":1698937339000},{"title":"Abyss of Dagath: Hotfix 34.0.6","url":"https://forums.warframe.com/topic/1370642-abyss-of-dagath-hotfix-3406/","tag":"34.0.6","type":2,"timestamp":1698692663000},{"title":"Abyss of Dagath: Hotfix 34.0.5","url":"https://forums.warframe.com/topic/1370054-abyss-of-dagath-hotfix-3405/","tag":"34.0.5","type":2,"timestamp":1698350705000},{"title":"Abyss of Dagath: Hotfix 34.0.4","url":"https://forums.warframe.com/topic/1369743-abyss-of-dagath-hotfix-3404/","tag":"34.0.4","type":2,"timestamp":1698176002000},{"title":"Abyss of Dagath: Hotfix 34.0.3","url":"https://forums.warframe.com/topic/1369004-abyss-of-dagath-hotfix-3403/","tag":"34.0.3","type":2,"timestamp":1697821198000},{"title":"Abyss of Dagath: Hotfix 34.0.2","url":"https://forums.warframe.com/topic/1368767-abyss-of-dagath-hotfix-3402/","tag":"34.0.2","type":2,"timestamp":1697744077000},{"title":"Abyss of Dagath: Hotfix 34.0.1","url":"https://forums.warframe.com/topic/1368368-abyss-of-dagath-hotfix-3401/","tag":"34.0.1","type":2,"timestamp":1697662328000},{"title":"Abyss of Dagath: Update 34","url":"https://forums.warframe.com/topic/1368153-abyss-of-dagath-update-34/","tag":"34","type":0,"timestamp":1697641101000},{"title":"Echoes of Duviri: Hotfix 33.6.9","url":"https://forums.warframe.com/topic/1365884-echoes-of-duviri-hotfix-3369/","tag":"33.6.9","type":2,"timestamp":1694538400000},{"title":"Echoes of Duviri: Hotfix 33.6.8","url":"https://forums.warframe.com/topic/1365497-echoes-of-duviri-hotfix-3368/","tag":"33.6.8","type":2,"timestamp":1694022218000},{"title":"Echoes of Duviri: Hotfix 33.6.7","url":"https://forums.warframe.com/topic/1365014-echoes-of-duviri-hotfix-3367/","tag":"33.6.7","type":2,"timestamp":1693496320000},{"title":"Echoes of Duviri: Hotfix 33.6.6","url":"https://forums.warframe.com/topic/1364269-echoes-of-duviri-hotfix-3366/","tag":"33.6.6","type":2,"timestamp":1692977316000},{"title":"Echoes of Duviri: Hotfix 33.6.5","url":"https://forums.warframe.com/topic/1363995-echoes-of-duviri-hotfix-3365/","tag":"33.6.5","type":2,"timestamp":1692650902000},{"title":"Echoes of Duviri: Hotfix 33.6.4","url":"https://forums.warframe.com/topic/1363540-echoes-of-duviri-hotfix-3364/","tag":"33.6.4","type":2,"timestamp":1692127151000},{"title":"Echoes of Duviri: Hotfix 33.6.3","url":"https://forums.warframe.com/topic/1362533-echoes-of-duviri-hotfix-3363/","tag":"33.6.3","type":2,"timestamp":1691088338000},{"title":"Echoes of Duviri: Hotfix 33.6.2","url":"https://forums.warframe.com/topic/1362251-echoes-of-duviri-hotfix-3362/","tag":"33.6.2","type":2,"timestamp":1690902068000},{"title":"Echoes of Duviri: Hotfix 33.6.1","url":"https://forums.warframe.com/topic/1362046-echoes-of-duviri-hotfix-3361/","tag":"33.6.1","type":2,"timestamp":1690828329000},{"title":"Update 33.6: Echoes of Duviri","url":"https://forums.warframe.com/topic/1361249-update-336-echoes-of-duviri/","tag":"33.6","type":1,"timestamp":1690470109000},{"title":"The Seven Crimes of Kullervo: Hotfix 33.5.6","url":"https://forums.warframe.com/topic/1359716-the-seven-crimes-of-kullervo-hotfix-3356/","tag":"33.5.6","type":2,"timestamp":1688739990000},{"title":"The Seven Crimes of Kullervo: Hotfix 33.5.5","url":"https://forums.warframe.com/topic/1359583-the-seven-crimes-of-kullervo-hotfix-3355/","tag":"33.5.5","type":2,"timestamp":1688659791000},{"title":"The Seven Crimes of Kullervo: Hotfix 33.5.4","url":"https://forums.warframe.com/topic/1358812-the-seven-crimes-of-kullervo-hotfix-3354/","tag":"33.5.4","type":2,"timestamp":1687980160000},{"title":"The Seven Crimes of Kullervo: Hotfix 33.5.3","url":"https://forums.warframe.com/topic/1358046-the-seven-crimes-of-kullervo-hotfix-3353/","tag":"33.5.3","type":2,"timestamp":1687549421000},{"title":"The Seven Crimes of Kullervo: Hotfix 33.5.2","url":"https://forums.warframe.com/topic/1357778-the-seven-crimes-of-kullervo-hotfix-3352/","tag":"33.5.2","type":2,"timestamp":1687468627000},{"title":"The Seven Crimes of Kullervo: Hotfix 33.5.1","url":"https://forums.warframe.com/topic/1357355-the-seven-crimes-of-kullervo-hotfix-3351/","tag":"33.5.1","type":2,"timestamp":1687378084000},{"title":"Update 33.5: The Seven Crimes of Kullervo","url":"https://forums.warframe.com/topic/1357210-update-335-the-seven-crimes-of-kullervo/","tag":"33.5","type":1,"timestamp":1687359253000},{"title":"The Duviri Paradox: Hotfix 33.0.14","url":"https://forums.warframe.com/topic/1354992-the-duviri-paradox-hotfix-33014/","tag":"33.0.14","type":2,"timestamp":1685390450000},{"title":"The Duviri Paradox: Hotfix 33.0.13","url":"https://forums.warframe.com/topic/1354540-the-duviri-paradox-hotfix-33013/","tag":"33.0.13","type":2,"timestamp":1685126229000},{"title":"The Duviri Paradox: Hotfix 33.0.11 + 12","url":"https://forums.warframe.com/topic/1354230-the-duviri-paradox-hotfix-33011-12/","tag":"33.0.11","type":2,"timestamp":1684940694000},{"title":"The Duviri Paradox: Hotfix 33.0.10","url":"https://forums.warframe.com/topic/1352431-the-duviri-paradox-hotfix-33010/","tag":"33.0.10","type":2,"timestamp":1683913004000},{"title":"The Duviri Paradox: Hotfix 33.0.9","url":"https://forums.warframe.com/topic/1352290-the-duviri-paradox-hotfix-3309/","tag":"33.0.9","type":2,"timestamp":1683845866000},{"title":"The Duviri Paradox: Hotfix 33.0.8","url":"https://forums.warframe.com/topic/1352273-the-duviri-paradox-hotfix-3308/","tag":"33.0.8","type":2,"timestamp":1683840719000},{"title":"The Duviri Paradox: Hotfix 33.0.7","url":"https://forums.warframe.com/topic/1351843-the-duviri-paradox-hotfix-3307/","tag":"33.0.7","type":2,"timestamp":1683667437000},{"title":"The Duviri Paradox: Hotfix 33.0.6","url":"https://forums.warframe.com/topic/1350710-the-duviri-paradox-hotfix-3306/","tag":"33.0.6","type":2,"timestamp":1683235700000},{"title":"The Duviri Paradox: Hotfix 33.0.5","url":"https://forums.warframe.com/topic/1350382-the-duviri-paradox-hotfix-3305/","tag":"33.0.5","type":2,"timestamp":1683143242000},{"title":"The Duviri Paradox: Hotfix 33.0.4","url":"https://forums.warframe.com/topic/1349876-the-duviri-paradox-hotfix-3304/","tag":"33.0.4","type":2,"timestamp":1683040869000},{"title":"The Duviri Paradox: Hotfix 33.0.3","url":"https://forums.warframe.com/topic/1348031-the-duviri-paradox-hotfix-3303/","tag":"33.0.3","type":2,"timestamp":1682717971000},{"title":"The Duviri Paradox: Hotfix 33.0.2","url":"https://forums.warframe.com/topic/1347241-the-duviri-paradox-hotfix-3302/","tag":"33.0.2","type":2,"timestamp":1682628795000},{"title":"The Duviri Paradox: Hotfix 33.0.1","url":"https://forums.warframe.com/topic/1346399-the-duviri-paradox-hotfix-3301/","tag":"33.0.1","type":2,"timestamp":1682555523000},{"title":"(PC) Update 33: The Duviri Paradox","url":"https://forums.warframe.com/topic/1346011-pc-update-33-the-duviri-paradox/","tag":"33","type":0,"timestamp":1682521175000},{"title":"Hildryn Prime: Hotfix 32.3.7","url":"https://forums.warframe.com/topic/1343227-hildryn-prime-hotfix-3237/","tag":"32.3.7","type":2,"timestamp":1678988189000},{"title":"Hildryn Prime: Hotfix 32.3.6","url":"https://forums.warframe.com/topic/1343101-hildryn-prime-hotfix-3236/","tag":"32.3.6","type":2,"timestamp":1678903264000},{"title":"Citrine’s Last Wish: Hotfix 32.3.5","url":"https://forums.warframe.com/topic/1341742-citrine%E2%80%99s-last-wish-hotfix-3235/","tag":"32.3.5","type":2,"timestamp":1677613653000},{"title":"Citrine’s Last Wish: Hotfix 32.3.4","url":"https://forums.warframe.com/topic/1341304-citrine%E2%80%99s-last-wish-hotfix-3234/","tag":"32.3.4","type":2,"timestamp":1677180122000},{"title":"Citrine’s Last Wish: Hotfix 32.3.3","url":"https://forums.warframe.com/topic/1340528-citrine%E2%80%99s-last-wish-hotfix-3233/","tag":"32.3.3","type":2,"timestamp":1676673444000},{"title":"Citrine’s Last Wish: Hotfix 32.3.2","url":"https://forums.warframe.com/topic/1340302-citrine%E2%80%99s-last-wish-hotfix-3232/","tag":"32.3.2","type":2,"timestamp":1676583335000},{"title":"Citrine’s Last Wish: Hotfix 32.3.1","url":"https://forums.warframe.com/topic/1340008-citrine%E2%80%99s-last-wish-hotfix-3231/","tag":"32.3.1","type":2,"timestamp":1676496292000},{"title":"Update 32.3: Citrine's Last Wish","url":"https://forums.warframe.com/topic/1339890-update-323-citrines-last-wish/","tag":"32.3","type":1,"timestamp":1676476830000},{"title":"Lua’s Prey: Baruuk Prime: Hotfix 32.2.10 + 32.2.10.1","url":"https://forums.warframe.com/topic/1337917-lua%E2%80%99s-prey-baruuk-prime-hotfix-32210-322101/","tag":"32.2.10","type":2,"timestamp":1674068302000},{"title":"Lua’s Prey: Baruuk Prime: Hotfix 32.2.9","url":"https://forums.warframe.com/topic/1337369-lua%E2%80%99s-prey-baruuk-prime-hotfix-3229/","tag":"32.2.9","type":2,"timestamp":1673463683000},{"title":"Lua’s Prey: Baruuk Prime: Hotfix 32.2.8","url":"https://forums.warframe.com/topic/1335111-lua%E2%80%99s-prey-baruuk-prime-hotfix-3228/","tag":"32.2.8","type":2,"timestamp":1671139978000},{"title":"Lua’s Prey: Baruuk Prime: Hotfix 32.2.7","url":"https://forums.warframe.com/topic/1335045-lua%E2%80%99s-prey-baruuk-prime-hotfix-3227/","tag":"32.2.7","type":2,"timestamp":1671133801000},{"title":"Lua’s Prey: Baruuk Prime: Hotfix 32.2.6","url":"https://forums.warframe.com/topic/1334920-lua%E2%80%99s-prey-baruuk-prime-hotfix-3226/","tag":"32.2.6","type":2,"timestamp":1671057103000},{"title":"Lua’s Prey: Baruuk Prime: Hotfix 32.2.5","url":"https://forums.warframe.com/topic/1334887-lua%E2%80%99s-prey-baruuk-prime-hotfix-3225/","tag":"32.2.5","type":2,"timestamp":1671044416000},{"title":"Lua’s Prey: Hotfix 32.2.4","url":"https://forums.warframe.com/topic/1333863-lua%E2%80%99s-prey-hotfix-3224/","tag":"32.2.4","type":2,"timestamp":1670439896000},{"title":"Lua’s Prey: Hotfix 32.2.3","url":"https://forums.warframe.com/topic/1332723-lua%E2%80%99s-prey-hotfix-3223/","tag":"32.2.3","type":2,"timestamp":1669923307000},{"title":"Lua’s Prey: Hotfix 32.2.2","url":"https://forums.warframe.com/topic/1332685-lua%E2%80%99s-prey-hotfix-3222/","tag":"32.2.2","type":2,"timestamp":1669918038000},{"title":"Lua’s Prey: Hotfix 32.2.1","url":"https://forums.warframe.com/topic/1332403-lua%E2%80%99s-prey-hotfix-3221%C2%A0/","tag":"32.2.1","type":2,"timestamp":1669847587000},{"title":"Update 32.2.0: Lua’s Prey","url":"https://forums.warframe.com/topic/1332235-update-3220-lua%E2%80%99s-prey/","tag":"32.2","type":1,"timestamp":1669824106000},{"title":"Echoes of Veilbreaker: Hotfix 32.1.4","url":"https://forums.warframe.com/topic/1330673-echoes-of-veilbreaker-hotfix-3214/","tag":"32.1.4","type":2,"timestamp":1668033217000},{"title":"Echoes of Veilbreaker: Hotfix 32.1.3","url":"https://forums.warframe.com/topic/1330541-echoes-of-veilbreaker-hotfix-3213/","tag":"32.1.3","type":2,"timestamp":1667923153000},{"title":"Echoes of Veilbreaker: Hotfix 32.1.2","url":"https://forums.warframe.com/topic/1330095-echoes-of-veilbreaker-hotfix-3212/","tag":"32.1.2","type":2,"timestamp":1667595310000},{"title":"Echoes of Veilbreaker: Hotfix 32.1.1","url":"https://forums.warframe.com/topic/1329952-echoes-of-veilbreaker-hotfix-3211/","tag":"32.1.1","type":2,"timestamp":1667500020000},{"title":"Echoes of Veilbreaker: Update 32.1","url":"https://forums.warframe.com/topic/1329684-echoes-of-veilbreaker-update-321/","tag":"32.1","type":1,"timestamp":1667401214000},{"title":"Veilbreaker: Revenant Prime: Hotfix 32.0.13","url":"https://forums.warframe.com/topic/1328026-veilbreaker-revenant-prime-hotfix-32013/","tag":"32.0.13","type":2,"timestamp":1665766118000},{"title":"Veilbreaker: Revenant Prime: Hotfix 32.0.12","url":"https://forums.warframe.com/topic/1327814-veilbreaker-revenant-prime-hotfix-32012/","tag":"32.0.12","type":2,"timestamp":1665603560000},{"title":"Veilbreaker: Revenant Prime: Hotfix 32.0.11","url":"https://forums.warframe.com/topic/1327157-veilbreaker-revenant-prime-hotfix-32011/","tag":"32.0.11","type":2,"timestamp":1665073885000},{"title":"Veilbreaker: Revenant Prime: Hotfix 32.0.10","url":"https://forums.warframe.com/topic/1327047-veilbreaker-revenant-prime-hotfix-32010/","tag":"32.0.10","type":2,"timestamp":1665002622000},{"title":"Veilbreaker: Revenant Prime: Hotfix 32.0.9","url":"https://forums.warframe.com/topic/1327014-veilbreaker-revenant-prime-hotfix-3209/","tag":"32.0.9","type":2,"timestamp":1664992746000},{"title":"Veilbreaker: Hotfix 32.0.8","url":"https://forums.warframe.com/topic/1326150-veilbreaker-hotfix-3208/","tag":"32.0.8","type":2,"timestamp":1664470932000},{"title":"Veilbreaker: Hotfix 32.0.7","url":"https://forums.warframe.com/topic/1325904-veilbreaker-hotfix-3207/","tag":"32.0.7","type":2,"timestamp":1664377161000},{"title":"Veilbreaker: Hotfix 32.0.6","url":"https://forums.warframe.com/topic/1324264-veilbreaker-hotfix-3206/","tag":"32.0.6","type":2,"timestamp":1663354138000},{"title":"Veilbreaker: Hotfix 32.0.5","url":"https://forums.warframe.com/topic/1324061-veilbreaker-hotfix-3205/","tag":"32.0.5","type":2,"timestamp":1663277862000},{"title":"Veilbreaker: Hotfix 32.0.4","url":"https://forums.warframe.com/topic/1323704-veilbreaker-hotfix-3204/","tag":"32.0.4","type":2,"timestamp":1663194674000},{"title":"Veilbreaker: Hotfix 32.0.3","url":"https://forums.warframe.com/topic/1323565-veilbreaker-hotfix-3203/","tag":"32.0.3","type":2,"timestamp":1663178321000},{"title":"Veilbreaker: Hotfix 32.0.2","url":"https://forums.warframe.com/topic/1321988-veilbreaker-hotfix-3202/","tag":"32.0.2","type":2,"timestamp":1662672202000},{"title":"Veilbreaker: Hotfix 32.0.1","url":"https://forums.warframe.com/topic/1321403-veilbreaker-hotfix-3201/","tag":"32.0.1","type":2,"timestamp":1662585000000},{"title":"Veilbreaker: Update 32","url":"https://forums.warframe.com/topic/1321162-veilbreaker-update-32/","tag":"32","type":0,"timestamp":1662562811000},{"title":"Khora Prime: Hotfix 31.7.2","url":"https://forums.warframe.com/topic/1319647-khora-prime-hotfix-3172/","tag":"31.7.2","type":2,"timestamp":1660748352000},{"title":"Khora Prime: Hotfix 31.7.1","url":"https://forums.warframe.com/topic/1318073-khora-prime-hotfix-3171/","tag":"31.7.1","type":2,"timestamp":1659030950000},{"title":"Khora Prime: Update 31.7","url":"https://forums.warframe.com/topic/1316750-khora-prime-update-317/","tag":"31.7","type":1,"timestamp":1658001734000},{"title":"Nora’s Mix Vol.2: Hotfix 31.6.4","url":"https://forums.warframe.com/topic/1316486-nora%E2%80%99s-mix-vol2-hotfix-3164/","tag":"31.6.4","type":2,"timestamp":1657810833000},{"title":"Echoes of the Zariman: Hotfix 31.6.3","url":"https://forums.warframe.com/topic/1314611-echoes-of-the-zariman-hotfix-3163/","tag":"31.6.3","type":2,"timestamp":1655412180000},{"title":"Echoes of the Zariman: Hotfix 31.6.2","url":"https://forums.warframe.com/topic/1314484-echoes-of-the-zariman-hotfix-3162/","tag":"31.6.2","type":2,"timestamp":1655318449000},{"title":"Echoes of the Zariman: Hotfix 31.6.1","url":"https://forums.warframe.com/topic/1313629-echoes-of-the-zariman-hotfix-3161/","tag":"31.6.1","type":2,"timestamp":1654808577000},{"title":"Echoes of the Zariman: Update 31.6","url":"https://forums.warframe.com/topic/1313506-echoes-of-the-zariman-update-316/","tag":"31.6","type":1,"timestamp":1654786192000},{"title":"Zephyr & Chroma Prime Vault: Hotfix 31.5.10 + 31.5.10.1","url":"https://forums.warframe.com/topic/1311547-zephyr-chroma-prime-vault-hotfix-31510-315101/","tag":"31.5.10","type":2,"timestamp":1652808715000},{"title":"Zephyr & Chroma Prime Vault: Hotfix 31.5.9","url":"https://forums.warframe.com/topic/1310849-zephyr-chroma-prime-vault-hotfix-3159/","tag":"31.5.9","type":2,"timestamp":1652388886000},{"title":"Zephyr & Chroma Prime Vault: Hotfix 31.5.8","url":"https://forums.warframe.com/topic/1310634-zephyr-chroma-prime-vault-hotfix-3158/","tag":"31.5.8","type":2,"timestamp":1652292014000},{"title":"Angels of the Zariman: Hotfix 31.5.7","url":"https://forums.warframe.com/topic/1309646-angels-of-the-zariman-hotfix-3157/","tag":"31.5.7","type":2,"timestamp":1651862456000},{"title":"Angels of the Zariman: Hotfix 31.5.6","url":"https://forums.warframe.com/topic/1309138-angels-of-the-zariman-hotfix-3156/","tag":"31.5.6","type":2,"timestamp":1651697800000},{"title":"Angels of the Zariman: Hotfix 31.5.5","url":"https://forums.warframe.com/topic/1308821-angels-of-the-zariman-hotfix-3155/","tag":"31.5.5","type":2,"timestamp":1651610605000},{"title":"Angels of the Zariman: Hotfix 31.5.4","url":"https://forums.warframe.com/topic/1308448-angels-of-the-zariman-hotfix-3154/","tag":"31.5.4","type":2,"timestamp":1651524892000},{"title":"Angels of the Zariman: Hotfix 31.5.3","url":"https://forums.warframe.com/topic/1307386-angels-of-the-zariman-hotfix-3153/","tag":"31.5.3","type":2,"timestamp":1651251136000},{"title":"Angels of the Zariman: Hotfix 31.5.2","url":"https://forums.warframe.com/topic/1306962-angels-of-the-zariman-hotfix-3152/","tag":"31.5.2","type":2,"timestamp":1651177329000},{"title":"Angels of the Zariman: Hotfix 31.5.1","url":"https://forums.warframe.com/topic/1306144-angels-of-the-zariman-hotfix-3151/","tag":"31.5.1","type":2,"timestamp":1651090862000},{"title":"Update 31.5: Angels of the Zariman","url":"https://forums.warframe.com/topic/1305880-update-315-angels-of-the-zariman/","tag":"31.5","type":1,"timestamp":1651071726000},{"title":"Garuda Prime: Hotfix 31.3.1","url":"https://forums.warframe.com/topic/1303913-garuda-prime-hotfix-3131/","tag":"31.3.1","type":2,"timestamp":1648574499000},{"title":"Garuda Prime: Update 31.3","url":"https://forums.warframe.com/topic/1303793-garuda-prime-update-313/","tag":"31.3","type":1,"timestamp":1648490304000},{"title":"Nora's Mix Volume 1: Hotfix 31.2.1","url":"https://forums.warframe.com/topic/1303084-noras-mix-volume-1-hotfix-3121/","tag":"31.2.1","type":2,"timestamp":1647636259000},{"title":"Nora's Mix Volume 1: Update 31.2.0 + 31.2.0.1","url":"https://forums.warframe.com/topic/1302788-noras-mix-volume-1-update-3120-31201/","tag":"31.2","type":1,"timestamp":1647453488000},{"title":"Echoes of War: Banshee & Mirage Prime Vault: Hotfix 31.1.8","url":"https://forums.warframe.com/topic/1301373-echoes-of-war-banshee-mirage-prime-vault-hotfix-3118/","tag":"31.1.8","type":2,"timestamp":1645721693000},{"title":"Echoes of War: Banshee & Mirage Prime Vault: Hotfix 31.1.7","url":"https://forums.warframe.com/topic/1301285-echoes-of-war-banshee-mirage-prime-vault-hotfix-3117/","tag":"31.1.7","type":2,"timestamp":1645641394000},{"title":"Echoes of War: Banshee & Mirage Prime Vault: Hotfix 31.1.6","url":"https://forums.warframe.com/topic/1300794-echoes-of-war-banshee-mirage-prime-vault-hotfix-3116/","tag":"31.1.6","type":2,"timestamp":1645136663000},{"title":"Echoes of War: Banshee & Mirage Prime Vault: Hotfix 31.1.5","url":"https://forums.warframe.com/topic/1300776-echoes-of-war-banshee-mirage-prime-vault-hotfix-3115/","tag":"31.1.5","type":2,"timestamp":1645131408000},{"title":"Echoes of War: Banshee & Mirage Prime Vault: Hotfix 31.1.4","url":"https://forums.warframe.com/topic/1300561-echoes-of-war-banshee-mirage-prime-vault-hotfix-3114/","tag":"31.1.4","type":2,"timestamp":1644958950000},{"title":"Echoes of War: Banshee & Mirage Prime Vault: Hotfix 31.1.3","url":"https://forums.warframe.com/topic/1300539-echoes-of-war-banshee-mirage-prime-vault-hotfix-3113/","tag":"31.1.3","type":2,"timestamp":1644951831000},{"title":"Echoes of War: Hotfix 31.1.2","url":"https://forums.warframe.com/topic/1299938-echoes-of-war-hotfix-3112/","tag":"31.1.2","type":2,"timestamp":1644521308000},{"title":"Echoes of War: Hotfix 31.1.1","url":"https://forums.warframe.com/topic/1299718-echoes-of-war-hotfix-3111/","tag":"31.1.1","type":2,"timestamp":1644441587000},{"title":"Update 31.1.0: Echoes of War","url":"https://forums.warframe.com/topic/1299619-update-3110-echoes-of-war/","tag":"31.1","type":1,"timestamp":1644422383000},{"title":"The New War: Hotfix 31.0.11","url":"https://forums.warframe.com/topic/1298151-the-new-war-hotfix-31011/","tag":"31.0.11","type":2,"timestamp":1643137067000},{"title":"The New War: Hotfix 31.0.10","url":"https://forums.warframe.com/topic/1297649-the-new-war-hotfix-31010/","tag":"31.0.10","type":2,"timestamp":1642711814000},{"title":"The New War: Hotfix 31.0.9","url":"https://forums.warframe.com/topic/1297589-the-new-war-hotfix-3109/","tag":"31.0.9","type":2,"timestamp":1642687942000},{"title":"The New War: Hotfix 31.0.8.1","url":"https://forums.warframe.com/topic/1296794-the-new-war-hotfix-31081/","tag":"31.0.8.1","type":3,"timestamp":1642028397000},{"title":"The New War: Hotfix 31.0.8","url":"https://forums.warframe.com/topic/1296775-the-new-war-hotfix-3108/","tag":"31.0.8","type":2,"timestamp":1642021598000},{"title":"The New War: Hotfix 31.0.7","url":"https://forums.warframe.com/topic/1296126-the-new-war-hotfix-3107/","tag":"31.0.7","type":2,"timestamp":1641568849000},{"title":"The New War: Hotfix 31.0.6","url":"https://forums.warframe.com/topic/1295743-the-new-war-hotfix-3106/","tag":"31.0.6","type":2,"timestamp":1641326631000},{"title":"The New War: Hotfix 31.0.5","url":"https://forums.warframe.com/topic/1293591-the-new-war-hotfix-3105/","tag":"31.0.5","type":2,"timestamp":1640119799000},{"title":"The New War: Hotfix 31.0.4","url":"https://forums.warframe.com/topic/1293486-the-new-war-hotfix-3104/","tag":"31.0.4","type":2,"timestamp":1640105943000},{"title":"The New War: Hotfix 31.0.3","url":"https://forums.warframe.com/topic/1292266-the-new-war-hotfix-3103/","tag":"31.0.3","type":2,"timestamp":1639776402000},{"title":"The New War: Hotfix 31.0.2","url":"https://forums.warframe.com/topic/1291010-the-new-war-hotfix-3102/","tag":"31.0.2","type":2,"timestamp":1639618772000},{"title":"The New War: Hotfix 31.0.1","url":"https://forums.warframe.com/topic/1290750-the-new-war-hotfix-3101%C2%A0%C2%A0/","tag":"31.0.1","type":2,"timestamp":1639605455000},{"title":"Update 31: The New War","url":"https://forums.warframe.com/topic/1290487-update-31-the-new-war/","tag":"31","type":0,"timestamp":1639578193000},{"title":"Prime Resurgence: Hotfix 30.9.5","url":"https://forums.warframe.com/topic/1287620-prime-resurgence-hotfix-3095/","tag":"30.9.5","type":2,"timestamp":1637260708000},{"title":"Prime Resurgence: Hotfix 30.9.4","url":"https://forums.warframe.com/topic/1287160-prime-resurgence-hotfix-3094/","tag":"30.9.4","type":2,"timestamp":1637089126000},{"title":"Prime Resurgence: Hotfix 30.9.3","url":"https://forums.warframe.com/topic/1286448-prime-resurgence-hotfix-3093/","tag":"30.9.3","type":2,"timestamp":1636751629000},{"title":"Prime Resurgence: Hotfix 30.9.2","url":"https://forums.warframe.com/topic/1286170-prime-resurgence-hotfix-3092/","tag":"30.9.2","type":2,"timestamp":1636660430000},{"title":"Prime Resurgence: Hotfix 30.9.1","url":"https://forums.warframe.com/topic/1286116-prime-resurgence-hotfix-3091%C2%A0/","tag":"30.9.1","type":2,"timestamp":1636651709000},{"title":"Update 30.9.0: Prime Resurgence","url":"https://forums.warframe.com/topic/1286070-update-3090-prime-resurgence/","tag":"30.9","type":1,"timestamp":1636637612000},{"title":"Nights of Naberus: Hotfix 30.8.3","url":"https://forums.warframe.com/topic/1284343-nights-of-naberus-hotfix-3083/","tag":"30.8.3","type":2,"timestamp":1634576666000},{"title":"Nights of Naberus: Hotfix 30.8.2","url":"https://forums.warframe.com/topic/1283941-nights-of-naberus-hotfix-3082/","tag":"30.8.2","type":2,"timestamp":1634154811000},{"title":"Nights of Naberus: Hotfix 30.8.1","url":"https://forums.warframe.com/topic/1283279-nights-of-naberus-hotfix-3081/","tag":"30.8.1","type":2,"timestamp":1633549639000},{"title":"Nights of Naberus: Update 30.8.0","url":"https://forums.warframe.com/topic/1283036-nights-of-naberus-update-3080/","tag":"30.8","type":1,"timestamp":1633370714000},{"title":"Nidus Prime & Plague Star: Hotfix 30.7.6","url":"https://forums.warframe.com/topic/1281923-nidus-prime-plague-star-hotfix-3076/","tag":"30.7.6","type":2,"timestamp":1632429240000},{"title":"Nidus Prime & Plague Star: Hotfix 30.7.5","url":"https://forums.warframe.com/topic/1281196-nidus-prime-plague-star-hotfix-3075/","tag":"30.7.5","type":2,"timestamp":1631823352000},{"title":"Nidus Prime & Plague Star: Hotfix 30.7.4","url":"https://forums.warframe.com/topic/1280915-nidus-prime-plague-star-hotfix-3074/","tag":"30.7.4","type":2,"timestamp":1631644850000},{"title":"Nidus Prime & Plague Star: Hotfix 30.7.3","url":"https://forums.warframe.com/topic/1280358-nidus-prime-plague-star-hotfix-3073/","tag":"30.7.3","type":2,"timestamp":1631305936000},{"title":"Nidus Prime & Plague Star: Hotfix 30.7.2","url":"https://forums.warframe.com/topic/1280179-nidus-prime-plague-star-hotfix-3072%C2%A0%C2%A0/","tag":"30.7.2","type":2,"timestamp":1631225383000},{"title":"Nidus Prime & Plague Star: Hotfix 30.7.1 + 30.7.1.1","url":"https://forums.warframe.com/topic/1279944-nidus-prime-plague-star-hotfix-3071-30711/","tag":"30.7.1","type":2,"timestamp":1631138868000},{"title":"Update 30.7: Nidus Prime & Plague Star","url":"https://forums.warframe.com/topic/1279845-update-307-nidus-prime-plague-star/","tag":"30.7","type":1,"timestamp":1631120335000},{"title":"Nightwave: Prime Vault: Hotfix 30.6.1","url":"https://forums.warframe.com/topic/1276639-nightwave-prime-vault-hotfix-3061/","tag":"30.6.1","type":2,"timestamp":1628618629000},{"title":"Nightwave: Nora’s Choice: Update 30.6.0","url":"https://forums.warframe.com/topic/1275793-nightwave-nora%E2%80%99s-choice-update-3060/","tag":"30.6","type":1,"timestamp":1628098367000},{"title":"Sisters of Parvos: Hotfix 30.5.5","url":"https://forums.warframe.com/topic/1274960-sisters-of-parvos-hotfix-3055/","tag":"30.5.5","type":2,"timestamp":1627578512000},{"title":"Sisters of Parvos: Hotfix 30.5.4","url":"https://forums.warframe.com/topic/1272505-sisters-of-parvos-hotfix-3054/","tag":"30.5.4","type":2,"timestamp":1626526738000},{"title":"Sisters of Parvos: Hotfix 30.5.3","url":"https://forums.warframe.com/topic/1270868-sisters-of-parvos-hotfix-3053%C2%A0%C2%A0/","tag":"30.5.3","type":2,"timestamp":1625843254000},{"title":"Sisters of Parvos: Hotfix 30.5.2","url":"https://forums.warframe.com/topic/1270347-sisters-of-parvos-hotfix-3052/","tag":"30.5.2","type":2,"timestamp":1625689611000},{"title":"Sisters of Parvos: Hotfix 30.5.1","url":"https://forums.warframe.com/topic/1269937-sisters-of-parvos-hotfix-3051/","tag":"30.5.1","type":2,"timestamp":1625606658000},{"title":"Update 30.5: Sisters of Parvos","url":"https://forums.warframe.com/topic/1269749-update-305-sisters-of-parvos/","tag":"30.5","type":1,"timestamp":1625583730000},{"title":"Gara Prime: Hotfix 30.3.5","url":"https://forums.warframe.com/topic/1267287-gara-prime-hotfix-3035/","tag":"30.3.5","type":2,"timestamp":1623354461000},{"title":"Gara Prime: Hotfix 30.3.4","url":"https://forums.warframe.com/topic/1266345-gara-prime-hotfix-3034/","tag":"30.3.4","type":2,"timestamp":1622661305000},{"title":"Gara Prime: Hotfix 30.3.3","url":"https://forums.warframe.com/topic/1265693-gara-prime-hotfix-3033/","tag":"30.3.3","type":2,"timestamp":1622231100000},{"title":"Gara Prime: Hotfix 30.3.2","url":"https://forums.warframe.com/topic/1265543-gara-prime-hotfix-3032/","tag":"30.3.2","type":2,"timestamp":1622139466000},{"title":"Gara Prime: Hotfix 30.3.1","url":"https://forums.warframe.com/topic/1265229-gara-prime-hotfix-3031/","tag":"30.3.1","type":2,"timestamp":1621977321000},{"title":"Gara Prime: Update 30.3.0","url":"https://forums.warframe.com/topic/1265162-gara-prime-update-3030/","tag":"30.3","type":1,"timestamp":1621965409000},{"title":"Call of the Tempestarii: TennoGen: Hotfix 30.2.2","url":"https://forums.warframe.com/topic/1263763-call-of-the-tempestarii-tennogen-hotfix-3022/","tag":"30.2.2","type":2,"timestamp":1620942279000},{"title":"Call of the Tempestarii: TennoGen: Hotfix 30.2.1","url":"https://forums.warframe.com/topic/1263706-call-of-the-tempestarii-tennogen-hotfix-3021/","tag":"30.2.1","type":2,"timestamp":1620926511000},{"title":"Call of the Tempestarii: TennoGen: Update 30.2.0","url":"https://forums.warframe.com/topic/1263575-call-of-the-tempestarii-tennogen-update-3020/","tag":"30.2","type":1,"timestamp":1620848298000},{"title":"Call of the Tempestarii: TennoGen: Hotfix 30.1.1","url":"https://forums.warframe.com/topic/1262687-call-of-the-tempestarii-tennogen-hotfix-3011/","tag":"30.1.1","type":2,"timestamp":1620249145000},{"title":"Call of the Tempestarii: TennoGen: Update 30.1.0","url":"https://forums.warframe.com/topic/1261802-call-of-the-tempestarii-tennogen-update-3010/","tag":"30.1","type":1,"timestamp":1619718568000},{"title":"Call of the Tempestarii: Prime Vault: Hotfix 30.0.8 + 30.0.8.1","url":"https://forums.warframe.com/topic/1261452-call-of-the-tempestarii-prime-vault-hotfix-3008-30081/","tag":"30.0.8","type":2,"timestamp":1619546292000},{"title":"Call of the Tempestarii: Hotfix 30.0.7","url":"https://forums.warframe.com/topic/1260721-call-of-the-tempestarii-hotfix-3007/","tag":"30.0.7","type":2,"timestamp":1619114293000},{"title":"Call of the Tempestarii: Hotfix 30.0.6","url":"https://forums.warframe.com/topic/1260376-call-of-the-tempestarii-hotfix-3006/","tag":"30.0.6","type":2,"timestamp":1618947433000},{"title":"Call of the Tempestarii: Hotfix 30.0.5","url":"https://forums.warframe.com/topic/1259551-call-of-the-tempestarii-hotfix-3005/","tag":"30.0.5","type":2,"timestamp":1618600165000},{"title":"Call of the Tempestarii: Hotfix 30.0.4","url":"https://forums.warframe.com/topic/1259484-call-of-the-tempestarii-hotfix-3004/","tag":"30.0.4","type":2,"timestamp":1618586955000},{"title":"Call of the Tempestarii: Hotfix 30.0.3","url":"https://forums.warframe.com/topic/1259228-call-of-the-tempestarii-hotfix-3003/","tag":"30.0.3","type":2,"timestamp":1618508123000},{"title":"Call of the Tempestarii: Hotfix 30.0.2","url":"https://forums.warframe.com/topic/1258941-call-of-the-tempestarii-hotfix-3002/","tag":"30.0.2","type":2,"timestamp":1618427841000},{"title":"Call of the Tempestarii: Hotfix 30.0.1","url":"https://forums.warframe.com/topic/1258654-call-of-the-tempestarii-hotfix-3001/","tag":"30.0.1","type":2,"timestamp":1618352165000},{"title":"Call of the Tempestarii: Update 30","url":"https://forums.warframe.com/topic/1258560-call-of-the-tempestarii-update-30/","tag":"30","type":0,"timestamp":1618337042000},{"title":"Corpus Proxima & The New Railjack: Hotfix 29.10.10","url":"https://forums.warframe.com/topic/1257553-corpus-proxima-the-new-railjack-hotfix-291010/","tag":"29.10.10","type":2,"timestamp":1617650440000},{"title":"Corpus Proxima & The New Railjack: Hotfix 29.10.9","url":"https://forums.warframe.com/topic/1257043-corpus-proxima-the-new-railjack-hotfix-29109/","tag":"29.10.9","type":2,"timestamp":1617313002000},{"title":"Corpus Proxima & The New Railjack: Hotfix 29.10.8","url":"https://forums.warframe.com/topic/1256868-corpus-proxima-the-new-railjack-hotfix-29108/","tag":"29.10.8","type":2,"timestamp":1617225485000},{"title":"Corpus Proxima & The New Railjack: Hotfix 29.10.7","url":"https://forums.warframe.com/topic/1256039-corpus-proxima-the-new-railjack-hotfix-29107/","tag":"29.10.7","type":2,"timestamp":1616798416000},{"title":"Corpus Proxima & The New Railjack: Hotfix 29.10.6","url":"https://forums.warframe.com/topic/1255713-corpus-proxima-the-new-railjack-hotfix-29106/","tag":"29.10.6","type":2,"timestamp":1616687009000},{"title":"Corpus Proxima & The New Railjack: Hotfix 29.10.5","url":"https://forums.warframe.com/topic/1255521-corpus-proxima-the-new-railjack-hotfix-29105%C2%A0/","tag":"29.10.5","type":2,"timestamp":1616622957000},{"title":"Corpus Proxima & The New Railjack: Hotfix 29.10.4","url":"https://forums.warframe.com/topic/1255250-corpus-proxima-the-new-railjack-hotfix-29104%C2%A0/","tag":"29.10.4","type":2,"timestamp":1616536388000},{"title":"Corpus Proxima & The New Railjack: Hotfix 29.10.3","url":"https://forums.warframe.com/topic/1255179-corpus-proxima-the-new-railjack-hotfix-29103/","tag":"29.10.3","type":2,"timestamp":1616520631000},{"title":"Corpus Proxima & The New Railjack: Hotfix 29.10.2","url":"https://forums.warframe.com/topic/1253850-corpus-proxima-the-new-railjack-hotfix-29102/","tag":"29.10.2","type":2,"timestamp":1616201422000},{"title":"Corpus Proxima & The New Railjack: Hotfix 29.10.1","url":"https://forums.warframe.com/topic/1253744-corpus-proxima-the-new-railjack-hotfix-29101%C2%A0/","tag":"29.10.1","type":2,"timestamp":1616188423000},{"title":"Update 29.10.0: Corpus Proxima & The New Railjack","url":"https://forums.warframe.com/topic/1253565-update-29100-corpus-proxima-the-new-railjack/","tag":"29.10","type":1,"timestamp":1616167114000},{"title":"Octavia Prime: Hotfix 29.9.1","url":"https://forums.warframe.com/topic/1250638-octavia-prime-hotfix-2991/","tag":"29.9.1","type":2,"timestamp":1614183975000},{"title":"Octavia Prime: Update 29.9.0","url":"https://forums.warframe.com/topic/1250473-octavia-prime-update-2990/","tag":"29.9","type":1,"timestamp":1614106421000},{"title":"Star Days: Hotfix 29.8.1","url":"https://forums.warframe.com/topic/1249855-star-days-hotfix-2981/","tag":"29.8.1","type":2,"timestamp":1613663872000},{"title":"Star Days: Update 29.8.0","url":"https://forums.warframe.com/topic/1248934-star-days-update-2980/","tag":"29.8","type":1,"timestamp":1613069850000},{"title":"Nightwave: Intermission III: Update 29.7.0","url":"https://forums.warframe.com/topic/1247625-nightwave-intermission-iii-update-2970/","tag":"29.7","type":1,"timestamp":1612205852000},{"title":"Orphix Venom: Hotfix 29.6.9","url":"https://forums.warframe.com/topic/1246989-orphix-venom-hotfix-2969/","tag":"29.6.9","type":2,"timestamp":1611868122000},{"title":"Orphix Venom: Hotfix 29.6.8 + 29.6.8.1","url":"https://forums.warframe.com/topic/1246499-orphix-venom-hotfix-2968-29681/","tag":"29.6.8.1","type":3,"timestamp":1611592260000},{"title":"Orphix Venom: Hotfix 29.6.8 + 29.6.8.1","url":"https://forums.warframe.com/topic/1246499-orphix-venom-hotfix-2968-29681/","tag":"29.6.8","type":2,"timestamp":1611592260000},{"title":"Orphix Venom: Hotfix 29.6.7 + 29.6.7.1","url":"https://forums.warframe.com/topic/1245021-orphix-venom-hotfix-2967-29671/","tag":"29.6.7.1","type":3,"timestamp":1610549220000},{"title":"Orphix Venom: Hotfix 29.6.7 + 29.6.7.1","url":"https://forums.warframe.com/topic/1245021-orphix-venom-hotfix-2967-29671/","tag":"29.6.7","type":2,"timestamp":1610549220000},{"title":"Orphix Venom: Hotfix 29.6.6","url":"https://forums.warframe.com/topic/1244885-orphix-venom-hotfix-2966/","tag":"29.6.6","type":2,"timestamp":1610467680000},{"title":"Orphix Venom: Hotfix 29.6.5","url":"https://forums.warframe.com/topic/1244435-orphix-venom-hotfix-2965/","tag":"29.6.5","type":2,"timestamp":1610129700000},{"title":"Orphix Venom: Hotfix 29.6.4","url":"https://forums.warframe.com/topic/1244110-orphix-venom-hotfix-2964/","tag":"29.6.4","type":2,"timestamp":1609939980000},{"title":"Orphix Venom: Hotfix 29.6.3","url":"https://forums.warframe.com/topic/1242116-orphix-venom-hotfix-2963/","tag":"29.6.3","type":2,"timestamp":1608667860000},{"title":"Orphix Venom: Hotfix 29.6.2","url":"https://forums.warframe.com/topic/1242046-orphix-venom-hotfix-2962/","tag":"29.6.2","type":2,"timestamp":1608650340000},{"title":"Orphix Venom: Hotfix 29.6.1","url":"https://forums.warframe.com/topic/1241287-orphix-venom-hotfix-2961/","tag":"29.6.1","type":2,"timestamp":1608324540000},{"title":"Update 29.6.0: Orphix Venom!","url":"https://forums.warframe.com/topic/1241202-update-2960-orphix-venom/","tag":"29.6","type":1,"timestamp":1608320294000},{"title":"Deimos: Arcana: Prime Vault 29.5.9","url":"https://forums.warframe.com/topic/1240704-deimos-arcana-prime-vault-2959/","tag":"29.5.9","type":2,"timestamp":1608059688000},{"title":"Deimos: Arcana: Hotfix 29.5.8","url":"https://forums.warframe.com/topic/1240154-hotfix-2958/","tag":"29.5.8","type":2,"timestamp":1607731680000},{"title":"Deimos: Arcana: Hotfix 29.5.7","url":"https://forums.warframe.com/topic/1239954-deimos-arcana-hotfix-2957/","tag":"29.5.7","type":2,"timestamp":1607635615000},{"title":"Deimos: Arcana: Hotfix 29.5.6","url":"https://forums.warframe.com/topic/1238756-deimos-arcana-hotfix-2956/","tag":"29.5.6","type":2,"timestamp":1606862166000},{"title":"Deimos: Arcana: Hotfix 29.5.5 + 29.5.5.1","url":"https://forums.warframe.com/topic/1238119-deimos-arcana-hotfix-2955-29551/","tag":"29.5.5.1","type":3,"timestamp":1606526880000},{"title":"Deimos: Arcana: Hotfix 29.5.5 + 29.5.5.1","url":"https://forums.warframe.com/topic/1238119-deimos-arcana-hotfix-2955-29551/","tag":"29.5.5","type":2,"timestamp":1606526880000},{"title":"Deimos: Arcana: Hotfix 29.5.4","url":"https://forums.warframe.com/topic/1237744-deimos-arcana-hotfix-2954/","tag":"29.5.4","type":2,"timestamp":1606342269000},{"title":"Deimos: Arcana: Hotfix 29.5.3","url":"https://forums.warframe.com/topic/1237408-deimos-arcana-hotfix-2953/","tag":"29.5.3","type":2,"timestamp":1606172705000},{"title":"Deimos: Arcana: Hotfix 29.5.2","url":"https://forums.warframe.com/topic/1236646-deimos-arcana-hotfix-2952/","tag":"29.5.2","type":2,"timestamp":160651812000},{"title":"Deimos: Arcana: Hotfix 29.5.1","url":"https://forums.warframe.com/topic/1236297-deimos-arcana-hotfix-2951/","tag":"29.5.1","type":2,"timestamp":1605839268000},{"title":"Update 29.5: Deimos Arcana","url":"https://forums.warframe.com/topic/1236257-update-295-deimos-arcana/","tag":"29.5","type":1,"timestamp":1605832026000},{"title":"Heart of Deimos: TennoGen: 29.3.2","url":"https://forums.warframe.com/topic/1234372-heart-of-deimos-tennogen-2932/","tag":"29.3.2","type":2,"timestamp":1604613571000},{"title":"Heart of Deimos: TennoGen: 29.3.1","url":"https://forums.warframe.com/topic/1234193-heart-of-deimos-tennogen-2931/","tag":"29.3.1","type":2,"timestamp":1604512560000},{"title":"Heart of Deimos: Nezha Prime: 29.3.0 + 29.3.0.1","url":"https://forums.warframe.com/topic/1232841-heart-of-deimos-nezha-prime-2930-29301/","tag":"29.3","type":1,"timestamp":1603821579000},{"title":"Heart of Deimos: Hotfix: 29.2.4: NIGHTS OF NABERUS!","url":"https://forums.warframe.com/topic/1231382-heart-of-deimos-hotfix-2924-nights-of-naberus/","tag":"29.2.4","type":2,"timestamp":1602789089000},{"title":"Heart of Deimos: Hotfix: 29.2.3","url":"https://forums.warframe.com/topic/1230227-heart-of-deimos-hotfix-2923/","tag":"29.2.3","type":2,"timestamp":1602196320000},{"title":"Heart of Deimos: Hotfix: 29.2.2","url":"https://forums.warframe.com/topic/1229890-heart-of-deimos-hotfix-2922/","tag":"29.2.2","type":2,"timestamp":1602012960000},{"title":"Heart of Deimos: TennoGen: 29.2.1","url":"https://forums.warframe.com/topic/1229060-heart-of-deimos-tennogen-2921/","tag":"29.2.1","type":2,"timestamp":1601581860000},{"title":"Heart of Deimos: Prime Vault: 29.2.0","url":"https://forums.warframe.com/topic/1228676-heart-of-deimos-prime-vault-2920/","tag":"29.2","type":1,"timestamp":1601403133000},{"title":"Heart of Deimos: Hotfix 29.1.2 + Hotfix 29.1.2.1","url":"https://forums.warframe.com/topic/1227236-heart-of-deimos-hotfix-2912-hotfix-29121/","tag":"29.1.2","type":2,"timestamp":1600799510000},{"title":"Heart of Deimos: Update 29.1.0","url":"https://forums.warframe.com/topic/1225874-heart-of-deimos-update-2910/","tag":"29.1","type":1,"timestamp":1600358671000},{"title":"Heart of Deimos: Hotfix 29.0.8","url":"https://forums.warframe.com/topic/1224002-heart-of-deimos-hotfix-2908/","tag":"29.0.8","type":2,"timestamp":1599762527000},{"title":"Heart of Deimos: Hotfix 29.0.7","url":"https://forums.warframe.com/topic/1221646-heart-of-deimos-hotfix-2907/","tag":"29.0.7","type":2,"timestamp":1599163985000},{"title":"Heart of Deimos: Hotfix 29.0.6","url":"https://forums.warframe.com/topic/1220813-heart-of-deimos-hotfix-2906/","tag":"29.0.6","type":2,"timestamp":1599000505000},{"title":"Heart of Deimos: Hotfix 29.0.5","url":"https://forums.warframe.com/topic/1218594-heart-of-deimos-hotfix-2905/","tag":"29.0.5","type":2,"timestamp":1598644421000},{"title":"Heart of Deimos: Hotfix 29.0.4","url":"https://forums.warframe.com/topic/1218017-heart-of-deimos-hotfix-2904/","tag":"29.0.4","type":2,"timestamp":1598569531000},{"title":"Heart of Deimos: Hotfix 29.0.3","url":"https://forums.warframe.com/topic/1217375-heart-of-deimos-hotfix-2903/","tag":"29.0.3","type":2,"timestamp":1598488272000},{"title":"Heart of Deimos: Update 29","url":"https://forums.warframe.com/topic/1216407-heart-of-deimos-update-29/","tag":"29","type":0,"timestamp":1598385420000},{"title":"Derelict Shift: Hotfix 28.3.3","url":"https://forums.warframe.com/topic/1213570-derelict-shift-hotfix-2833/","tag":"28.3.3","type":2,"timestamp":1597347434000},{"title":"Derelict Shift: Hotfix 28.3.2","url":"https://forums.warframe.com/topic/1213180-derelict-shift-hotfix-2832/","tag":"28.3.2","type":2,"timestamp":1597281046000},{"title":"Derelict Shift: Hotfix 28.3.1","url":"https://forums.warframe.com/topic/1213044-derelict-shift-hotfix-2831/","tag":"28.3.1","type":2,"timestamp":1597266311000},{"title":"Derelict Shift: Update 28.3.0","url":"https://forums.warframe.com/topic/1212935-derelict-shift-update-2830/","tag":"28.3","type":1,"timestamp":1597257292000},{"title":"The Steel Path: Inaros Prime 28.2.1","url":"https://forums.warframe.com/topic/1209933-the-steel-path-inaros-prime-2821/","tag":"28.2.1","type":2,"timestamp":1596290288000},{"title":"The Steel Path: Inaros Prime 28.2.0 + 28.2.0.1","url":"https://forums.warframe.com/topic/1207002-the-steel-path-inaros-prime-2820-28201/","tag":"28.2","type":1,"timestamp":1594749669000},{"title":"The Steel Path: Hotfix 28.1.1","url":"https://forums.warframe.com/topic/1205966-the-steel-path-hotfix-2811/","tag":"28.1.1","type":2,"timestamp":1594324097000},{"title":"The Steel Path: Update 28.1.0","url":"https://forums.warframe.com/topic/1205630-the-steel-path-update-2810/","tag":"28.1","type":1,"timestamp":1594238960000},{"title":"The Deadlock Protocol: Hotfix 28.0.7","url":"https://forums.warframe.com/topic/1203240-the-deadlock-protocol-hotfix-2807/","tag":"28.0.7","type":2,"timestamp":1593099814000},{"title":"The Deadlock Protocol: Hotfix 28.0.6 + 28.0.6.1","url":"https://forums.warframe.com/topic/1203007-the-deadlock-protocol-hotfix-2806-28061/","tag":"28.0.6","type":2,"timestamp":1593021622000},{"title":"The Deadlock Protocol: Hotfix 28.0.5","url":"https://forums.warframe.com/topic/1201526-the-deadlock-protocol-hotfix-2805/","tag":"28.0.5","type":2,"timestamp":1592416888000},{"title":"The Deadlock Protocol: Hotfix 28.0.4","url":"https://forums.warframe.com/topic/1200134-the-deadlock-protocol-hotfix-2804/","tag":"28.0.4","type":2,"timestamp":1591997760000},{"title":"The Deadlock Protocol: Hotfix 28.0.3","url":"https://forums.warframe.com/topic/1200099-the-deadlock-protocol-hotfix-2803/","tag":"28.0.3","type":2,"timestamp":1591992606000},{"title":"The Deadlock Protocol: Hotfix 28.0.2","url":"https://forums.warframe.com/topic/1199763-the-deadlock-protocol-hotfix-2802/","tag":"28.0.2","type":2,"timestamp":1591921020000},{"title":"The Deadlock Protocol: Hotfix 28.0.1","url":"https://forums.warframe.com/topic/1199617-the-deadlock-protocol-hotfix-2801/","tag":"28.0.1","type":2,"timestamp":1591903523000},{"title":"Update 28: The Deadlock Protocol","url":"https://forums.warframe.com/topic/1199557-update-28-the-deadlock-protocol/","tag":"28","type":0,"timestamp":1591896588000},{"title":"Prime Vault: Hotfix 27.5.6 + 27.5.6.1","url":"https://forums.warframe.com/topic/1196415-prime-vault-hotfix-2756-27561/","tag":"27.5.6","type":2,"timestamp":1590516849000},{"title":"Nightwave Series 3: Glassmaker: Hotfix 27.5.5","url":"https://forums.warframe.com/topic/1195171-nightwave-series-3-glassmaker-hotfix-2755/","tag":"27.5.5","type":2,"timestamp":1590072630000},{"title":"Nightwave Series 3: Glassmaker: Hotfix 27.5.4","url":"https://forums.warframe.com/topic/1194906-nightwave-series-3-glassmaker-hotfix-2754/","tag":"27.5.4","type":2,"timestamp":1589995752000},{"title":"Nightwave Series 3: Glassmaker: Hotfix 27.5.3","url":"https://forums.warframe.com/topic/1193593-nightwave-series-3-glassmaker-hotfix-2753/","tag":"27.5.3","type":2,"timestamp":1589565863000},{"title":"Nightwave Series 3: Glassmaker: Hotfix 27.5.2","url":"https://forums.warframe.com/topic/1192961-nightwave-series-3-glassmaker-hotfix-2752/","tag":"27.5.2","type":2,"timestamp":1589392095000},{"title":"Nightwave Series 3: Glassmaker: Hotfix 27.5.1","url":"https://forums.warframe.com/topic/1192506-nightwave-series-3-glassmaker-hotfix-2751/","tag":"27.5.1","type":2,"timestamp":1589305952000},{"title":"Nightwave Series 3: Glassmaker: Update 27.5.0","url":"https://forums.warframe.com/topic/1192415-nightwave-series-3-glassmaker-update-2750/","tag":"27.5","type":1,"timestamp":1589294260000},{"title":"Warframe Revised: Railjack Revisited (Part 1): Hotfix 27.4.4","url":"https://forums.warframe.com/topic/1191283-warframe-revised-railjack-revisited-part-1-hotfix-2744/","tag":"27.4.4","type":2,"timestamp":1588879227000},{"title":"Warframe Revised: Railjack Revisited (Part 1): Hotfix 27.4.3","url":"https://forums.warframe.com/topic/1190778-warframe-revised-railjack-revisited-part-1-hotfix-2743/","tag":"27.4.3","type":2,"timestamp":1588711946000},{"title":"Warframe Revised: Railjack Revisited (Part 1): Hotfix 27.4.2","url":"https://forums.warframe.com/topic/1190432-warframe-revised-railjack-revisited-part-1-hotfix-2742/","tag":"27.4.2","type":2,"timestamp":1588618291000},{"title":"Warframe Revised: Railjack Revisited (Part 1): Hotfix 27.4.1","url":"https://forums.warframe.com/topic/1189425-warframe-revised-railjack-revisited-part-1-hotfix-2741/","tag":"27.4.1","type":2,"timestamp":1588364209000},{"title":"Warframe Revised: Railjack Revisited (Part 1): Update 27.4","url":"https://forums.warframe.com/topic/1189247-warframe-revised-railjack-revisited-part-1-update-274/","tag":"27.4","type":1,"timestamp":1588339306000},{"title":"Scarlet Spear: 27.3.16","url":"https://forums.warframe.com/topic/1187202-scarlet-spear-27316/","tag":"27.3.16","type":2,"timestamp":1587577900000},{"title":"Scarlet Spear: 27.3.15 + 27.3.15.1","url":"https://forums.warframe.com/topic/1185940-scarlet-spear-27315-273151/","tag":"27.3.15","type":2,"timestamp":1587144685000},{"title":"Scarlet Spear: 27.3.14","url":"https://forums.warframe.com/topic/1185406-scarlet-spear-27314/","tag":"27.3.14","type":2,"timestamp":1586973707000},{"title":"Scarlet Spear: 27.3.13","url":"https://forums.warframe.com/topic/1185141-scarlet-spear-27313/","tag":"27.3.13","type":2,"timestamp":1586893932000},{"title":"Scarlet Spear: 27.3.12","url":"https://forums.warframe.com/topic/1185014-scarlet-spear-27312/","tag":"27.3.12","type":2,"timestamp":1586871136000},{"title":"Scarlet Spear: 27.3.11","url":"https://forums.warframe.com/topic/1183684-scarlet-spear-27311/","tag":"27.3.11","type":2,"timestamp":1586460731000},{"title":"Scarlet Spear: TennoGen 27.3.10","url":"https://forums.warframe.com/topic/1183272-scarlet-spear-tennogen-27310/","tag":"27.3.10","type":2,"timestamp":1586358138000},{"title":"Scarlet Spear: TennoGen 27.3.9","url":"https://forums.warframe.com/topic/1182949-scarlet-spear-tennogen-2739/","tag":"27.3.9","type":2,"timestamp":1586266965000},{"title":"Operation: Scarlet Spear: TennoGen 27.3.8 + 27.3.8.1 + 27.3.8.2","url":"https://forums.warframe.com/topic/1181462-operation-scarlet-spear-tennogen-2738-27381-27382/","tag":"27.3.8","type":2,"timestamp":1585845188000},{"title":"Operation: Scarlet Spear: Titania Prime 27.3.7","url":"https://forums.warframe.com/topic/1180847-operation-scarlet-spear-titania-prime-2737/","tag":"27.3.7","type":2,"timestamp":1585685513000},{"title":"Operation: Scarlet Spear: Titania Prime 27.3.6","url":"https://forums.warframe.com/topic/1180787-operation-scarlet-spear-titania-prime-2736/","tag":"27.3.6","type":2,"timestamp":1585674264000},{"title":"Operation: Scarlet Spear: Hotfix 27.3.5","url":"https://forums.warframe.com/topic/1179539-operation-scarlet-spear-hotfix-2735/","tag":"27.3.5","type":2,"timestamp":1585332067000},{"title":"Operation: Scarlet Spear: Hotfix 27.3.4","url":"https://forums.warframe.com/topic/1179144-operation-scarlet-spear-hotfix-2734/","tag":"27.3.4","type":2,"timestamp":1585252299000},{"title":"Operation: Scarlet Spear: Hotfix 27.3.3","url":"https://forums.warframe.com/topic/1178728-operation-scarlet-spear-hotfix-2733/","tag":"27.3.3","type":2,"timestamp":1585172512000},{"title":"Operation: Scarlet Spear: Hotfix 27.3.2","url":"https://forums.warframe.com/topic/1178343-operation-scarlet-spear-hotfix-2732/","tag":"27.3.2","type":2,"timestamp":1585103573000},{"title":"Operation: Scarlet Spear: Hotfix 27.3.1","url":"https://forums.warframe.com/topic/1178166-operation-scarlet-spear-hotfix-2731/","tag":"27.3.1","type":2,"timestamp":1585077699000},{"title":"Operation: Scarlet Spear: 27.3.0","url":"https://forums.warframe.com/topic/1178095-operation-scarlet-spear-2730/","tag":"27.3","type":1,"timestamp":1585069387000},{"title":"Warframe Revised: Hotfix 27.2.2","url":"https://forums.warframe.com/topic/1173118-warframe-revised-hotfix-2722/","tag":"27.2.2","type":2,"timestamp":1583524887000},{"title":"Warframe Revised: Hotfix 27.2.1","url":"https://forums.warframe.com/topic/1172684-warframe-revised-hotfix-2721/","tag":"27.2.1","type":2,"timestamp":1583449581000},{"title":"Warframe Revised: Update 27.2.0","url":"https://forums.warframe.com/topic/1172454-warframe-revised-update-2720/","tag":"27.2","type":1,"timestamp":1583422352000},{"title":"Empyrean: Prime Vault 27.1.2","url":"https://forums.warframe.com/topic/1169441-empyrean-prime-vault-2712/","tag":"27.1.2","type":2,"timestamp":1582058062000},{"title":"Empyrean: Prime Vault 27.1.1","url":"https://forums.warframe.com/topic/1167915-empyrean-prime-vault-2711/","tag":"27.1.1","type":2,"timestamp":1581447528000},{"title":"Empyrean: Kuva Lich Changes 27.1.0 + 27.1.0.1","url":"https://forums.warframe.com/topic/1166021-empyrean-kuva-lich-changes-2710-27101/","tag":"27.1","type":1,"timestamp":1580842710000},{"title":"Empyrean: Ivara Prime 27.0.12 + 27.0.12.1","url":"https://forums.warframe.com/topic/1163746-empyrean-ivara-prime-27012-270121/","tag":"27.0.12","type":2,"timestamp":1579793767000},{"title":"Empyrean: Ivara Prime 27.0.11 - 27.0.11.3","url":"https://forums.warframe.com/topic/1162207-empyrean-ivara-prime-27011-270113/","tag":"27.0.11","type":2,"timestamp":1579198946000},{"title":"Empyrean: Ivara Prime 27.0.10","url":"https://forums.warframe.com/topic/1160887-empyrean-ivara-prime-27010/","tag":"27.0.10","type":2,"timestamp":1578690260000},{"title":"Empyrean: Ivara Prime 27.0.9","url":"https://forums.warframe.com/topic/1160497-empyrean-ivara-prime-2709/","tag":"27.0.9","type":2,"timestamp":1578588191000},{"title":"Empyrean: Ivara Prime 27.0.8","url":"https://forums.warframe.com/topic/1155657-empyrean-ivara-prime-2708/","tag":"27.0.8","type":2,"timestamp":1576875096000},{"title":"Empyrean: Ivara Prime 27.0.7","url":"https://forums.warframe.com/topic/1155166-empyrean-ivara-prime-2707/","tag":"27.0.7","type":2,"timestamp":1576793840000},{"title":"Empyrean: Ivara Prime 27.0.6.1","url":"https://forums.warframe.com/topic/1154608-empyrean-ivara-prime-27061/","tag":"27.0.6.1","type":3,"timestamp":1576709651000},{"title":"Empyrean: Ivara Prime 27.0.5","url":"https://forums.warframe.com/topic/1154134-empyrean-ivara-prime-2705/","tag":"27.0.5","type":2,"timestamp":1576623695000},{"title":"Empyrean: Ivara Prime 27.0.4","url":"https://forums.warframe.com/topic/1154021-empyrean-ivara-prime-2704/","tag":"27.0.4","type":2,"timestamp":1576609082000},{"title":"Empyrean: Hotfix 27.0.3","url":"https://forums.warframe.com/topic/1153336-empyrean-hotfix-2703/","tag":"27.0.3","type":2,"timestamp":1576511061000},{"title":"Empyrean: Hotfix 27.0.2","url":"https://forums.warframe.com/topic/1151964-empyrean-hotfix-2702/","tag":"27.0.2","type":2,"timestamp":1576275657000},{"title":"Empyrean: Hotfix 27.0.1","url":"https://forums.warframe.com/topic/1151534-empyrean-hotfix-2701/","tag":"27.0.1","type":2,"timestamp":1576217269000},{"title":"Empyrean: Update 27","url":"https://forums.warframe.com/topic/1151428-empyrean-update-27/","tag":"27","type":0,"timestamp":1576204469000},{"title":"Rising Tide: Hotfix 26.1.3","url":"https://forums.warframe.com/topic/1146782-rising-tide-hotfix-2613/","tag":"26.1.3","type":2,"timestamp":1574796836000},{"title":"Rising Tide: Hotfix 26.1.2","url":"https://forums.warframe.com/topic/1146388-rising-tide-hotfix-2612/","tag":"26.1.2","type":2,"timestamp":1574716827000},{"title":"Rising Tide: Hotfix 26.1.1","url":"https://forums.warframe.com/topic/1145002-rising-tide-hotfix-2611/","tag":"26.1.1","type":2,"timestamp":1574473820000},{"title":"Rising Tide: Update 26.1","url":"https://forums.warframe.com/topic/1144842-rising-tide-update-261/","tag":"26.1","type":1,"timestamp":1574458714000},{"title":"The Old Blood: Prime Vault 26.0.8 + 26.0.8.1","url":"https://forums.warframe.com/topic/1143840-the-old-blood-prime-vault-2608-26081/","tag":"26.0.8","type":2,"timestamp":1574189881000},{"title":"The Old Blood: Hotfix 26.0.7","url":"https://forums.warframe.com/topic/1142475-the-old-blood-hotfix-2607/","tag":"26.0.7","type":2,"timestamp":1573766632000},{"title":"The Old Blood: Hotfix 26.0.6 + 26.0.6.1","url":"https://forums.warframe.com/topic/1140467-the-old-blood-hotfix-2606-26061/","tag":"26.0.6","type":2,"timestamp":1573164810000},{"title":"The Old Blood: Hotfix 26.0.5","url":"https://forums.warframe.com/topic/1139999-the-old-blood-hotfix-2605/","tag":"26.0.5","type":2,"timestamp":1573073436000},{"title":"The Old Blood: Hotfix 26.0.4 + 26.0.4.1","url":"https://forums.warframe.com/topic/1139431-the-old-blood-hotfix-2604-26041/","tag":"26.0.4","type":2,"timestamp":1572972739000},{"title":"The Old Blood: Hotfix 26.0.3","url":"https://forums.warframe.com/topic/1137487-the-old-blood-hotfix-2603/","tag":"26.0.3","type":2,"timestamp":1572640867000},{"title":"The Old Blood: Hotfix 26.0.2","url":"https://forums.warframe.com/topic/1137019-the-old-blood-hotfix-2602/","tag":"26.0.2","type":2,"timestamp":1572579521000},{"title":"The Old Blood: Hotfix 26.0.1","url":"https://forums.warframe.com/topic/1136833-the-old-blood-hotfix-2601/","tag":"26.0.1","type":2,"timestamp":1572561331000},{"title":"Update 26: The Old Blood","url":"https://forums.warframe.com/topic/1136784-update-26-the-old-blood/","tag":"26","type":0,"timestamp":1572552442000},{"title":"Atlas Prime: Hotfix 25.8.2","url":"https://forums.warframe.com/topic/1134461-atlas-prime-hotfix-2582/","tag":"25.8.2","type":2,"timestamp":1571413436000},{"title":"Atlas Prime: Hotfix 25.8.1 + 25.8.1.1","url":"https://forums.warframe.com/topic/1133158-atlas-prime-hotfix-2581-25811/","tag":"25.8.1","type":2,"timestamp":1570634953000},{"title":"Atlas Prime: Update 25.8.0 + 25.8.0.1","url":"https://forums.warframe.com/topic/1131643-atlas-prime-update-2580-25801/","tag":"25.8","type":1,"timestamp":1569952828000},{"title":"TennoGen & Nightwave Episode 5: Hotfix 25.7.8","url":"https://forums.warframe.com/topic/1130720-tennogen-nightwave-episode-5-hotfix-2578/","tag":"25.7.8","type":2,"timestamp":1569531627000},{"title":"TennoGen & Nightwave Episode 5: Hotfix 25.7.7","url":"https://forums.warframe.com/topic/1130656-tennogen-nightwave-episode-5-hotfix-2577/","tag":"25.7.7","type":2,"timestamp":1569514233000},{"title":"Arbitrations Revisited: Hotfix 25.7.6","url":"https://forums.warframe.com/topic/1129207-arbitrations-revisited-hotfix-2576/","tag":"25.7.6","type":2,"timestamp":1568833988000},{"title":"Prime Vault: Hotfix 25.7.5","url":"https://forums.warframe.com/topic/1127427-prime-vault-hotfix-2575/","tag":"25.7.5","type":2,"timestamp":1568055950000},{"title":"Prime Vault: Hotfix 25.7.4 + 25.7.4.1","url":"https://forums.warframe.com/topic/1126459-prime-vault-hotfix-2574-25741/","tag":"25.7.4","type":2,"timestamp":1567710126000},{"title":"Prime Vault: Hotfix 25.7.3 + 25.7.3.1","url":"https://forums.warframe.com/topic/1125828-prime-vault-hotfix-2573-25731/","tag":"25.7.3","type":2,"timestamp":1567533639000},{"title":"Hotfix 25.7.2 + 25.7.2.1","url":"https://forums.warframe.com/topic/1124402-hotfix-2572-25721/","tag":"25.7.2","type":2,"timestamp":1567192309000},{"title":"Hotfix 25.7.1","url":"https://forums.warframe.com/topic/1123946-hotfix-2571/","tag":"25.7.1","type":2,"timestamp":1567125410000},{"title":"Saint of Altra: Update 25.7.0","url":"https://forums.warframe.com/topic/1123841-saint-of-altra-update-2570/","tag":"25.7","type":1,"timestamp":1567114556000},{"title":"Hotfix 25.6.3","url":"https://forums.warframe.com/topic/1120514-hotfix-2563/","tag":"25.6.3","type":2,"timestamp":1565811523000},{"title":"Augment Tweaks: Hotfix 25.6.2","url":"https://forums.warframe.com/topic/1119199-augment-tweaks-hotfix-2562/","tag":"25.6.2","type":2,"timestamp":1565376428000},{"title":"Augment Tweaks: Hotfix 25.6.1","url":"https://forums.warframe.com/topic/1118930-augment-tweaks-hotfix-2561/","tag":"25.6.1","type":2,"timestamp":1565297255000},{"title":"Augment Tweaks: Update 25.6.0","url":"https://forums.warframe.com/topic/1118825-augment-tweaks-update-2560/","tag":"25.6","type":1,"timestamp":1565275817000},{"title":"Wukong Deluxe: Hotfix 25.5.4","url":"https://forums.warframe.com/topic/1118374-wukong-deluxe-hotfix-2554/","tag":"25.5.4","type":2,"timestamp":1565128299000},{"title":"Wukong Deluxe: Hotfix 25.5.3","url":"https://forums.warframe.com/topic/1118336-wukong-deluxe-hotfix-2553/","tag":"25.5.3","type":2,"timestamp":1565122067000},{"title":"Wukong Deluxe: Hotfix 25.5.1 + 25.5.2","url":"https://forums.warframe.com/topic/1117121-wukong-deluxe-hotfix-2551-2552/","tag":"25.5.1","type":2,"timestamp":1564776253000},{"title":"Wukong Deluxe: Update 25.5.0 + 25.5.0.1","url":"https://forums.warframe.com/topic/1116515-wukong-deluxe-update-2550-25501/","tag":"25.5","type":1,"timestamp":1564596301000},{"title":"Hotfix 25.4.3","url":"https://forums.warframe.com/topic/1115040-hotfix-2543/","tag":"25.4.3","type":2,"timestamp":1564173520000},{"title":"Hotfix 25.4.2","url":"https://forums.warframe.com/topic/1114731-hotfix-2542/","tag":"25.4.2","type":2,"timestamp":1564081827000},{"title":"Hotfix 25.4.1 + 25.4.1.1","url":"https://forums.warframe.com/topic/1114367-hotfix-2541-25411/","tag":"25.4.1","type":2,"timestamp":1563997448000},{"title":"Tenno Reinforcements: Update 25.4.0","url":"https://forums.warframe.com/topic/1112632-tenno-reinforcements-update-2540/","tag":"25.4","type":1,"timestamp":1563476525000},{"title":"Prime Vault: Hotfix 25.3.3 + 25.3.3.1","url":"https://forums.warframe.com/topic/1111888-prime-vault-hotfix-2533-25331/","tag":"25.3.3","type":2,"timestamp":1563300037000},{"title":"Wukong Prime: Hotfix 25.3.2 + 25.3.2.1","url":"https://forums.warframe.com/topic/1110370-wukong-prime-hotfix-2532-25321/","tag":"25.3.2","type":2,"timestamp":1562944466000},{"title":"Wukong Prime: Hotfix 25.3.1","url":"https://forums.warframe.com/topic/1108983-wukong-prime-hotfix-2531/","tag":"25.3.1","type":2,"timestamp":1562616242000},{"title":"Wukong Prime: Update 25.3.0","url":"https://forums.warframe.com/topic/1108021-wukong-prime-update-2530/","tag":"25.3","type":1,"timestamp":1562443899000},{"title":"The Jovian Concord: Hotfix 25.2.4","url":"https://forums.warframe.com/topic/1106175-the-jovian-concord-hotfix-2524/","tag":"25.2.4","type":2,"timestamp":1561657841000},{"title":"The Jovian Concord: Hotfix 25.2.3","url":"https://forums.warframe.com/topic/1105676-the-jovian-concord-hotfix-2523/","tag":"25.2.3","type":2,"timestamp":1561485886000},{"title":"The Jovian Concord: Hotfix 25.2.2","url":"https://forums.warframe.com/topic/1104781-the-jovian-concord-hotfix-2522/","tag":"25.2.2","type":2,"timestamp":1561142912000},{"title":"The Jovian Concord: Hotfix 25.2.1","url":"https://forums.warframe.com/topic/1104491-the-jovian-concord-hotfix-2521/","tag":"25.2.1","type":2,"timestamp":1561059315000},{"title":"The Jovian Concord: Update 25.2.0","url":"https://forums.warframe.com/topic/1104200-the-jovian-concord-update-2520/","tag":"25.2","type":1,"timestamp":1560974411000},{"title":"The Jovian Concord: Hotfix 25.1.3","url":"https://forums.warframe.com/topic/1102887-the-jovian-concord-hotfix-2513/","tag":"25.1.3","type":2,"timestamp":1560533635000},{"title":"The Jovian Concord: Hotfix 25.1.2 + 25.1.2.1","url":"https://forums.warframe.com/topic/1102274-the-jovian-concord-hotfix-2512-25121/","tag":"25.1.2","type":2,"timestamp":1560362133000},{"title":"The Jovian Concord: Hotfix 25.1.1","url":"https://forums.warframe.com/topic/1100799-the-jovian-concord-hotfix-2511/","tag":"25.1.1","type":2,"timestamp":1559854204000},{"title":"The Jovian Concord: Update 25.1.0","url":"https://forums.warframe.com/topic/1100452-the-jovian-concord-update-2510/","tag":"25.1","type":1,"timestamp":1559759775000},{"title":"The Jovian Concord: Hotfix 25.0.8","url":"https://forums.warframe.com/topic/1099109-the-jovian-concord-hotfix-2508/","tag":"25.0.8","type":2,"timestamp":1559333729000},{"title":"The Jovian Concord: Hotfix 25.0.7","url":"https://forums.warframe.com/topic/1098762-the-jovian-concord-hotfix-2507/","tag":"25.0.7","type":2,"timestamp":1559247868000},{"title":"The Jovian Concord: Hotfix 25.0.6","url":"https://forums.warframe.com/topic/1098415-the-jovian-concord-hotfix-2506/","tag":"25.0.6","type":2,"timestamp":1559160901000},{"title":"The Jovian Concord: Hotfix 25.0.5","url":"https://forums.warframe.com/topic/1098082-the-jovian-concord-hotfix-2505/","tag":"25.0.5","type":2,"timestamp":1559078082000},{"title":"The Jovian Concord: Hotfix 25.0.4","url":"https://forums.warframe.com/topic/1098019-the-jovian-concord-hotfix-2504/","tag":"25.0.4","type":2,"timestamp":1559068348000},{"title":"The Jovian Concord: Hotfix 25.0.3","url":"https://forums.warframe.com/topic/1096333-the-jovian-concord-hotfix-2503/","tag":"25.0.3","type":2,"timestamp":1558735701000},{"title":"The Jovian Concord: Hotfix 25.0.2 + 25.0.2.1","url":"https://forums.warframe.com/topic/1095724-the-jovian-concord-hotfix-2502-25021/","tag":"25.0.2","type":2,"timestamp":1558644114000},{"title":"The Jovian Concord: Hotfix 25.0.1","url":"https://forums.warframe.com/topic/1095160-the-jovian-concord-hotfix-2501/","tag":"25.0.1","type":2,"timestamp":1558578492000},{"title":"The Jovian Concord: Update 25","url":"https://forums.warframe.com/topic/1094942-the-jovian-concord-update-25/","tag":"25","type":0,"timestamp":1558560685000},{"title":"Plains of Eidolon Remaster: Hotfix 24.8.3","url":"https://forums.warframe.com/topic/1092041-plains-of-eidolon-remaster-hotfix-2483/","tag":"24.8.3","type":2,"timestamp":1557511104000},{"title":"Plains of Eidolon Remaster: Hotfix 24.8.2","url":"https://forums.warframe.com/topic/1089501-plains-of-eidolon-remaster-hotfix-2482/","tag":"24.8.2","type":2,"timestamp":1556647163000},{"title":"Plains of Eidolon Remaster: Hotfix 24.8.1","url":"https://forums.warframe.com/topic/1088451-plains-of-eidolon-remaster-hotfix-2481/","tag":"24.8.1","type":2,"timestamp":1556303896000},{"title":"Plains of Eidolon Remaster: Update 24.8.0","url":"https://forums.warframe.com/topic/1087864-plains-of-eidolon-remaster-update-2480/","tag":"24.8","type":1,"timestamp":1556137215000},{"title":"Plains of Eidolon Remaster: Hotfix 24.7.3","url":"https://forums.warframe.com/topic/1087205-plains-of-eidolon-remaster-hotfix-2473/","tag":"24.7.3","type":2,"timestamp":1555961487000},{"title":"Plains of Eidolon Remaster: Hotfix 24.7.2","url":"https://forums.warframe.com/topic/1085611-plains-of-eidolon-remaster-hotfix-2472/","tag":"24.7.2","type":2,"timestamp":1555530376000},{"title":"Plains of Eidolon Remaster: Hotfix 24.7.1","url":"https://forums.warframe.com/topic/1083262-plains-of-eidolon-remaster-hotfix-2471/","tag":"24.7.1","type":2,"timestamp":1555013129000},{"title":"Plains of Eidolon Remaster: Update 24.7.0 + 24.7.0.1","url":"https://forums.warframe.com/topic/1082779-plains-of-eidolon-remaster-update-2470-24701/","tag":"24.7","type":1,"timestamp":1554927732000},{"title":"Plains of Eidolon Remaster: Hotfix 24.6.2 + 24.6.2.1","url":"https://forums.warframe.com/topic/1080295-plains-of-eidolon-remaster-hotfix-2462-24621/","tag":"24.6.2","type":2,"timestamp":1554497412000},{"title":"Plains of Eidolon Remaster: Hotfix 24.6.1","url":"https://forums.warframe.com/topic/1079735-plains-of-eidolon-remaster-hotfix-2461/","tag":"24.6.1","type":2,"timestamp":1554429614000},{"title":"Plains of Eidolon Remaster: Update 24.6.0","url":"https://forums.warframe.com/topic/1079621-plains-of-eidolon-remaster-update-2460/","tag":"24.6","type":1,"timestamp":1554419654000},{"title":"Equinox Prime: Hotfix 24.5.8 + 24.5.8.1","url":"https://forums.warframe.com/topic/1078777-equinox-prime-hotfix-2458-24581/","tag":"24.5.8","type":2,"timestamp":1554227965000},{"title":"Buried Debts: Hotfix 24.5.7","url":"https://forums.warframe.com/topic/1077145-buried-debts-hotfix-2457/","tag":"24.5.7","type":2,"timestamp":1553805379000},{"title":"Buried Debts: Hotfix 24.5.6","url":"https://forums.warframe.com/topic/1076435-buried-debts-hotfix-2456/","tag":"24.5.6","type":2,"timestamp":1553632949000},{"title":"Buried Debts: Hotfix 24.5.5","url":"https://forums.warframe.com/topic/1076040-buried-debts-hotfix-2455/","tag":"24.5.5","type":2,"timestamp":1553548911000},{"title":"Buried Debts: Hotfix 24.5.4 + 24.5.4.1","url":"https://forums.warframe.com/topic/1073818-buried-debts-hotfix-2454-24541/","tag":"24.5.4","type":2,"timestamp":1553102376000},{"title":"Buried Debts: Hotfix 24.5.3","url":"https://forums.warframe.com/topic/1073342-buried-debts-hotfix-2453/","tag":"24.5.3","type":2,"timestamp":1553019192000},{"title":"Buried Debts: Hotfix 24.5.2","url":"https://forums.warframe.com/topic/1072987-buried-debts-hotfix-2452/","tag":"24.5.2","type":2,"timestamp":1552948992000},{"title":"Buried Debts: Hotfix 24.5.1","url":"https://forums.warframe.com/topic/1071547-buried-debts-hotfix-2451/","tag":"24.5.1","type":2,"timestamp":1552684097000},{"title":"Buried Debts: Update 24.5.0","url":"https://forums.warframe.com/topic/1070992-buried-debts-update-2450/","tag":"24.5","type":1,"timestamp":1552597572000},{"title":"Buried Debts: Hotfix 24.4.4 + 24.4.4.1","url":"https://forums.warframe.com/topic/1069857-buried-debts-hotfix-2444-24441/","tag":"24.4.4","type":2,"timestamp":1552338094000},{"title":"Buried Debts: Hotfix 24.4.3","url":"https://forums.warframe.com/topic/1068816-buried-debts-hotfix-2443/","tag":"24.4.3","type":2,"timestamp":1552166272000},{"title":"Buried Debts: Hotfix 24.4.2","url":"https://forums.warframe.com/topic/1068218-buried-debts-hotfix-2442/","tag":"24.4.2","type":2,"timestamp":1552087535000},{"title":"Buried Debts: Hotfix 24.4.1","url":"https://forums.warframe.com/topic/1067531-buried-debts-hotfix-2441/","tag":"24.4.1","type":2,"timestamp":1552021281000},{"title":"Buried Debts: Update 24.4.0","url":"https://forums.warframe.com/topic/1067397-buried-debts-update-2440/","tag":"24.4","type":1,"timestamp":1552010483000},{"title":"Fortuna: Hotfix 24.3.3 - Nightwave","url":"https://forums.warframe.com/topic/1065360-fortuna-hotfix-2433-nightwave/","tag":"24.3.3","type":2,"timestamp":1551456858000},{"title":"Fortuna: Hotfix 24.3.2 - Nightwave","url":"https://forums.warframe.com/topic/1065095-fortuna-hotfix-2432-nightwave/","tag":"24.3.2","type":2,"timestamp":1551384877000},{"title":"Fortuna: Hotfix 24.3.1 - Nightwave","url":"https://forums.warframe.com/topic/1064720-fortuna-hotfix-2431-nightwave/","tag":"24.3.1","type":2,"timestamp":1551309618000},{"title":"Fortuna: Update 24.3.0 - Nightwave","url":"https://forums.warframe.com/topic/1064591-fortuna-update-2430-nightwave/","tag":"24.3","type":1,"timestamp":1551293901000},{"title":"Fortuna: Hotfix 24.2.15","url":"https://forums.warframe.com/topic/1061972-fortuna-hotfix-24215/","tag":"24.2.15","type":2,"timestamp":1550244312000},{"title":"Fortuna: Hotfix 24.2.14","url":"https://forums.warframe.com/topic/1060398-fortuna-hotfix-24214/","tag":"24.2.14","type":2,"timestamp":1549667654000},{"title":"Fortuna: Hotfix 24.2.13","url":"https://forums.warframe.com/topic/1059874-fortuna-hotfix-24213/","tag":"24.2.13","type":2,"timestamp":1549479564000},{"title":"Fortuna: Hotfix 24.2.12","url":"https://forums.warframe.com/topic/1058298-fortuna-hotfix-24212/","tag":"24.2.12","type":2,"timestamp":1548879083000},{"title":"Fortuna: Hotfix 24.2.11","url":"https://forums.warframe.com/topic/1057949-fortuna-hotfix-24211/","tag":"24.2.11","type":2,"timestamp":1548788488000},{"title":"Fortuna: Hotfix 24.2.10","url":"https://forums.warframe.com/topic/1056534-fortuna-hotfix-24210/","tag":"24.2.10","type":2,"timestamp":1548274095000},{"title":"Fortuna: Hotfix 24.2.9 + 24.2.9.1","url":"https://forums.warframe.com/topic/1055092-fortuna-hotfix-2429-24291/","tag":"24.2.9","type":2,"timestamp":1547820999000},{"title":"Fortuna: Hotfix 24.2.8","url":"https://forums.warframe.com/topic/1054314-fortuna-hotfix-2428/","tag":"24.2.8","type":2,"timestamp":1547563614000},{"title":"Fortuna: Hotfix 24.2.7 + 24.2.7.1","url":"https://forums.warframe.com/topic/1052727-fortuna-hotfix-2427-24271/","tag":"24.2.7","type":2,"timestamp":1547059038000},{"title":"Fortuna: Hotfix 24.2.6","url":"https://forums.warframe.com/topic/1046637-fortuna-hotfix-2426/","tag":"24.2.6","type":2,"timestamp":1545343556000},{"title":"Fortuna: Hotfix 24.2.5","url":"https://forums.warframe.com/topic/1046112-fortuna-hotfix-2425/","tag":"24.2.5","type":2,"timestamp":1545266707000},{"title":"Fortuna: Hotfix 24.2.4","url":"https://forums.warframe.com/topic/1045982-fortuna-hotfix-2424/","tag":"24.2.4","type":2,"timestamp":1545251707000},{"title":"Fortuna: Mesa Prime - Hotfix 24.2.3","url":"https://forums.warframe.com/topic/1045817-fortuna-mesa-prime-hotfix-2423/","tag":"24.2.3","type":2,"timestamp":1545234781000},{"title":"Fortuna: Mesa Prime - Hotfix 24.2.2","url":"https://forums.warframe.com/topic/1045159-fortuna-mesa-prime-hotfix-2422/","tag":"24.2.2","type":2,"timestamp":1545159516000},{"title":"Fortuna: Hotfix 24.2.1","url":"https://forums.warframe.com/topic/1044968-fortuna-hotfix-2421/","tag":"24.2.1","type":2,"timestamp":1545148210000},{"title":"Fortuna: The Profit-Taker - Update 24.2","url":"https://forums.warframe.com/topic/1044890-fortuna-the-profit-taker-update-242/","tag":"24.2","type":1,"timestamp":1545141554000},{"title":"Fortuna: Hotfix 24.1.5","url":"https://forums.warframe.com/topic/1043389-fortuna-hotfix-2415/","tag":"24.1.5","type":2,"timestamp":1544720251000},{"title":"Fortuna: Hotfix 24.1.4","url":"https://forums.warframe.com/topic/1042413-fortuna-hotfix-2414/","tag":"24.1.4","type":2,"timestamp":1544472554000},{"title":"Fortuna: Hotfix 24.1.3.2","url":"https://forums.warframe.com/topic/1041297-fortuna-hotfix-24132/","tag":"24.1.3.2","type":3,"timestamp":1544133358000},{"title":"Fortuna: Hotfix 24.1.3 + 24.1.3.1","url":"https://forums.warframe.com/topic/1040912-fortuna-hotfix-2413-24131/","tag":"24.1.3","type":2,"timestamp":1544036408000}]
