{
  "additionalItemByAvatar": [
    {
      "_id": "1dd4ec0f35098c6c188b3ad022ca23f7",
      "source": "Scaldra Harbinger Gas Carrier",
      "items": [
        {
          "_id": "42e1c4b05ec787b972d1d8886f453f16",
          "item": "Gas Can",
          "rarity": "Common",
          "chance": 100
        }
      ]
    },
    {
      "_id": "3056aec0b2be890829e16dd0aa216aae",
      "source": "Scaldra Jaegar Gas Carrier",
      "items": [
        {
          "_id": "42e1c4b05ec787b972d1d8886f453f16",
          "item": "Gas Can",
          "rarity": "Common",
          "chance": 100
        }
      ]
    },
    {
      "_id": "0802135247a64019a57d10231c1aed8e",
      "source": "Amalgam Cinder Machinist",
      "items": [
        {
          "_id": "936252f2c61ddc670def1e8a30314f9e",
          "item": "Anti-Grav Array",
          "rarity": "Uncommon",
          "chance": 1
        },
        {
          "_id": "1aa7b38fe61ed8ac023f1825513e9635",
          "item": "Odomedic",
          "rarity": "Uncommon",
          "chance": 1
        },
        {
          "_id": "b8e80e50b37de25bb340e6e015d7e358",
          "item": "Kavat's Grace",
          "rarity": "Uncommon",
          "chance": 1
        },
        {
          "_id": "2a76c833d03264d9644b6ae2978932e9",
          "item": "Gale Kick",
          "rarity": "Uncommon",
          "chance": 1
        }
      ]
    },
    {
      "_id": "4a37af8a7c08bbcbe300a2ba3c4d2839",
      "source": "Amalgam Arca Kucumatz",
      "items": [
        {
          "_id": "936252f2c61ddc670def1e8a30314f9e",
          "item": "Anti-Grav Array",
          "rarity": "Uncommon",
          "chance": 1
        },
        {
          "_id": "1aa7b38fe61ed8ac023f1825513e9635",
          "item": "Odomedic",
          "rarity": "Uncommon",
          "chance": 1
        },
        {
          "_id": "b8e80e50b37de25bb340e6e015d7e358",
          "item": "Kavat's Grace",
          "rarity": "Uncommon",
          "chance": 1
        },
        {
          "_id": "2a76c833d03264d9644b6ae2978932e9",
          "item": "Gale Kick",
          "rarity": "Uncommon",
          "chance": 1
        }
      ]
    },
    {
      "_id": "52f667395b525a2f907b7bce16a8edfa",
      "source": "Amalgam Arca Heqet",
      "items": [
        {
          "_id": "936252f2c61ddc670def1e8a30314f9e",
          "item": "Anti-Grav Array",
          "rarity": "Uncommon",
          "chance": 1
        },
        {
          "_id": "1aa7b38fe61ed8ac023f1825513e9635",
          "item": "Odomedic",
          "rarity": "Uncommon",
          "chance": 1
        },
        {
          "_id": "b8e80e50b37de25bb340e6e015d7e358",
          "item": "Kavat's Grace",
          "rarity": "Uncommon",
          "chance": 1
        },
        {
          "_id": "2a76c833d03264d9644b6ae2978932e9",
          "item": "Gale Kick",
          "rarity": "Uncommon",
          "chance": 1
        }
      ]
    },
    {
      "_id": "5ba29b2c1c1bbb50e170171fc29597c2",
      "source": "Amalgam Phase Moa",
      "items": [
        {
          "_id": "936252f2c61ddc670def1e8a30314f9e",
          "item": "Anti-Grav Array",
          "rarity": "Uncommon",
          "chance": 1
        },
        {
          "_id": "1aa7b38fe61ed8ac023f1825513e9635",
          "item": "Odomedic",
          "rarity": "Uncommon",
          "chance": 1
        },
        {
          "_id": "b8e80e50b37de25bb340e6e015d7e358",
          "item": "Kavat's Grace",
          "rarity": "Uncommon",
          "chance": 1
        },
        {
          "_id": "2a76c833d03264d9644b6ae2978932e9",
          "item": "Gale Kick",
          "rarity": "Uncommon",
          "chance": 1
        }
      ]
    },
    {
      "_id": "9da7f011cf9c233ecf6364b4c3c94f49",
      "source": "Amalgam Swarm Satyr",
      "items": [
        {
          "_id": "936252f2c61ddc670def1e8a30314f9e",
          "item": "Anti-Grav Array",
          "rarity": "Uncommon",
          "chance": 1
        },
        {
          "_id": "1aa7b38fe61ed8ac023f1825513e9635",
          "item": "Odomedic",
          "rarity": "Uncommon",
          "chance": 1
        },
        {
          "_id": "b8e80e50b37de25bb340e6e015d7e358",
          "item": "Kavat's Grace",
          "rarity": "Uncommon",
          "chance": 1
        },
        {
          "_id": "2a76c833d03264d9644b6ae2978932e9",
          "item": "Gale Kick",
          "rarity": "Uncommon",
          "chance": 1
        }
      ]
    },
    {
      "_id": "5171e2181c6377e60eec0c76c0e64b13",
      "source": "Brachiolyst Disperser",
      "items": [
        {
          "_id": "e22c0f85d4962c33080dd3c3e74f6e31",
          "item": "Intact Sentient Core",
          "rarity": "Common",
          "chance": 5
        }
      ]
    },
    {
      "_id": "cda0adf3f8ebcd9b079d9ba430e40ec1",
      "source": "Corrupted Power Carrier",
      "items": [
        {
          "_id": "22b658530a506430d7e9a46bcd478e41",
          "item": "Powercell",
          "rarity": "Common",
          "chance": 100
        }
      ]
    },
    {
      "_id": "cda0adf3f8ebcd9b079d9ba430e40ec1",
      "source": "Corrupted Power Carrier",
      "items": [
        {
          "_id": "22b658530a506430d7e9a46bcd478e41",
          "item": "Powercell",
          "rarity": "Common",
          "chance": 100
        }
      ]
    },
    {
      "_id": "0aca6bdeda76d388a1c69767aadcf444",
      "source": "Erra",
      "items": [
        {
          "_id": "e22c0f85d4962c33080dd3c3e74f6e31",
          "item": "Intact Sentient Core",
          "rarity": "Common",
          "chance": 50
        }
      ]
    },
    {
      "_id": "5eead9e71a1002171f4c628c3cc0c6f4",
      "source": "Nightwatch Carrier",
      "items": [
        {
          "_id": "22b658530a506430d7e9a46bcd478e41",
          "item": "Powercell",
          "rarity": "Common",
          "chance": 100
        }
      ]
    },
    {
      "_id": "614a2a60bf60eb89592cc8b36d73d8ea",
      "source": "Brachiolyst",
      "items": [
        {
          "_id": "e22c0f85d4962c33080dd3c3e74f6e31",
          "item": "Intact Sentient Core",
          "rarity": "Common",
          "chance": 5
        }
      ]
    },
    {
      "_id": "9bffc357894e983a3608a33c3ce40746",
      "source": "Summulyst",
      "items": [
        {
          "_id": "e22c0f85d4962c33080dd3c3e74f6e31",
          "item": "Intact Sentient Core",
          "rarity": "Common",
          "chance": 50
        }
      ]
    },
    {
      "_id": "20bf86e4ac0f54d1b4f82d1662c82136",
      "source": "Tyro Conculyst",
      "items": [
        {
          "_id": "e22c0f85d4962c33080dd3c3e74f6e31",
          "item": "Intact Sentient Core",
          "rarity": "Common",
          "chance": 50
        }
      ]
    },
    {
      "_id": "8216ce88d3d370d44eff91f3a4cc2bfd",
      "source": "Ortholyst",
      "items": [
        {
          "_id": "e22c0f85d4962c33080dd3c3e74f6e31",
          "item": "Intact Sentient Core",
          "rarity": "Common",
          "chance": 50
        }
      ]
    },
    {
      "_id": "58a34ba2b1046331e1e47a0670701af9",
      "source": "Symbilyst",
      "items": [
        {
          "_id": "e22c0f85d4962c33080dd3c3e74f6e31",
          "item": "Intact Sentient Core",
          "rarity": "Common",
          "chance": 50
        }
      ]
    },
    {
      "_id": "0f6f4c36174b4c45b2aad44be78d1bbd",
      "source": "Vomvalyst",
      "items": [
        {
          "_id": "e22c0f85d4962c33080dd3c3e74f6e31",
          "item": "Intact Sentient Core",
          "rarity": "Common",
          "chance": 5
        }
      ]
    },
    {
      "_id": "360ee7d79a62817ae065e40e6b28880f",
      "source": "Entrati Netracell Coffer",
      "items": [
        {
          "_id": "4d6996b8ae9864167bdb5fccf06ae60b",
          "item": "Entrati Lanthorn",
          "rarity": "Common",
          "chance": 100
        }
      ]
    },
    {
      "_id": "7fd0755089bfa2d6de8516f06a2ebdf6",
      "source": "The Fragmented Suzerain",
      "items": [
        {
          "_id": "2f3698d131445c1f9d572e9352895bf7",
          "item": "Melee Fortification",
          "rarity": "Uncommon",
          "chance": 12.5
        },
        {
          "_id": "16a6d8d07f42abb13558d1af71b81197",
          "item": "Melee Retaliation",
          "rarity": "Uncommon",
          "chance": 12.5
        },
        {
          "_id": "73945996e31b678ab4aa56488cf10c51",
          "item": "Melee Exposure",
          "rarity": "Uncommon",
          "chance": 6.25
        },
        {
          "_id": "e11954c0dd2b1ee4ff5c84aff03e0620",
          "item": "Melee Animosity",
          "rarity": "Uncommon",
          "chance": 6.25
        },
        {
          "_id": "1b6728b5a394625458cd825aa92fb6e9",
          "item": "Melee Influence",
          "rarity": "Uncommon",
          "chance": 6.25
        },
        {
          "_id": "8af83617808c256993b91ee37c2d16c2",
          "item": "Melee Vortex",
          "rarity": "Uncommon",
          "chance": 6.25
        }
      ]
    },
    {
      "_id": "e4cfb90f15542bae859db6a7f4d8a0ad",
      "source": "Mutalist Osprey Carrier",
      "items": [
        {
          "_id": "22b658530a506430d7e9a46bcd478e41",
          "item": "Powercell",
          "rarity": "Common",
          "chance": 100
        }
      ]
    },
    {
      "_id": "0d9dd9aae6af255ab5011ddeba6a148c",
      "source": "Corpus Power Carrier",
      "items": [
        {
          "_id": "22b658530a506430d7e9a46bcd478e41",
          "item": "Powercell",
          "rarity": "Common",
          "chance": 100
        }
      ]
    },
    {
      "_id": "31d22cacf78a578c0c66a3f1b7b0d655",
      "source": "Kuva Hellion Carrier",
      "items": [
        {
          "_id": "22b658530a506430d7e9a46bcd478e41",
          "item": "Powercell",
          "rarity": "Common",
          "chance": 100
        }
      ]
    },
    {
      "_id": "7686d8bf19008e5541fb6670b73c4e5f",
      "source": "Kuva Power Carrier",
      "items": [
        {
          "_id": "22b658530a506430d7e9a46bcd478e41",
          "item": "Powercell",
          "rarity": "Common",
          "chance": 100
        }
      ]
    },
    {
      "_id": "dcf0d559b1588badbace6be55d42fa5c",
      "source": "Hellion Power Carrier",
      "items": [
        {
          "_id": "22b658530a506430d7e9a46bcd478e41",
          "item": "Powercell",
          "rarity": "Common",
          "chance": 100
        }
      ]
    },
    {
      "_id": "ca2b6a281a862dc9177f8e16e1d740af",
      "source": "Grineer Power Carrier",
      "items": [
        {
          "_id": "22b658530a506430d7e9a46bcd478e41",
          "item": "Powercell",
          "rarity": "Common",
          "chance": 100
        }
      ]
    },
    {
      "_id": "d6793720746f4c4d524f6640611c35dd",
      "source": "Jackal",
      "items": [
        {
          "_id": "5d521fb6abbf5813ccddfeaec150ebc3",
          "item": "Riven Sliver",
          "rarity": "Common",
          "chance": 5
        }
      ]
    },
    {
      "_id": "97f195bc37d826d647d44baa6440069c",
      "source": "Conculyst",
      "items": [
        {
          "_id": "e22c0f85d4962c33080dd3c3e74f6e31",
          "item": "Intact Sentient Core",
          "rarity": "Common",
          "chance": 50
        }
      ]
    },
    {
      "_id": "dabfa9ce372a2931b0202a11169f6f92",
      "source": "Battalyst",
      "items": [
        {
          "_id": "e22c0f85d4962c33080dd3c3e74f6e31",
          "item": "Intact Sentient Core",
          "rarity": "Common",
          "chance": 50
        }
      ]
    },
    {
      "_id": "7ed01c1f1068e1d4c74bb590e91266c3",
      "source": "Decaying Conculyst",
      "items": [
        {
          "_id": "e22c0f85d4962c33080dd3c3e74f6e31",
          "item": "Intact Sentient Core",
          "rarity": "Common",
          "chance": 50
        }
      ]
    },
    {
      "_id": "a75805a748b158dbc8a9ac9ce46a139c",
      "source": "Decaying Battalyst",
      "items": [
        {
          "_id": "e22c0f85d4962c33080dd3c3e74f6e31",
          "item": "Intact Sentient Core",
          "rarity": "Common",
          "chance": 50
        }
      ]
    },
    {
      "_id": "097443e91b14b8c9c6d93c4f3593ea2e",
      "source": "Shadow Stalker",
      "items": [
        {
          "_id": "2cde7f1cea7f1f7b714a3525e664da36",
          "item": "Smoking Body Ephemera Blueprint",
          "rarity": "Common",
          "chance": 5
        }
      ]
    },
    {
      "_id": "1e3046f45802a1c4a44d9229b89c401a",
      "source": "Deimos Mutalist Osprey Carrier",
      "items": [
        {
          "_id": "22b658530a506430d7e9a46bcd478e41",
          "item": "Powercell",
          "rarity": "Common",
          "chance": 100
        }
      ]
    },
    {
      "_id": "5fb47e9f57eace0d216855aab227be50",
      "source": "Protector Stalker",
      "items": [
        {
          "_id": "2cde7f1cea7f1f7b714a3525e664da36",
          "item": "Smoking Body Ephemera Blueprint",
          "rarity": "Common",
          "chance": 5
        }
      ]
    },
    {
      "_id": "dcc670ec1d3877c7b515ab742d46684a",
      "source": "Narmer Power Carrier",
      "items": [
        {
          "_id": "22b658530a506430d7e9a46bcd478e41",
          "item": "Powercell",
          "rarity": "Common",
          "chance": 100
        }
      ]
    },
    {
      "_id": "461bf4f2b0f6e96db06890b9da996308",
      "source": "Archimedean Itzam",
      "items": [
        {
          "_id": "e22c0f85d4962c33080dd3c3e74f6e31",
          "item": "Intact Sentient Core",
          "rarity": "Common",
          "chance": 50
        }
      ]
    },
    {
      "_id": "bac19a4a88ccdfd9e1ce0f525b45fdcd",
      "source": "Exploiter Orb",
      "items": [
        {
          "_id": "8b05337c9131d4168c77dfe641059f8a",
          "item": "Shocking Step Ephemera Blueprint",
          "rarity": "Common",
          "chance": 5
        },
        {
          "_id": "3aec4e3b401ae818712b0386ccc4179c",
          "item": "Freezing Step Ephemera Blueprint",
          "rarity": "Common",
          "chance": 5
        }
      ]
    },
    {
      "_id": "8f8e6307a2e2af80c80addda3019fff7",
      "source": "Void Surplus",
      "items": [
        {
          "_id": "8408647674eddd72c6020b4641a542a3",
          "item": "2X Forma",
          "rarity": "Uncommon",
          "chance": 10
        },
        {
          "_id": "3178a67b40c1ec11a4058854f9ac164a",
          "item": "10X Aya",
          "rarity": "Uncommon",
          "chance": 10
        },
        {
          "_id": "698fbf8552e2fc1f8ae6b4fb0c005215",
          "item": "Orokin Catalyst Blueprint",
          "rarity": "Uncommon",
          "chance": 8
        },
        {
          "_id": "26b4201247e073c40778fd800fa8cea0",
          "item": "Orokin Reactor Blueprint",
          "rarity": "Uncommon",
          "chance": 8
        },
        {
          "_id": "a91e322447a7f33a05e636042053581f",
          "item": "Exilus Warframe Adapter",
          "rarity": "Uncommon",
          "chance": 8
        },
        {
          "_id": "1dcbd9a899c12a9ce3a23f8420bfc191",
          "item": "Exilus Weapon Adapter",
          "rarity": "Uncommon",
          "chance": 8
        },
        {
          "_id": "1e3820700caf2e7a4ea423217c6dc458",
          "item": "Credit Booster",
          "rarity": "Uncommon",
          "chance": 7
        },
        {
          "_id": "fa16aebb195d86ebc70114807cc296f3",
          "item": "Resource Booster",
          "rarity": "Uncommon",
          "chance": 7
        },
        {
          "_id": "8b50813ff23517bfb7737d736b371e8e",
          "item": "Resource Drop Chance Booster",
          "rarity": "Uncommon",
          "chance": 7
        },
        {
          "_id": "3d073a4f48d953dce478191b658b7ed7",
          "item": "Affinity Booster",
          "rarity": "Uncommon",
          "chance": 7
        },
        {
          "_id": "fbc1b04ad1125b3b7dc49d0aa0fd80f5",
          "item": "Mod Drop Chance Booster",
          "rarity": "Uncommon",
          "chance": 7
        },
        {
          "_id": "be70b90bb08dc4fd3de6d4487fe36092",
          "item": "10X Universal Medallions",
          "rarity": "Rare",
          "chance": 4
        },
        {
          "_id": "49734533db6099693513800a48b6829d",
          "item": "Omni Forma",
          "rarity": "Rare",
          "chance": 2.5
        },
        {
          "_id": "ec270098d385764203be7f023cd81202",
          "item": "1000X Ducats",
          "rarity": "Rare",
          "chance": 2
        },
        {
          "_id": "633135942931af29f5522623581621ab",
          "item": "15000 Endo",
          "rarity": "Rare",
          "chance": 2
        },
        {
          "_id": "d92caf6e2f756a9649ad51a0e859b4cb",
          "item": "35000X Kuva",
          "rarity": "Rare",
          "chance": 2
        },
        {
          "_id": "9c70227e089e707122d8d641d48a4e92",
          "item": "Legendary Core",
          "rarity": "Legendary",
          "chance": 0.5
        }
      ]
    }
  ]
}
