{
  "entratiLabRewards": [
    {
      "_id": "bbc86e34da4e04e6e4c57ab17cf57048",
      "bountyLevel": "Level  55 - 60 Entrati Lab Bounty",
      "rewards": {
        "A": [],
        "B": [],
        "C": [
          {
            "_id": "d5ccc328b76d91df416cc361d2209c1f",
            "itemName": "15,000 Credits",
            "rarity": "Uncommon",
            "chance": 17.39,
            "stage": "Final stage"
          },
          {
            "_id": "767194661030a92ccb4d10419059ea6d",
            "itemName": "500 Endo",
            "rarity": "Uncommon",
            "chance": 17.39,
            "stage": "Final stage"
          },
          {
            "_id": "c584424313581fffd8bf58f3eac31c1b",
            "itemName": "Shrill Voca",
            "rarity": "Uncommon",
            "chance": 13.04,
            "stage": "Final stage"
          },
          {
            "_id": "32f8ddb3998d99f5c40b2b0ad2db5589",
            "itemName": "30,000 Credits",
            "rarity": "Uncommon",
            "chance": 13.04,
            "stage": "Final stage"
          },
          {
            "_id": "ca6ef38921f4216923b29c385d9ad854",
            "itemName": "750 Endo",
            "rarity": "Uncommon",
            "chance": 13.04,
            "stage": "Final stage"
          },
          {
            "_id": "fce2e7e57ea9a94cd21292610fad038b",
            "itemName": "Aya",
            "rarity": "Rare",
            "chance": 8.7,
            "stage": "Final stage"
          },
          {
            "_id": "327528fd2e5321f6e1ac8d88ed82369a",
            "itemName": "Qorvex Neuroptics Blueprint",
            "rarity": "Uncommon",
            "chance": 13.04,
            "stage": "Final stage"
          },
          {
            "_id": "a6c57ba29e85cb9141fbf09ef6230fc7",
            "itemName": "Mandonel Blueprint",
            "rarity": "Rare",
            "chance": 4.35,
            "stage": "Final stage"
          }
        ]
      }
    },
    {
      "_id": "5ca28605378ca585d2319e9315e639fe",
      "bountyLevel": "Level  65 - 70 Entrati Lab Bounty",
      "rewards": {
        "A": [],
        "B": [],
        "C": [
          {
            "_id": "7b7494d9ef1986fd5cff91730651ffe0",
            "itemName": "1000 Endo",
            "rarity": "Uncommon",
            "chance": 20.34,
            "stage": "Final stage"
          },
          {
            "_id": "77a3ac363b4ad9c0f987308e377fefa7",
            "itemName": "Ayatan Amber Star",
            "rarity": "Uncommon",
            "chance": 20.34,
            "stage": "Final stage"
          },
          {
            "_id": "c584424313581fffd8bf58f3eac31c1b",
            "itemName": "Shrill Voca",
            "rarity": "Uncommon",
            "chance": 13.56,
            "stage": "Final stage"
          },
          {
            "_id": "b102d74bf0e2554fe4cd93a243af48b5",
            "itemName": "1500 Endo",
            "rarity": "Uncommon",
            "chance": 13.56,
            "stage": "Final stage"
          },
          {
            "_id": "3ce7ce81ef24ac3ea9987dffcf976482",
            "itemName": "150X Entrati Obols",
            "rarity": "Rare",
            "chance": 6.78,
            "stage": "Final stage"
          },
          {
            "_id": "fce2e7e57ea9a94cd21292610fad038b",
            "itemName": "Aya",
            "rarity": "Rare",
            "chance": 8.47,
            "stage": "Final stage"
          },
          {
            "_id": "331e4a7bf14d46d068d865cf531df093",
            "itemName": "Qorvex Chassis Blueprint",
            "rarity": "Uncommon",
            "chance": 13.56,
            "stage": "Final stage"
          },
          {
            "_id": "a6c57ba29e85cb9141fbf09ef6230fc7",
            "itemName": "Mandonel Blueprint",
            "rarity": "Rare",
            "chance": 3.39,
            "stage": "Final stage"
          }
        ]
      }
    },
    {
      "_id": "876c50ddf91c7d87b1332ef71b9bbbed",
      "bountyLevel": "Level  75 - 80 Entrati Lab Bounty",
      "rewards": {
        "A": [],
        "B": [],
        "C": [
          {
            "_id": "a3448f65c5e679537b50ff266c25c0fd",
            "itemName": "2000 Endo",
            "rarity": "Uncommon",
            "chance": 14.46,
            "stage": "Final stage"
          },
          {
            "_id": "ff9e7d3d5020e91ea1b2b3719c48d345",
            "itemName": "Greater Zenurik Lens",
            "rarity": "Uncommon",
            "chance": 14.46,
            "stage": "Final stage"
          },
          {
            "_id": "e2318052951c2829162db598d7fc03ad",
            "itemName": "Greater Madurai Lens",
            "rarity": "Uncommon",
            "chance": 12.4,
            "stage": "Final stage"
          },
          {
            "_id": "0ab568227e34130b968341ec06bf78b3",
            "itemName": "Bellow Voca",
            "rarity": "Uncommon",
            "chance": 12.4,
            "stage": "Final stage"
          },
          {
            "_id": "0427d72a434b63281ce415469d706547",
            "itemName": "3000 Endo",
            "rarity": "Uncommon",
            "chance": 12.4,
            "stage": "Final stage"
          },
          {
            "_id": "51206b585715c1b0c0fd03d74434ba82",
            "itemName": "15X Necracoil",
            "rarity": "Rare",
            "chance": 8.26,
            "stage": "Final stage"
          },
          {
            "_id": "fce2e7e57ea9a94cd21292610fad038b",
            "itemName": "Aya",
            "rarity": "Rare",
            "chance": 9.09,
            "stage": "Final stage"
          },
          {
            "_id": "c64713440ab35b73b8e9e2785cf4a895",
            "itemName": "Qorvex Systems Blueprint",
            "rarity": "Uncommon",
            "chance": 12.4,
            "stage": "Final stage"
          },
          {
            "_id": "a6c57ba29e85cb9141fbf09ef6230fc7",
            "itemName": "Mandonel Blueprint",
            "rarity": "Rare",
            "chance": 4.13,
            "stage": "Final stage"
          }
        ]
      }
    },
    {
      "_id": "95c79aa7828713be2042b3e2077198f8",
      "bountyLevel": "Level  95 - 100 Entrati Lab Bounty",
      "rewards": {
        "A": [],
        "B": [],
        "C": [
          {
            "_id": "0427d72a434b63281ce415469d706547",
            "itemName": "3000 Endo",
            "rarity": "Uncommon",
            "chance": 15.35,
            "stage": "Final stage"
          },
          {
            "_id": "79824a931cf81cbf95de7c76b46c93cd",
            "itemName": "Greater Unairu Lens",
            "rarity": "Uncommon",
            "chance": 15.35,
            "stage": "Final stage"
          },
          {
            "_id": "9e74bce32a5de9d6aa35e4d54d9ac5c4",
            "itemName": "Greater Vazarin Lens",
            "rarity": "Uncommon",
            "chance": 13.16,
            "stage": "Final stage"
          },
          {
            "_id": "0ab568227e34130b968341ec06bf78b3",
            "itemName": "Bellow Voca",
            "rarity": "Uncommon",
            "chance": 13.16,
            "stage": "Final stage"
          },
          {
            "_id": "b3c734177040ffb494609a27d87d4841",
            "itemName": "4000 Endo",
            "rarity": "Uncommon",
            "chance": 13.16,
            "stage": "Final stage"
          },
          {
            "_id": "99b0e87ca523f0fe1810f7e37a0e90bf",
            "itemName": "15X Stela",
            "rarity": "Rare",
            "chance": 8.77,
            "stage": "Final stage"
          },
          {
            "_id": "fce2e7e57ea9a94cd21292610fad038b",
            "itemName": "Aya",
            "rarity": "Uncommon",
            "chance": 16.67,
            "stage": "Final stage"
          },
          {
            "_id": "a6c57ba29e85cb9141fbf09ef6230fc7",
            "itemName": "Mandonel Blueprint",
            "rarity": "Rare",
            "chance": 4.39,
            "stage": "Final stage"
          }
        ]
      }
    },
    {
      "_id": "c1d6ba2127c65ae5250711d958c1eecd",
      "bountyLevel": "Level  115 - 120 Entrati Lab Bounty",
      "rewards": {
        "A": [],
        "B": [],
        "C": [
          {
            "_id": "0427d72a434b63281ce415469d706547",
            "itemName": "3000 Endo",
            "rarity": "Uncommon",
            "chance": 14.71,
            "stage": "Final stage"
          },
          {
            "_id": "79824a931cf81cbf95de7c76b46c93cd",
            "itemName": "Greater Unairu Lens",
            "rarity": "Uncommon",
            "chance": 14.71,
            "stage": "Final stage"
          },
          {
            "_id": "79a954456219770dece65fd291d52659",
            "itemName": "Greater Naramon Lens",
            "rarity": "Uncommon",
            "chance": 14.71,
            "stage": "Final stage"
          },
          {
            "_id": "a73f8da79bf33f7c9d9d0152ebca06bf",
            "itemName": "Echo Voca",
            "rarity": "Uncommon",
            "chance": 14.71,
            "stage": "Final stage"
          },
          {
            "_id": "b3c734177040ffb494609a27d87d4841",
            "itemName": "4000 Endo",
            "rarity": "Uncommon",
            "chance": 12.61,
            "stage": "Final stage"
          },
          {
            "_id": "99b0e87ca523f0fe1810f7e37a0e90bf",
            "itemName": "15X Stela",
            "rarity": "Rare",
            "chance": 8.4,
            "stage": "Final stage"
          },
          {
            "_id": "fce2e7e57ea9a94cd21292610fad038b",
            "itemName": "Aya",
            "rarity": "Uncommon",
            "chance": 15.97,
            "stage": "Final stage"
          },
          {
            "_id": "a6c57ba29e85cb9141fbf09ef6230fc7",
            "itemName": "Mandonel Blueprint",
            "rarity": "Rare",
            "chance": 4.2,
            "stage": "Final stage"
          }
        ]
      }
    }
  ]
}
