{
  "hexRewards": [
    {
      "_id": "39cafa9f967cc7398b938655af6bd6cf",
      "bountyLevel": "Level  55 - 60 WF1999 Bounty",
      "rewards": {
        "A": [],
        "B": [],
        "C": [
          {
            "_id": "e19ccf005092994c95589a1954890e2d",
            "itemName": "600 Endo",
            "rarity": "Uncommon",
            "chance": 19.51,
            "stage": "Final stage"
          },
          {
            "_id": "4c811e39b091f9dd383811990679db0a",
            "itemName": "20X Efervon Sample",
            "rarity": "Uncommon",
            "chance": 14.63,
            "stage": "Final stage"
          },
          {
            "_id": "1b3706d996b0efa514a1ee1282aa461a",
            "itemName": "The Countessa Comic",
            "rarity": "Uncommon",
            "chance": 14.63,
            "stage": "Final stage"
          },
          {
            "_id": "7466bf92935049dfe6cc68bf3d5f64e4",
            "itemName": "900 Endo",
            "rarity": "Uncommon",
            "chance": 12.2,
            "stage": "Final stage"
          },
          {
            "_id": "0c90b5cc9c9fbb5d2a3976aad1199a7b",
            "itemName": "20X Höllvanian Pitchweave Fragment",
            "rarity": "Uncommon",
            "chance": 12.2,
            "stage": "Final stage"
          },
          {
            "_id": "fce2e7e57ea9a94cd21292610fad038b",
            "itemName": "Aya",
            "rarity": "Rare",
            "chance": 9.76,
            "stage": "Final stage"
          },
          {
            "_id": "bb87345ebce0e89abe71933a2d26e043",
            "itemName": "Cyte-09 Chassis Blueprint",
            "rarity": "Uncommon",
            "chance": 12.2,
            "stage": "Final stage"
          },
          {
            "_id": "8bd6c53a8259d318398bfbb1ee71aec7",
            "itemName": "Experimental Arc-Relay",
            "rarity": "Rare",
            "chance": 4.88,
            "stage": "Final stage"
          }
        ]
      }
    },
    {
      "_id": "cc0189feb747c6138dbae45a26a4b0dd",
      "bountyLevel": "Level  65 - 70 WF1999 Bounty",
      "rewards": {
        "A": [],
        "B": [],
        "C": [
          {
            "_id": "ba23500facd1c50bf151e53b03a049bf",
            "itemName": "1200 Endo",
            "rarity": "Uncommon",
            "chance": 18.6,
            "stage": "Final stage"
          },
          {
            "_id": "6e161bb0f7ae222dfc42cf9b823eae5f",
            "itemName": "30X Höllvanian Pitchweave Fragment",
            "rarity": "Uncommon",
            "chance": 18.6,
            "stage": "Final stage"
          },
          {
            "_id": "8d0d5df64faf44ad8473c1a156b45e75",
            "itemName": "On-Lyne Cd",
            "rarity": "Uncommon",
            "chance": 13.95,
            "stage": "Final stage"
          },
          {
            "_id": "b102d74bf0e2554fe4cd93a243af48b5",
            "itemName": "1500 Endo",
            "rarity": "Uncommon",
            "chance": 11.63,
            "stage": "Final stage"
          },
          {
            "_id": "38fec7e3e0db8979bf33dc9e055062a8",
            "itemName": "3X Techrot Chitin",
            "rarity": "Uncommon",
            "chance": 11.63,
            "stage": "Final stage"
          },
          {
            "_id": "fce2e7e57ea9a94cd21292610fad038b",
            "itemName": "Aya",
            "rarity": "Rare",
            "chance": 9.3,
            "stage": "Final stage"
          },
          {
            "_id": "2eff26d7b2a4491db42cb1d01085f8b0",
            "itemName": "Cyte-09 Neuroptics Blueprint",
            "rarity": "Uncommon",
            "chance": 11.63,
            "stage": "Final stage"
          },
          {
            "_id": "7445654da0dc26fec8b2d169ceae5097",
            "itemName": "Techrot Motherboard",
            "rarity": "Rare",
            "chance": 4.65,
            "stage": "Final stage"
          }
        ]
      }
    },
    {
      "_id": "79bc289265930bcae0741dc368347792",
      "bountyLevel": "Level  75 - 80 WF1999 Bounty",
      "rewards": {
        "A": [],
        "B": [],
        "C": [
          {
            "_id": "91620f648cd055b230aff74b47eed874",
            "itemName": "1800 Endo",
            "rarity": "Uncommon",
            "chance": 15.56,
            "stage": "Final stage"
          },
          {
            "_id": "ff9e7d3d5020e91ea1b2b3719c48d345",
            "itemName": "Greater Zenurik Lens",
            "rarity": "Uncommon",
            "chance": 15.56,
            "stage": "Final stage"
          },
          {
            "_id": "e2318052951c2829162db598d7fc03ad",
            "itemName": "Greater Madurai Lens",
            "rarity": "Uncommon",
            "chance": 13.33,
            "stage": "Final stage"
          },
          {
            "_id": "95a8d9d51b919bb228c9601e2c762b4b",
            "itemName": "Chuggin' Along Sixpack",
            "rarity": "Uncommon",
            "chance": 15.56,
            "stage": "Final stage"
          },
          {
            "_id": "e9219e20bdacebd303af6d3fbb14db64",
            "itemName": "2100 Endo",
            "rarity": "Uncommon",
            "chance": 13.33,
            "stage": "Final stage"
          },
          {
            "_id": "fce2e7e57ea9a94cd21292610fad038b",
            "itemName": "Aya",
            "rarity": "Rare",
            "chance": 8.89,
            "stage": "Final stage"
          },
          {
            "_id": "50ae5a16df163f65a041eeac806c9eee",
            "itemName": "Cyte-09 Systems Blueprint",
            "rarity": "Uncommon",
            "chance": 13.33,
            "stage": "Final stage"
          },
          {
            "_id": "1fa8e0f838c9215957cea8343da214f4",
            "itemName": "4X Techrot Motherboard",
            "rarity": "Rare",
            "chance": 4.44,
            "stage": "Final stage"
          }
        ]
      }
    },
    {
      "_id": "d4f6476e7affe27521369aeb40629bbc",
      "bountyLevel": "Level  85 - 90 WF1999 Bounty",
      "rewards": {
        "A": [],
        "B": [],
        "C": [
          {
            "_id": "c2872243a2fddafc133a48c5b33c7de9",
            "itemName": "2400 Endo",
            "rarity": "Uncommon",
            "chance": 12.96,
            "stage": "Final stage"
          },
          {
            "_id": "79824a931cf81cbf95de7c76b46c93cd",
            "itemName": "Greater Unairu Lens",
            "rarity": "Uncommon",
            "chance": 11.11,
            "stage": "Final stage"
          },
          {
            "_id": "9e74bce32a5de9d6aa35e4d54d9ac5c4",
            "itemName": "Greater Vazarin Lens",
            "rarity": "Uncommon",
            "chance": 11.11,
            "stage": "Final stage"
          },
          {
            "_id": "79a954456219770dece65fd291d52659",
            "itemName": "Greater Naramon Lens",
            "rarity": "Uncommon",
            "chance": 11.11,
            "stage": "Final stage"
          },
          {
            "_id": "9f23a8ed9563e8e7a462199459c58884",
            "itemName": "Mood Crystal",
            "rarity": "Uncommon",
            "chance": 11.11,
            "stage": "Final stage"
          },
          {
            "_id": "aed03198b103c9f0313e75f4a5e58fe3",
            "itemName": "2700 Endo",
            "rarity": "Uncommon",
            "chance": 14.81,
            "stage": "Final stage"
          },
          {
            "_id": "f32a2f8a8375c8e3730910e3348b3fcf",
            "itemName": "6X Experimental Arc-Relay",
            "rarity": "Uncommon",
            "chance": 12.96,
            "stage": "Final stage"
          },
          {
            "_id": "fce2e7e57ea9a94cd21292610fad038b",
            "itemName": "Aya",
            "rarity": "Uncommon",
            "chance": 11.11,
            "stage": "Final stage"
          },
          {
            "_id": "75bd91bf8df61a04df274f34bc4772c2",
            "itemName": "Vesper 77 Blueprint",
            "rarity": "Rare",
            "chance": 3.7,
            "stage": "Final stage"
          }
        ]
      }
    },
    {
      "_id": "2c67ecbcb346b6d44c6f8dd3083f7931",
      "bountyLevel": "Level  95 - 100 WF1999 Bounty",
      "rewards": {
        "A": [],
        "B": [],
        "C": [
          {
            "_id": "9bc42b1534ce60dd63e8c7a435281eaa",
            "itemName": "3300 Endo",
            "rarity": "Uncommon",
            "chance": 13.73,
            "stage": "Final stage"
          },
          {
            "_id": "79824a931cf81cbf95de7c76b46c93cd",
            "itemName": "Greater Unairu Lens",
            "rarity": "Uncommon",
            "chance": 11.76,
            "stage": "Final stage"
          },
          {
            "_id": "9e74bce32a5de9d6aa35e4d54d9ac5c4",
            "itemName": "Greater Vazarin Lens",
            "rarity": "Uncommon",
            "chance": 11.76,
            "stage": "Final stage"
          },
          {
            "_id": "79a954456219770dece65fd291d52659",
            "itemName": "Greater Naramon Lens",
            "rarity": "Uncommon",
            "chance": 11.76,
            "stage": "Final stage"
          },
          {
            "_id": "107d67e3e3262bf87884c74d8e3d7f25",
            "itemName": "Cheddar Crowns Cereal",
            "rarity": "Uncommon",
            "chance": 11.76,
            "stage": "Final stage"
          },
          {
            "_id": "77a156f73fb8b18a4cff33dece7fbf38",
            "itemName": "4200 Endo",
            "rarity": "Uncommon",
            "chance": 15.69,
            "stage": "Final stage"
          },
          {
            "_id": "f50b3feb523eaa52de75f81bd9a295b9",
            "itemName": "6X Techrot Chitin",
            "rarity": "Uncommon",
            "chance": 11.76,
            "stage": "Final stage"
          },
          {
            "_id": "fce2e7e57ea9a94cd21292610fad038b",
            "itemName": "Aya",
            "rarity": "Rare",
            "chance": 7.84,
            "stage": "Final stage"
          },
          {
            "_id": "2d1259fb27e7b1bc3d9400d0cac53655",
            "itemName": "Reconifex Blueprint",
            "rarity": "Rare",
            "chance": 3.92,
            "stage": "Final stage"
          }
        ]
      }
    },
    {
      "_id": "9ff9709c54e511c0c34295076feb2465",
      "bountyLevel": "Level  105 - 110 WF1999 Bounty",
      "rewards": {
        "A": [],
        "B": [],
        "C": [
          {
            "_id": "9bc42b1534ce60dd63e8c7a435281eaa",
            "itemName": "3300 Endo",
            "rarity": "Uncommon",
            "chance": 14,
            "stage": "Final stage"
          },
          {
            "_id": "45e80befadfb330a2892fb51c37d5cf5",
            "itemName": "50X Efervon Sample",
            "rarity": "Uncommon",
            "chance": 14,
            "stage": "Final stage"
          },
          {
            "_id": "22c7442886582ab312e53a2b233ecd74",
            "itemName": "50X Höllvanian Pitchweave Fragment",
            "rarity": "Uncommon",
            "chance": 12,
            "stage": "Final stage"
          },
          {
            "_id": "77a156f73fb8b18a4cff33dece7fbf38",
            "itemName": "4200 Endo",
            "rarity": "Uncommon",
            "chance": 14,
            "stage": "Final stage"
          },
          {
            "_id": "0b0574c33b2e680f838386defaefed80",
            "itemName": "10X Techrot Chitin",
            "rarity": "Uncommon",
            "chance": 12,
            "stage": "Final stage"
          },
          {
            "_id": "b2832ff0db34d5944421390ab902de4a",
            "itemName": "10X Experimental Arc-Relay",
            "rarity": "Uncommon",
            "chance": 12,
            "stage": "Final stage"
          },
          {
            "_id": "4b6a0af07cf39f38589afc51baf30b68",
            "itemName": "8X Techrot Motherboard",
            "rarity": "Uncommon",
            "chance": 10,
            "stage": "Final stage"
          },
          {
            "_id": "fce2e7e57ea9a94cd21292610fad038b",
            "itemName": "Aya",
            "rarity": "Rare",
            "chance": 8,
            "stage": "Final stage"
          },
          {
            "_id": "4b6a96f69b9ccc983bc384df76b2e01d",
            "itemName": "Big Bytes Pizza",
            "rarity": "Rare",
            "chance": 4,
            "stage": "Final stage"
          }
        ]
      }
    },
    {
      "_id": "0765ffd570bf849909d52dedcffc7548",
      "bountyLevel": "Level  115 - 120 WF1999 Bounty",
      "rewards": {
        "A": [],
        "B": [],
        "C": [
          {
            "_id": "d9992933234ed42aa668fcb077489caa",
            "itemName": "Byteryte",
            "rarity": "Uncommon",
            "chance": 12.5,
            "stage": "Final stage"
          },
          {
            "_id": "666e89596fc870f35dadb46acf36e877",
            "itemName": "Worm Away",
            "rarity": "Uncommon",
            "chance": 12.5,
            "stage": "Final stage"
          },
          {
            "_id": "01efad5f14672a91c99a8b7729269c7b",
            "itemName": "Trojan Tracker",
            "rarity": "Uncommon",
            "chance": 12.5,
            "stage": "Final stage"
          },
          {
            "_id": "99fccedbc345facdf939739e921459e6",
            "itemName": "Keep-Clean",
            "rarity": "Uncommon",
            "chance": 12.5,
            "stage": "Final stage"
          },
          {
            "_id": "33271edd9c7d3ec441903ec63299d9d3",
            "itemName": "Drive-Duster",
            "rarity": "Uncommon",
            "chance": 12.5,
            "stage": "Final stage"
          },
          {
            "_id": "d40ba9c77279953934440051b4613f3b",
            "itemName": "Soft Safe",
            "rarity": "Uncommon",
            "chance": 12.5,
            "stage": "Final stage"
          },
          {
            "_id": "e8f04043a0e5473f0ed718751f0c4611",
            "itemName": "Anti-V",
            "rarity": "Uncommon",
            "chance": 12.5,
            "stage": "Final stage"
          },
          {
            "_id": "f7ae876c3aea657d3f367c149333b20f",
            "itemName": "Computer Cop",
            "rarity": "Uncommon",
            "chance": 12.5,
            "stage": "Final stage"
          }
        ]
      }
    }
  ]
}
