{
  "sigilByAvatar": [
    {
      "_id": "4b3bd4414eb6b1c842fc18274f7ea15f",
      "source": "H-09 Apex",
      "items": [
        {
          "_id": "5a13d78147c41bacc5e03f58a2b77ae8",
          "item": "Albumchip",
          "rarity": "Common",
          "chance": 100
        }
      ]
    },
    {
      "_id": "10c9d4d3d190ece72903a2afde5a3b55",
      "source": "Techrot Obsolyte",
      "items": [
        {
          "_id": "5a13d78147c41bacc5e03f58a2b77ae8",
          "item": "Albumchip",
          "rarity": "Common",
          "chance": 7
        }
      ]
    },
    {
      "_id": "6dd22d18709e9d832fc100a3346c33f9",
      "source": "Techrot Babau",
      "items": [
        {
          "_id": "5a13d78147c41bacc5e03f58a2b77ae8",
          "item": "Albumchip",
          "rarity": "Common",
          "chance": 15
        }
      ]
    },
    {
      "_id": "1fb803906252310481ed99fe02f0b749",
      "source": "Techrot Skuzzi",
      "items": [
        {
          "_id": "5a13d78147c41bacc5e03f58a2b77ae8",
          "item": "Albumchip",
          "rarity": "Common",
          "chance": 7
        }
      ]
    },
    {
      "_id": "8ef460e479b6f9a47c7b818ac5c29051",
      "source": "Techrot Galliflex",
      "items": [
        {
          "_id": "5a13d78147c41bacc5e03f58a2b77ae8",
          "item": "Albumchip",
          "rarity": "Common",
          "chance": 2
        }
      ]
    },
    {
      "_id": "3a4e3dde73c462fec49f41e4464920bb",
      "source": "Techrot Volatile Galliflex",
      "items": [
        {
          "_id": "5a13d78147c41bacc5e03f58a2b77ae8",
          "item": "Albumchip",
          "rarity": "Common",
          "chance": 7
        }
      ]
    },
    {
      "_id": "85017a15b70c11d04d2d73d1e9801bea",
      "source": "Techrot Matmas",
      "items": [
        {
          "_id": "5a13d78147c41bacc5e03f58a2b77ae8",
          "item": "Albumchip",
          "rarity": "Common",
          "chance": 7
        }
      ]
    },
    {
      "_id": "13aea3e9b9b7d0fc8f459835414d3384",
      "source": "Vem Tabook",
      "items": [
        {
          "_id": "f8babd438329aa28a2c65b9a674fae8a",
          "item": "Grustrag Sigil",
          "rarity": "Common",
          "chance": 100
        }
      ]
    },
    {
      "_id": "90ac085710bb8a2a031a3d94cc31656b",
      "source": "Corrupted Jackal",
      "items": [
        {
          "_id": "2c37075e83cbc431cf1e5545bb9f6d68",
          "item": "Jackal Sigil",
          "rarity": "Common",
          "chance": 100
        }
      ]
    },
    {
      "_id": "0f92c57beae554f2e803389f891f441f",
      "source": "Tusk Thumper Doma",
      "items": [
        {
          "_id": "438cb5d42152674b071b8c363a088137",
          "item": "Maprico",
          "rarity": "Uncommon",
          "chance": 50
        },
        {
          "_id": "cf2978b7ea99624318ad08aed3460c91",
          "item": "Sentirum",
          "rarity": "Uncommon",
          "chance": 50
        },
        {
          "_id": "bcc41d6a05c2249914020ddf3c861f7e",
          "item": "Nyth",
          "rarity": "Uncommon",
          "chance": 50
        },
        {
          "_id": "06c8b6b4b7943691450e9eadb43288ec",
          "item": "Seram Beetle Shell",
          "rarity": "Uncommon",
          "chance": 50
        }
      ]
    },
    {
      "_id": "bcb5d7c89fce86b8b8d0da82b5a444c0",
      "source": "Tusk Thumper Bull",
      "items": [
        {
          "_id": "438cb5d42152674b071b8c363a088137",
          "item": "Maprico",
          "rarity": "Uncommon",
          "chance": 25
        },
        {
          "_id": "cf2978b7ea99624318ad08aed3460c91",
          "item": "Sentirum",
          "rarity": "Uncommon",
          "chance": 25
        },
        {
          "_id": "bcc41d6a05c2249914020ddf3c861f7e",
          "item": "Nyth",
          "rarity": "Uncommon",
          "chance": 25
        },
        {
          "_id": "06c8b6b4b7943691450e9eadb43288ec",
          "item": "Seram Beetle Shell",
          "rarity": "Uncommon",
          "chance": 25
        }
      ]
    },
    {
      "_id": "f99cbd7d87d4bc8884c70391aa6d6c8c",
      "source": "Leaping Thrasher",
      "items": [
        {
          "_id": "2f674ed4bd5077c0d6b8416a6e7431d4",
          "item": "Leaping Thrasher Sigil",
          "rarity": "Common",
          "chance": 5
        }
      ]
    },
    {
      "_id": "4a860f5b79f0e81ade9172f15bf1f61a",
      "source": "Eidolon Gantulyst",
      "items": [
        {
          "_id": "2c874c326a4835219e6cbf0cfa343e01",
          "item": "Gantulyst Sigil",
          "rarity": "Common",
          "chance": 10
        }
      ]
    },
    {
      "_id": "cea4a55e9950c50e5c9f4f06be0389a6",
      "source": "Eidolon Teralyst",
      "items": [
        {
          "_id": "8730877dc32903d0a62b441141b7ab16",
          "item": "Teralyst Sigil",
          "rarity": "Common",
          "chance": 10
        }
      ]
    },
    {
      "_id": "683588c537ec3bc4ad0c34f30d15a62f",
      "source": "Eidolon Hydrolyst",
      "items": [
        {
          "_id": "6142d02622b223db53a70346a45063fe",
          "item": "Hydrolyst Sigil",
          "rarity": "Common",
          "chance": 10
        }
      ]
    },
    {
      "_id": "48fd4309d62c555ba9bd850c1b52668d",
      "source": "Wolf Of Saturn Six",
      "items": [
        {
          "_id": "6c5629ed3d8462f7e950dbafd595bbe9",
          "item": "Saturn Six Mask",
          "rarity": "Common",
          "chance": 2
        }
      ]
    },
    {
      "_id": "931da241cc672aef2c35ec2db0cffa91",
      "source": "Alad V",
      "items": [
        {
          "_id": "e09526b63c17ae0a80c25765fa77101f",
          "item": "Alad V Sigil",
          "rarity": "Common",
          "chance": 100
        }
      ]
    },
    {
      "_id": "a3ad69c9d0a953e8d183b32dc9e528d8",
      "source": "Ambulas",
      "items": [
        {
          "_id": "5962b77976602b7c8c3b184d1f41f101",
          "item": "Ambulas Sigil",
          "rarity": "Common",
          "chance": 100
        }
      ]
    },
    {
      "_id": "28afbd6dc10620dd6aece25d8d190148",
      "source": "Captain Vor",
      "items": [
        {
          "_id": "1e0eaa63d5034e98eba70d8d2afbe4b3",
          "item": "Vor Sigil",
          "rarity": "Common",
          "chance": 100
        }
      ]
    },
    {
      "_id": "046568156ec0187289f3b221f16da2e2",
      "source": "Lynx",
      "items": [
        {
          "_id": "eba2d606109fb917f30607e812f20825",
          "item": "Lynx Sigil",
          "rarity": "Common",
          "chance": 100
        }
      ]
    },
    {
      "_id": "9870e10ea069346bc4e20d42b2eeb1e3",
      "source": "Ghoul Auger Alpha",
      "items": [
        {
          "_id": "5f40ceb4cd4370c7895a6e3ac224a737",
          "item": "Tak & Lug Blade",
          "rarity": "Uncommon",
          "chance": 2.5
        },
        {
          "_id": "95c01b19de6572b1d871a13fb30ece0f",
          "item": "Tak & Lug Guard",
          "rarity": "Uncommon",
          "chance": 2.5
        },
        {
          "_id": "0d8390321fe25fb93c8458964d929534",
          "item": "Tak & Lug Handle",
          "rarity": "Uncommon",
          "chance": 2.5
        },
        {
          "_id": "3c46a686a837742c856bbe31e6b7d567",
          "item": "Tak & Lug Blueprint",
          "rarity": "Uncommon",
          "chance": 2.5
        }
      ]
    },
    {
      "_id": "387fdd419810dd02956b12c46ec2b9ed",
      "source": "Ghoul Rictus Alpha",
      "items": [
        {
          "_id": "c6b4948e9bb0c20e140c0eda76323c33",
          "item": "Tonkkatt Blade",
          "rarity": "Common",
          "chance": 3.33
        },
        {
          "_id": "e3a6ec7ba2a6515a7f11d59adec8efdc",
          "item": "Tonkkatt Handle",
          "rarity": "Common",
          "chance": 3.33
        },
        {
          "_id": "3fc295a6cd94a219e5399840069dbca7",
          "item": "Tonkkatt Blueprint",
          "rarity": "Common",
          "chance": 3.33
        }
      ]
    },
    {
      "_id": "c31e59bc2cb6c7cdde0589eb0538612d",
      "source": "Lephantis",
      "items": [
        {
          "_id": "4b8fa270ce5659771d691a5c4ef807e0",
          "item": "Lephantis Sigil",
          "rarity": "Common",
          "chance": 100
        }
      ]
    },
    {
      "_id": "27cd9fcca617aa1cc5d54f858a5d6fe9",
      "source": "Infested Corpus",
      "items": [
        {
          "_id": "4b8fa270ce5659771d691a5c4ef807e0",
          "item": "Lephantis Sigil",
          "rarity": "Common",
          "chance": 100
        }
      ]
    },
    {
      "_id": "c1d533b26b307fe2351c16b54868c298",
      "source": "Ancient Infested",
      "items": [
        {
          "_id": "4b8fa270ce5659771d691a5c4ef807e0",
          "item": "Lephantis Sigil",
          "rarity": "Common",
          "chance": 100
        }
      ]
    },
    {
      "_id": "250f5125d685eaa0aa4c0b09686f739a",
      "source": "Infested Grineer",
      "items": [
        {
          "_id": "4b8fa270ce5659771d691a5c4ef807e0",
          "item": "Lephantis Sigil",
          "rarity": "Common",
          "chance": 100
        }
      ]
    },
    {
      "_id": "20acee5e140474aa7be2d48851a6c65e",
      "source": "Hunhow",
      "items": [
        {
          "_id": "a13099b83d0f4100d8967aa0fb56b087",
          "item": "Stalker Sigil",
          "rarity": "Common",
          "chance": 100
        }
      ]
    },
    {
      "_id": "a38b0be94d2186181cc2f3e641d5f912",
      "source": "Hyena Th",
      "items": [
        {
          "_id": "c408714af546d62aae27892eb8f44da4",
          "item": "Hyena Sigil",
          "rarity": "Common",
          "chance": 100
        }
      ]
    },
    {
      "_id": "20f29da5f74a0eefcabda55bd2421d0b",
      "source": "Hyena Ng",
      "items": [
        {
          "_id": "c408714af546d62aae27892eb8f44da4",
          "item": "Hyena Sigil",
          "rarity": "Common",
          "chance": 100
        }
      ]
    },
    {
      "_id": "83890901b69bd88ff99595982974d3c8",
      "source": "Hyena Pb",
      "items": [
        {
          "_id": "c408714af546d62aae27892eb8f44da4",
          "item": "Hyena Sigil",
          "rarity": "Common",
          "chance": 100
        }
      ]
    },
    {
      "_id": "262a67efcb6c80357a923f1ad63d9f24",
      "source": "Hyena Ln2",
      "items": [
        {
          "_id": "c408714af546d62aae27892eb8f44da4",
          "item": "Hyena Sigil",
          "rarity": "Common",
          "chance": 100
        }
      ]
    },
    {
      "_id": "f5d72f1c6ed3b5c249d5380f4eb4dac3",
      "source": "Mutalist Alad V",
      "items": [
        {
          "_id": "e09526b63c17ae0a80c25765fa77101f",
          "item": "Alad V Sigil",
          "rarity": "Common",
          "chance": 100
        }
      ]
    },
    {
      "_id": "ee45ef749a4c8267d8bc187c6cebb8c0",
      "source": "Kela De Thaym",
      "items": [
        {
          "_id": "a8677ab3d0434e5308fd0d54ef281903",
          "item": "Kela De Thaym Sigil",
          "rarity": "Common",
          "chance": 100
        }
      ]
    },
    {
      "_id": "be2a4eb6f0966b6cf6a68603dec5d104",
      "source": "Lt Lech Kril",
      "items": [
        {
          "_id": "33e26c4574d73ea2e5c62d3d03dd1ac6",
          "item": "Lech Kril Sigil",
          "rarity": "Common",
          "chance": 100
        }
      ]
    },
    {
      "_id": "4eb393202cebe74d1bc724551326a09c",
      "source": "Phorid",
      "items": [
        {
          "_id": "7754eed5e5b521391d9fd099346c7681",
          "item": "Phorid Sigil",
          "rarity": "Common",
          "chance": 100
        }
      ]
    },
    {
      "_id": "d6793720746f4c4d524f6640611c35dd",
      "source": "Jackal",
      "items": [
        {
          "_id": "2c37075e83cbc431cf1e5545bb9f6d68",
          "item": "Jackal Sigil",
          "rarity": "Common",
          "chance": 100
        }
      ]
    },
    {
      "_id": "6cb576ec13726583fab7df279410f9b2",
      "source": "Raptor",
      "items": [
        {
          "_id": "f8b576c5f68db7d69771b11946213a02",
          "item": "Raptor Sigil",
          "rarity": "Common",
          "chance": 100
        }
      ]
    },
    {
      "_id": "e73ce7e38dcef8f8a3a225f85842acd9",
      "source": "Raptor Mt",
      "items": [
        {
          "_id": "f8b576c5f68db7d69771b11946213a02",
          "item": "Raptor Sigil",
          "rarity": "Common",
          "chance": 100
        }
      ]
    },
    {
      "_id": "19e88ad3a052bad4e7c9b0e408b6046b",
      "source": "Raptor Rv",
      "items": [
        {
          "_id": "f8b576c5f68db7d69771b11946213a02",
          "item": "Raptor Sigil",
          "rarity": "Common",
          "chance": 100
        }
      ]
    },
    {
      "_id": "72308ae7e19007ece1700145e337ce9a",
      "source": "Raptor Ns",
      "items": [
        {
          "_id": "f8b576c5f68db7d69771b11946213a02",
          "item": "Raptor Sigil",
          "rarity": "Common",
          "chance": 100
        }
      ]
    },
    {
      "_id": "31aeacbabc937f65f44dbcc3fc3f636d",
      "source": "General Sargas Ruk",
      "items": [
        {
          "_id": "6f31fcb598d08c5e9aec5de213ae5880",
          "item": "Sargas Ruk Sigil",
          "rarity": "Common",
          "chance": 100
        }
      ]
    },
    {
      "_id": "e732800263daf67472e2a95799246c91",
      "source": "Stalker",
      "items": [
        {
          "_id": "a13099b83d0f4100d8967aa0fb56b087",
          "item": "Stalker Sigil",
          "rarity": "Common",
          "chance": 100
        }
      ]
    },
    {
      "_id": "097443e91b14b8c9c6d93c4f3593ea2e",
      "source": "Shadow Stalker",
      "items": [
        {
          "_id": "a13099b83d0f4100d8967aa0fb56b087",
          "item": "Stalker Sigil",
          "rarity": "Common",
          "chance": 100
        }
      ]
    },
    {
      "_id": "32ad6bc1638e01acf9d2e312fc44eeb6",
      "source": "Tyl Regor",
      "items": [
        {
          "_id": "80c42a9ccc58b2145ebb20ba2d8b51ff",
          "item": "Tyl Regor Sigil",
          "rarity": "Common",
          "chance": 100
        }
      ]
    },
    {
      "_id": "eda9f7b03e6f4588b1058b16e6b214b8",
      "source": "Councilor Vay Hek",
      "items": [
        {
          "_id": "2130892e22a1ca60ff799ac725887ae6",
          "item": "Vay Hek Sigil",
          "rarity": "Common",
          "chance": 100
        }
      ]
    },
    {
      "_id": "53394912e1c6e9e7b498bb8b185e48be",
      "source": "Vay Hek Terra Frame",
      "items": [
        {
          "_id": "2130892e22a1ca60ff799ac725887ae6",
          "item": "Vay Hek Sigil",
          "rarity": "Common",
          "chance": 100
        }
      ]
    },
    {
      "_id": "2ca1f6ec876d66fb28605d81d2bfa232",
      "source": "Corrupted Vor",
      "items": [
        {
          "_id": "1e0eaa63d5034e98eba70d8d2afbe4b3",
          "item": "Vor Sigil",
          "rarity": "Common",
          "chance": 100
        }
      ]
    },
    {
      "_id": "2ca1f6ec876d66fb28605d81d2bfa232",
      "source": "Corrupted Vor",
      "items": [
        {
          "_id": "1e0eaa63d5034e98eba70d8d2afbe4b3",
          "item": "Vor Sigil",
          "rarity": "Common",
          "chance": 100
        }
      ]
    },
    {
      "_id": "027cb83c9d833617d1e6c438c8b65e09",
      "source": "Zanuka Hunter",
      "items": [
        {
          "_id": "e5aaa2ab334c526ba89bcaf31df33f6f",
          "item": "Zanuka Sigil",
          "rarity": "Common",
          "chance": 100
        }
      ]
    },
    {
      "_id": "d0c47c9f91afe1e1ae1ee0a00c3068e4",
      "source": "Deimos Leaping Thrasher",
      "items": [
        {
          "_id": "2f674ed4bd5077c0d6b8416a6e7431d4",
          "item": "Leaping Thrasher Sigil",
          "rarity": "Common",
          "chance": 5
        }
      ]
    },
    {
      "_id": "85df5e7eb016cee42c0dc52f5e08c0c7",
      "source": "Deimos Saxum Rex",
      "items": [
        {
          "_id": "2f674ed4bd5077c0d6b8416a6e7431d4",
          "item": "Leaping Thrasher Sigil",
          "rarity": "Common",
          "chance": 5
        }
      ]
    },
    {
      "_id": "01aaa55c3ef71c642519c4119084a915",
      "source": "Deimos Saxum",
      "items": [
        {
          "_id": "2f674ed4bd5077c0d6b8416a6e7431d4",
          "item": "Leaping Thrasher Sigil",
          "rarity": "Common",
          "chance": 5
        }
      ]
    },
    {
      "_id": "01aaa55c3ef71c642519c4119084a915",
      "source": "Deimos Saxum",
      "items": [
        {
          "_id": "2f674ed4bd5077c0d6b8416a6e7431d4",
          "item": "Leaping Thrasher Sigil",
          "rarity": "Common",
          "chance": 5
        }
      ]
    },
    {
      "_id": "e843598b8908d66b3e890e93b95adf94",
      "source": "Janus Captain Vor",
      "items": [
        {
          "_id": "1e0eaa63d5034e98eba70d8d2afbe4b3",
          "item": "Vor Sigil",
          "rarity": "Common",
          "chance": 100
        }
      ]
    },
    {
      "_id": "5fb47e9f57eace0d216855aab227be50",
      "source": "Protector Stalker",
      "items": [
        {
          "_id": "a13099b83d0f4100d8967aa0fb56b087",
          "item": "Stalker Sigil",
          "rarity": "Common",
          "chance": 100
        }
      ]
    },
    {
      "_id": "3c272626bb9c8df811f3d5613b8d3fba",
      "source": "Narmer Thumper Doma",
      "items": [
        {
          "_id": "438cb5d42152674b071b8c363a088137",
          "item": "Maprico",
          "rarity": "Uncommon",
          "chance": 50
        },
        {
          "_id": "cf2978b7ea99624318ad08aed3460c91",
          "item": "Sentirum",
          "rarity": "Uncommon",
          "chance": 50
        },
        {
          "_id": "bcc41d6a05c2249914020ddf3c861f7e",
          "item": "Nyth",
          "rarity": "Uncommon",
          "chance": 50
        },
        {
          "_id": "06c8b6b4b7943691450e9eadb43288ec",
          "item": "Seram Beetle Shell",
          "rarity": "Uncommon",
          "chance": 50
        }
      ]
    },
    {
      "_id": "36189871a50eccf5fd556ba6a8c27282",
      "source": "Narmer Thumper Bull",
      "items": [
        {
          "_id": "438cb5d42152674b071b8c363a088137",
          "item": "Maprico",
          "rarity": "Uncommon",
          "chance": 25
        },
        {
          "_id": "cf2978b7ea99624318ad08aed3460c91",
          "item": "Sentirum",
          "rarity": "Uncommon",
          "chance": 25
        },
        {
          "_id": "bcc41d6a05c2249914020ddf3c861f7e",
          "item": "Nyth",
          "rarity": "Uncommon",
          "chance": 25
        },
        {
          "_id": "06c8b6b4b7943691450e9eadb43288ec",
          "item": "Seram Beetle Shell",
          "rarity": "Uncommon",
          "chance": 25
        }
      ]
    },
    {
      "_id": "1e4088bf29e6d7160d1f2181978e9f0a",
      "source": "Profit-Taker",
      "items": [
        {
          "_id": "b4f6e93814fe5178ceaeac4f185eadc6",
          "item": "Bloodshed Sigil",
          "rarity": "Common",
          "chance": 3
        }
      ]
    },
    {
      "_id": "bac19a4a88ccdfd9e1ce0f525b45fdcd",
      "source": "Exploiter Orb",
      "items": [
        {
          "_id": "f2cdfec6c0d5999f45fe21fe32cc5792",
          "item": "Synathid Ecosynth Analyzer",
          "rarity": "Uncommon",
          "chance": 50.01
        },
        {
          "_id": "e3df50066cddae276ea46f938fe5fdb1",
          "item": "Tromyzon Entroplasma",
          "rarity": "Uncommon",
          "chance": 50.01
        },
        {
          "_id": "e94207617106c6d954f3d22c4598eeb0",
          "item": "Charamote Sagan Module",
          "rarity": "Uncommon",
          "chance": 50.01
        },
        {
          "_id": "72269bbaac0bab60bbfdf8cb2cf79e5e",
          "item": "Zodian",
          "rarity": "Uncommon",
          "chance": 50.01
        },
        {
          "_id": "85f615b595eac14d8bb04d97bcdab9b2",
          "item": "Thyst",
          "rarity": "Uncommon",
          "chance": 50.01
        },
        {
          "_id": "39652120de7f4ad00f0b12a8563bc1e4",
          "item": "Longwinder Lathe Coagulant",
          "rarity": "Uncommon",
          "chance": 50.01
        }
      ]
    }
  ]
}
