{
  "sortieRewards": [
    {
      "_id": "e241bee5328721fecec89990609ee013",
      "itemName": "Ayatan Anasa Sculpture",
      "rarity": "Uncommon",
      "chance": 28
    },
    {
      "_id": "b3c734177040ffb494609a27d87d4841",
      "itemName": "4000 Endo",
      "rarity": "Uncommon",
      "chance": 12
    },
    {
      "_id": "90c715a5c05bdf95ec724542dd710fc3",
      "itemName": "Forma",
      "rarity": "Rare",
      "chance": 2.5
    },
    {
      "_id": "a91e322447a7f33a05e636042053581f",
      "itemName": "Exilus Warframe Adapter",
      "rarity": "Rare",
      "chance": 2.5
    },
    {
      "_id": "26b4201247e073c40778fd800fa8cea0",
      "itemName": "Orokin Reactor Blueprint",
      "rarity": "Rare",
      "chance": 2.5
    },
    {
      "_id": "698fbf8552e2fc1f8ae6b4fb0c005215",
      "itemName": "Orokin Catalyst Blueprint",
      "rarity": "Rare",
      "chance": 2.5
    },
    {
      "_id": "9c70227e089e707122d8d641d48a4e92",
      "itemName": "Legendary Core",
      "rarity": "Legendary",
      "chance": 0.19
    },
    {
      "_id": "d2775c022204ea6859a01a6bccf94ff6",
      "itemName": "6000X Kuva",
      "rarity": "Uncommon",
      "chance": 12
    },
    {
      "_id": "3d073a4f48d953dce478191b658b7ed7",
      "itemName": "Affinity Booster",
      "rarity": "Rare",
      "chance": 3.27
    },
    {
      "_id": "8b50813ff23517bfb7737d736b371e8e",
      "itemName": "Resource Drop Chance Booster",
      "rarity": "Rare",
      "chance": 3.27
    },
    {
      "_id": "fbc1b04ad1125b3b7dc49d0aa0fd80f5",
      "itemName": "Mod Drop Chance Booster",
      "rarity": "Rare",
      "chance": 3.27
    },
    {
      "_id": "e16beeb5ce4fc97a4b02ad245fa6d58d",
      "itemName": "Rifle Riven Mod",
      "rarity": "Rare",
      "chance": 7
    },
    {
      "_id": "2be71976da4ace33d9c87453c8802210",
      "itemName": "Pistol Riven Mod",
      "rarity": "Rare",
      "chance": 7
    },
    {
      "_id": "97885e69c9c2493907a02893fbd7417f",
      "itemName": "Shotgun Riven Mod",
      "rarity": "Rare",
      "chance": 2.2
    },
    {
      "_id": "8e590eda24a99853c7d90e8015154ded",
      "itemName": "Melee Riven Mod",
      "rarity": "Rare",
      "chance": 9.8
    },
    {
      "_id": "27b583e05acf1007fd0fd9d64cf2e2b1",
      "itemName": "Zaw Riven Mod",
      "rarity": "Rare",
      "chance": 1
    },
    {
      "_id": "f5c756e2a5d687851909f56cfab1deb6",
      "itemName": "Kitgun Riven Mod",
      "rarity": "Rare",
      "chance": 1
    }
  ]
}
