{
  "zarimanRewards": [
    {
      "_id": "e3c6cc44595aea5bf0d0920873aca237",
      "bountyLevel": "Level  50 - 55 Zariman Bounty",
      "rewards": {
        "A": [],
        "B": [],
        "C": [
          {
            "_id": "d5ccc328b76d91df416cc361d2209c1f",
            "itemName": "15,000 Credits",
            "rarity": "Uncommon",
            "chance": 17.39,
            "stage": "Final stage"
          },
          {
            "_id": "767194661030a92ccb4d10419059ea6d",
            "itemName": "500 Endo",
            "rarity": "Uncommon",
            "chance": 17.39,
            "stage": "Final stage"
          },
          {
            "_id": "1ead179eba426fddddf21c7151a1bf99",
            "itemName": "Voidplume Down",
            "rarity": "Uncommon",
            "chance": 13.04,
            "stage": "Final stage"
          },
          {
            "_id": "32f8ddb3998d99f5c40b2b0ad2db5589",
            "itemName": "30,000 Credits",
            "rarity": "Uncommon",
            "chance": 13.04,
            "stage": "Final stage"
          },
          {
            "_id": "ca6ef38921f4216923b29c385d9ad854",
            "itemName": "750 Endo",
            "rarity": "Uncommon",
            "chance": 13.04,
            "stage": "Final stage"
          },
          {
            "_id": "fce2e7e57ea9a94cd21292610fad038b",
            "itemName": "Aya",
            "rarity": "Rare",
            "chance": 8.7,
            "stage": "Final stage"
          },
          {
            "_id": "69619d1c384fb31fb65fe318d5aca207",
            "itemName": "Gyre Neuroptics Blueprint",
            "rarity": "Uncommon",
            "chance": 13.04,
            "stage": "Final stage"
          },
          {
            "_id": "4d6996b8ae9864167bdb5fccf06ae60b",
            "itemName": "Entrati Lanthorn",
            "rarity": "Rare",
            "chance": 4.35,
            "stage": "Final stage"
          }
        ]
      }
    },
    {
      "_id": "e8ed42b2f118cb00a41595e37e417c7c",
      "bountyLevel": "Level  60 - 65 Zariman Bounty",
      "rewards": {
        "A": [],
        "B": [],
        "C": [
          {
            "_id": "7b7494d9ef1986fd5cff91730651ffe0",
            "itemName": "1000 Endo",
            "rarity": "Uncommon",
            "chance": 20.34,
            "stage": "Final stage"
          },
          {
            "_id": "77a3ac363b4ad9c0f987308e377fefa7",
            "itemName": "Ayatan Amber Star",
            "rarity": "Uncommon",
            "chance": 20.34,
            "stage": "Final stage"
          },
          {
            "_id": "26388da8db10e2edb0bec90f31d30100",
            "itemName": "Voidplume Vane",
            "rarity": "Uncommon",
            "chance": 13.56,
            "stage": "Final stage"
          },
          {
            "_id": "b102d74bf0e2554fe4cd93a243af48b5",
            "itemName": "1500 Endo",
            "rarity": "Uncommon",
            "chance": 13.56,
            "stage": "Final stage"
          },
          {
            "_id": "bac304255aa43f6eaeeadd40af44b792",
            "itemName": "5X Voidgel Orb",
            "rarity": "Rare",
            "chance": 6.78,
            "stage": "Final stage"
          },
          {
            "_id": "fce2e7e57ea9a94cd21292610fad038b",
            "itemName": "Aya",
            "rarity": "Rare",
            "chance": 8.47,
            "stage": "Final stage"
          },
          {
            "_id": "831c0a310fe34f7b82a757a6c8875dae",
            "itemName": "Gyre Chassis Blueprint",
            "rarity": "Uncommon",
            "chance": 13.56,
            "stage": "Final stage"
          },
          {
            "_id": "e176dd8839f1d8507c80e0d4251958c0",
            "itemName": "3X Entrati Lanthorn",
            "rarity": "Rare",
            "chance": 3.39,
            "stage": "Final stage"
          }
        ]
      }
    },
    {
      "_id": "67bfd042312e3859f83eabb5b5bf3040",
      "bountyLevel": "Level  70 - 75 Zariman Bounty",
      "rewards": {
        "A": [],
        "B": [],
        "C": [
          {
            "_id": "a3448f65c5e679537b50ff266c25c0fd",
            "itemName": "2000 Endo",
            "rarity": "Uncommon",
            "chance": 13.89,
            "stage": "Final stage"
          },
          {
            "_id": "ff9e7d3d5020e91ea1b2b3719c48d345",
            "itemName": "Greater Zenurik Lens",
            "rarity": "Uncommon",
            "chance": 13.89,
            "stage": "Final stage"
          },
          {
            "_id": "e2318052951c2829162db598d7fc03ad",
            "itemName": "Greater Madurai Lens",
            "rarity": "Uncommon",
            "chance": 11.9,
            "stage": "Final stage"
          },
          {
            "_id": "0d889affe4ecb0946389668bf1f5ff82",
            "itemName": "Voidplume Crest",
            "rarity": "Uncommon",
            "chance": 11.9,
            "stage": "Final stage"
          },
          {
            "_id": "0427d72a434b63281ce415469d706547",
            "itemName": "3000 Endo",
            "rarity": "Uncommon",
            "chance": 11.9,
            "stage": "Final stage"
          },
          {
            "_id": "e176dd8839f1d8507c80e0d4251958c0",
            "itemName": "3X Entrati Lanthorn",
            "rarity": "Rare",
            "chance": 7.94,
            "stage": "Final stage"
          },
          {
            "_id": "fce2e7e57ea9a94cd21292610fad038b",
            "itemName": "Aya",
            "rarity": "Rare",
            "chance": 8.73,
            "stage": "Final stage"
          },
          {
            "_id": "73e6455bdf158950d3f19c7fb077b140",
            "itemName": "Gyre Systems Blueprint",
            "rarity": "Uncommon",
            "chance": 11.9,
            "stage": "Final stage"
          },
          {
            "_id": "bb0c2239f28226235640e3fdfe3b3b45",
            "itemName": "Alternox Blueprint",
            "rarity": "Rare",
            "chance": 7.94,
            "stage": "Final stage"
          }
        ]
      }
    },
    {
      "_id": "8d2a1d916b1893b6f120d48034c4eb65",
      "bountyLevel": "Level  90 - 95 Zariman Bounty",
      "rewards": {
        "A": [],
        "B": [],
        "C": [
          {
            "_id": "0427d72a434b63281ce415469d706547",
            "itemName": "3000 Endo",
            "rarity": "Uncommon",
            "chance": 11.36,
            "stage": "Final stage"
          },
          {
            "_id": "79824a931cf81cbf95de7c76b46c93cd",
            "itemName": "Greater Unairu Lens",
            "rarity": "Uncommon",
            "chance": 11.36,
            "stage": "Final stage"
          },
          {
            "_id": "9e74bce32a5de9d6aa35e4d54d9ac5c4",
            "itemName": "Greater Vazarin Lens",
            "rarity": "Uncommon",
            "chance": 11.36,
            "stage": "Final stage"
          },
          {
            "_id": "79a954456219770dece65fd291d52659",
            "itemName": "Greater Naramon Lens",
            "rarity": "Uncommon",
            "chance": 11.36,
            "stage": "Final stage"
          },
          {
            "_id": "b3c734177040ffb494609a27d87d4841",
            "itemName": "4000 Endo",
            "rarity": "Rare",
            "chance": 9.74,
            "stage": "Final stage"
          },
          {
            "_id": "80800a7b6ab6865f21bdbab55d43c3c4",
            "itemName": "15X Thrax Plasm",
            "rarity": "Rare",
            "chance": 6.49,
            "stage": "Final stage"
          },
          {
            "_id": "fce2e7e57ea9a94cd21292610fad038b",
            "itemName": "Aya",
            "rarity": "Uncommon",
            "chance": 12.34,
            "stage": "Final stage"
          },
          {
            "_id": "463c911dbc63a91e0493dc79f8b41fde",
            "itemName": "Gyre Blueprint",
            "rarity": "Uncommon",
            "chance": 12.99,
            "stage": "Final stage"
          },
          {
            "_id": "3a330e37fc7ab91a6a9330d73726689f",
            "itemName": "Hespar Blueprint",
            "rarity": "Uncommon",
            "chance": 12.99,
            "stage": "Final stage"
          }
        ]
      }
    },
    {
      "_id": "d0be9830c4be2504c3fc3d9d7a537ad5",
      "bountyLevel": "Level  110 - 115 Zariman Bounty",
      "rewards": {
        "A": [],
        "B": [],
        "C": [
          {
            "_id": "0427d72a434b63281ce415469d706547",
            "itemName": "3000 Endo",
            "rarity": "Uncommon",
            "chance": 11.36,
            "stage": "Final stage"
          },
          {
            "_id": "79824a931cf81cbf95de7c76b46c93cd",
            "itemName": "Greater Unairu Lens",
            "rarity": "Uncommon",
            "chance": 11.36,
            "stage": "Final stage"
          },
          {
            "_id": "9e74bce32a5de9d6aa35e4d54d9ac5c4",
            "itemName": "Greater Vazarin Lens",
            "rarity": "Uncommon",
            "chance": 11.36,
            "stage": "Final stage"
          },
          {
            "_id": "79a954456219770dece65fd291d52659",
            "itemName": "Greater Naramon Lens",
            "rarity": "Uncommon",
            "chance": 11.36,
            "stage": "Final stage"
          },
          {
            "_id": "b3c734177040ffb494609a27d87d4841",
            "itemName": "4000 Endo",
            "rarity": "Rare",
            "chance": 9.74,
            "stage": "Final stage"
          },
          {
            "_id": "80800a7b6ab6865f21bdbab55d43c3c4",
            "itemName": "15X Thrax Plasm",
            "rarity": "Rare",
            "chance": 6.49,
            "stage": "Final stage"
          },
          {
            "_id": "fce2e7e57ea9a94cd21292610fad038b",
            "itemName": "Aya",
            "rarity": "Uncommon",
            "chance": 12.34,
            "stage": "Final stage"
          },
          {
            "_id": "463c911dbc63a91e0493dc79f8b41fde",
            "itemName": "Gyre Blueprint",
            "rarity": "Uncommon",
            "chance": 12.99,
            "stage": "Final stage"
          },
          {
            "_id": "e455e9e033330f58a5f9ef753d86a62a",
            "itemName": "Aeolak Blueprint",
            "rarity": "Uncommon",
            "chance": 12.99,
            "stage": "Final stage"
          }
        ]
      }
    }
  ]
}
