[
  {
    "abilities": [
      {
        "uniqueName": "/Lotus/Powersuits/Archwing/ArchwingAbilities/SupportDronesAbility",
        "name": "Watchful Swarm",
        "description": "Tiny drones orbit the Warframe or an ally, and intercept enemy fire.",
        "imageName": "watchful-swarm-f78afef186.png"
      },
      {
        "uniqueName": "/Lotus/Powersuits/Archwing/ArchwingAbilities/SupportAnchorsAbility",
        "name": "Benevolent Decoy",
        "description": "Creates beacons that draw enemy fire, converting the damage into healing pulses.",
        "imageName": "benevolent-decoy-404117f751.png"
      },
      {
        "uniqueName": "/Lotus/Powersuits/Archwing/ArchwingAbilities/SupportWardAbility",
        "name": "Warding Grace",
        "description": "Renders the Warframe and nearby allies immune to Status Effects, while slowing nearby enemies.",
        "imageName": "warding-grace-7d8d8acd05.png"
      },
      {
        "uniqueName": "/Lotus/Powersuits/Archwing/ArchwingAbilities/SupportEnergyAbility",
        "name": "Vengeful Rush",
        "description": "All damage taken is transformed into Energy, while abilities gain enhanced Range, Duration and Power. Affects the Warframe and nearby allies.",
        "imageName": "vengeful-rush-6b06d6ca9e.png"
      }
    ],
    "armor": 195,
    "buildPrice": 25000,
    "buildQuantity": 1,
    "buildTime": 43200,
    "category": "Archwing",
    "color": 0,
    "components": [
      {
        "uniqueName": "/Lotus/Types/Recipes/ArchwingRecipes/SupportArchwing/SupportArchwingBlueprint",
        "name": "Blueprint",
        "description": "Transform into a winged guardian.",
        "itemCount": 1,
        "imageName": "blueprint.png",
        "tradable": false,
        "masterable": false,
        "drops": []
      },
      {
        "uniqueName": "/Lotus/Types/Recipes/ArchwingRecipes/SupportArchwing/SupportArchwingChassisComponent",
        "name": "Harness",
        "description": "Harness component of the Amesha Archwing.",
        "itemCount": 1,
        "imageName": "amesha-harness.png",
        "tradable": false,
        "masterable": false,
        "drops": []
      },
      {
        "uniqueName": "/Lotus/Types/Items/MiscItems/Alertium",
        "name": "Nitain Extract",
        "description": "Each vial is produced by the painstaking expression of billions of rare, ocean-vent dwelling microorganisms.\n\nLocation: Nightwave Cred Offerings",
        "itemCount": 4,
        "imageName": "nitain-extract-ba7ea3b2cf.png",
        "tradable": false,
        "drops": [],
        "masterable": false
      },
      {
        "uniqueName": "/Lotus/Types/Recipes/ArchwingRecipes/SupportArchwing/SupportArchwingSystemsComponent",
        "name": "Systems",
        "description": "Systems component of the Amesha Archwing.",
        "itemCount": 1,
        "imageName": "amesha-systems.png",
        "tradable": false,
        "masterable": false,
        "drops": []
      },
      {
        "uniqueName": "/Lotus/Types/Recipes/ArchwingRecipes/SupportArchwing/SupportArchwingWingsComponent",
        "name": "Wings",
        "description": "Wings component of the Amesha Archwing.",
        "itemCount": 1,
        "imageName": "amesha-wings.png",
        "tradable": false,
        "masterable": false,
        "drops": []
      }
    ],
    "conclave": false,
    "consumeOnBuild": true,
    "description": "Transform into a winged guardian.",
    "health": 650,
    "imageName": "amesha-5bef2b8e0e.png",
    "introduced": {
      "name": "Update: Specters of the Rail 0.0",
      "url": "https://wiki.warframe.com/w/Update_19%23Update%3A_Specters_of_the_Rail",
      "aliases": [
        "Specters of the Rail",
        "Specters of the Rail 0.0",
        "SotR"
      ],
      "parent": "18.15",
      "date": "2016-07-08"
    },
    "isPrime": false,
    "masterable": true,
    "masteryReq": 0,
    "name": "Amesha",
    "patchlogs": [
      {
        "name": "Echoes of the Zariman: Hotfix 31.6.2",
        "date": "2022-06-15T18:40:49Z",
        "url": "https://forums.warframe.com/topic/1314484-echoes-of-the-zariman-hotfix-3162/",
        "additions": "",
        "changes": "",
        "fixes": "Fixed a script error that could occur if an ally protected by Amesha's Watchful Swarm was killed/destroyed with some but not all drone charges left."
      },
      {
        "name": "Operation: Scarlet Spear: 27.3.0",
        "date": "2020-03-24T17:03:07Z",
        "url": "https://forums.warframe.com/topic/1178095-operation-scarlet-spear-2730/",
        "additions": "",
        "changes": "",
        "fixes": "Fixed a crash when casting Amesha’s Warding Grace ability."
      },
      {
        "name": "Plains of Eidolon: Hotfix 22.0.9",
        "date": "2017-10-23T21:51:59Z",
        "url": "https://forums.warframe.com/topic/865725-plains-of-eidolon-hotfix-2209/",
        "additions": "",
        "changes": "",
        "fixes": "Fixed Archwing disabler projectiles not being affected by bullet attractor pulls (Mag, Amesha, etc)"
      },
      {
        "name": "The Vacuum Within: Hotfix #3",
        "date": "2016-10-13T18:16:13Z",
        "url": "https://forums.warframe.com/topic/708168-the-vacuum-within-hotfix-3/",
        "additions": "",
        "changes": "",
        "fixes": "Fixed Amesha’s Watchful Swarm not ending if you exit Archwing modeas per: https://forums.warframe.com/topic/704078-ameshas-watchful-swarm-animation-doesnt-end-when-you-resurface-in-uranus/ "
      }
    ],
    "polarities": [
      "naramon",
      "vazarin",
      "madurai"
    ],
    "power": 220,
    "productCategory": "SpaceSuits",
    "releaseDate": "2016-07-08",
    "shield": 220,
    "skipBuildTimePrice": 50,
    "sprint": 1.1,
    "sprintSpeed": 1.1,
    "stamina": 150,
    "tradable": false,
    "type": "Archwing",
    "uniqueName": "/Lotus/Powersuits/Archwing/SupportJetPack/SupportJetPack",
    "wikiAvailable": true,
    "wikiaThumbnail": "https://wiki.warframe.com/images/Amesha.png?bb937",
    "wikiaUrl": "https://wiki.warframe.com/w/Amesha"
  },
  {
    "abilities": [
      {
        "uniqueName": "/Lotus/Powersuits/Archwing/ArchwingAbilities/TnTAbility",
        "name": "Bloomer",
        "description": "Fires a high-yield, remotely detonated explosive projectile capable of latching onto targets.",
        "imageName": "bloomer-b31630f0df.png"
      },
      {
        "uniqueName": "/Lotus/Powersuits/Archwing/ArchwingAbilities/ExhaustTrailAbility",
        "name": "Core Vent",
        "description": "Vents out the Archwing's propulsion core, confusing enemy projectiles and causing them to detonate.",
        "imageName": "core-vent-9614e8b27e.png"
      },
      {
        "uniqueName": "/Lotus/Powersuits/Archwing/ArchwingAbilities/ArtilleryBarrageAbility",
        "name": "Thumper",
        "description": "Creates a localized storm of punishing explosions.",
        "imageName": "thumper-118cb7d4de.png"
      },
      {
        "uniqueName": "/Lotus/Powersuits/Archwing/ArchwingAbilities/BigBoyAbility",
        "name": "Warhead",
        "description": "Launches a plodding missile capable of unleashing a massive explosion.",
        "imageName": "warhead-924422778e.png"
      }
    ],
    "armor": 145,
    "buildPrice": 25000,
    "buildQuantity": 1,
    "buildTime": 129600,
    "category": "Archwing",
    "components": [
      {
        "uniqueName": "/Lotus/Types/Recipes/ArchwingRecipes/DemolitionArchwing/DemolitionArchwingBlueprint",
        "name": "Blueprint",
        "description": "This heavy duty Archwing was designed for one purpose, destruction.",
        "itemCount": 1,
        "imageName": "blueprint.png",
        "tradable": false,
        "masterable": false,
        "drops": []
      },
      {
        "uniqueName": "/Lotus/Types/Items/MiscItems/ControlModule",
        "name": "Control Module",
        "description": "Autonomy processor for Robotics. A Corpus design.\n\nLocation: Europa, Neptune, and the Void",
        "itemCount": 5,
        "imageName": "control-module-edf6e412c3.png",
        "tradable": false,
        "drops": [],
        "masterable": false,
        "type": "Resource"
      },
      {
        "uniqueName": "/Lotus/Types/Recipes/ArchwingRecipes/DemolitionArchwing/DemolitionArchwingChassisComponent",
        "name": "Harness",
        "description": "Harness component of the Elytron Archwing.",
        "itemCount": 1,
        "imageName": "elytron-harness.png",
        "tradable": false,
        "masterable": false,
        "drops": []
      },
      {
        "uniqueName": "/Lotus/Types/Recipes/ArchwingRecipes/DemolitionArchwing/DemolitionArchwingSystemsComponent",
        "name": "Systems",
        "description": "Systems component of the Elytron Archwing.",
        "itemCount": 1,
        "imageName": "elytron-systems.png",
        "tradable": false,
        "masterable": false,
        "drops": []
      },
      {
        "uniqueName": "/Lotus/Types/Recipes/ArchwingRecipes/DemolitionArchwing/DemolitionArchwingWingsComponent",
        "name": "Wings",
        "description": "Wings component of the Elytron Archwing.",
        "itemCount": 1,
        "imageName": "elytron-wings.png",
        "tradable": false,
        "masterable": false,
        "drops": []
      }
    ],
    "consumeOnBuild": true,
    "description": "This heavy duty Archwing was designed for one purpose, destruction.",
    "health": 765,
    "imageName": "elytron-8f63d43729.png",
    "isPrime": false,
    "masterable": true,
    "masteryReq": 0,
    "name": "Elytron",
    "patchlogs": [
      {
        "name": "Warframe Revised: Update 27.2.0",
        "date": "2020-03-05T15:32:32Z",
        "url": "https://forums.warframe.com/topic/1172454-warframe-revised-update-2720/",
        "additions": "",
        "changes": "Fixed missile-distraction abilities from Odonata and Elytron being ineffective against missiles that stop tracking halfway in Railjack missions. This notably affects the long-range Grineer Crewship missiles (not the shorter range cannons, which aren't homing).",
        "fixes": ""
      },
      {
        "name": "Chains of Harrow: Hotfix 21.1.1",
        "date": "2017-07-20T19:33:36Z",
        "url": "https://forums.warframe.com/topic/820507-chains-of-harrow-hotfix-2111/",
        "additions": "",
        "changes": "",
        "fixes": "More fixes towards Energy color issues when using Core Vent on the Elytron."
      },
      {
        "name": "Octavia's Anthem: Update 20",
        "date": "2017-03-24T19:46:02Z",
        "url": "https://forums.warframe.com/topic/776642-octavias-anthem-update-20/",
        "additions": "",
        "changes": "",
        "fixes": "Potential fix for Elytron’s Warhead ability having an enormous cooldown time."
      },
      {
        "name": "Update 18.1.0   ",
        "date": "2015-12-16T21:59:04Z",
        "url": "https://forums.warframe.com/topic/579670-update-1810-spoilers/",
        "additions": "",
        "changes": "",
        "fixes": "Fixed Clients seeing duplicate visual FX trails from the Elytron’s exhaust."
      },
      {
        "name": "Update 17.9.0",
        "date": "2015-10-28T15:12:27Z",
        "url": "https://forums.warframe.com/topic/552544-update-1790/",
        "additions": "",
        "changes": "Reduced the particle FX on Elytron’s Core Vent Ability.",
        "fixes": ""
      },
      {
        "name": "Update 17.2",
        "date": "2015-08-19T21:49:41Z",
        "url": "https://forums.warframe.com/topic/514266-update-172/",
        "additions": "",
        "changes": "The Elytron`s Thumper will now combine with previous Thumpers if it detonates within its radius. This will refresh the duration on the previous Thumper and allow damage to stack up to 4 times.",
        "fixes": ""
      },
      {
        "name": "Hotfix 16.8.3",
        "date": "2015-06-12T19:25:15Z",
        "url": "https://forums.warframe.com/topic/474057-hotfix-1683/",
        "additions": "",
        "changes": "",
        "fixes": "Fixed another issue causing players to take damage from Elytron’s Warhead ability."
      },
      {
        "name": "Hotfix 16.8.1 + 16.8.2",
        "date": "2015-06-11T01:08:27Z",
        "url": "https://forums.warframe.com/topic/473134-hotfix-1681-1682/",
        "additions": "",
        "changes": "",
        "fixes": "Rolled back a fix for Elytron's Thumper causing self damage "
      },
      {
        "name": "Update 16.8.0",
        "date": "2015-06-10T22:03:09Z",
        "url": "https://forums.warframe.com/topic/473028-update-1680/",
        "additions": "",
        "changes": "",
        "fixes": "Fixed incorrect color on the Elytron’s Thumper ability.\nFixed an issue allowing players to take damage from Elytron’s Warhead."
      },
      {
        "name": "Update 15.3.0",
        "date": "2014-11-20T17:57:48Z",
        "url": "https://forums.warframe.com/topic/349166-update-1530/",
        "additions": "",
        "changes": "",
        "fixes": "Fixed Elytron Warhead damage and radius not increasing when ranked up."
      },
      {
        "name": "Update 15.2.0",
        "date": "2014-11-13T01:00:05Z",
        "url": "https://forums.warframe.com/topic/344505-update-1520/",
        "additions": "",
        "changes": "",
        "fixes": "Fixed description for Elytron’s Core Vent ability incorrectly stated that it hurts enemies.\nFixed Elytron’s Core Vent not affecting Dreg Spheres."
      },
      {
        "name": "Hotfix 15.0.7",
        "date": "2014-10-28T23:04:04Z",
        "url": "https://forums.warframe.com/topic/334873-hotfix-1507/",
        "additions": "",
        "changes": "",
        "fixes": "• Fixed an issue with erroneous Elytron Wing descriptions."
      },
      {
        "name": "Warframe: Archwing",
        "date": "2014-10-24T12:52:08Z",
        "url": "https://forums.warframe.com/topic/328727-warframe-archwing/",
        "additions": "",
        "changes": "Archwing has arrived!  Players Mastery Rank 2 or greater can quest to assemble the Archwing technology allowing for space combat sans spacecraft.  Two unique game modes, new enemies, weapons and Mods are all available.  Choose from the offensive Elytron Archwing or well-rounded Odonata and bring the fight straight to the enemy, Tenno!\nElytron. An Archwing that includes 4 unique abilities that offer incredible firepower to destroy your enemies!  ",
        "fixes": ""
      }
    ],
    "power": 120,
    "productCategory": "SpaceSuits",
    "shield": 745,
    "skipBuildTimePrice": 50,
    "sprintSpeed": 0.89999998,
    "stamina": 150,
    "tradable": false,
    "type": "Archwing",
    "uniqueName": "/Lotus/Powersuits/Archwing/DemolitionJetPack/DemolitionJetPack"
  },
  {
    "abilities": [
      {
        "uniqueName": "/Lotus/Powersuits/Archwing/ArchwingAbilities/GrappleHookAbility",
        "name": "Arch Line",
        "description": "Launch a tethered hook that either pulls enemies close, or pulls the Warframe toward any stationary objects it hooks onto.",
        "imageName": "arch-line-d3f5f5ff50.png"
      },
      {
        "uniqueName": "/Lotus/Powersuits/Archwing/ArchwingAbilities/CloakingAbility",
        "name": "Penumbra",
        "description": "Activates a cloaking field that hides the Warframe and any nearby allies who remain stationary.",
        "imageName": "penumbra-692551ee61.png"
      },
      {
        "uniqueName": "/Lotus/Powersuits/Archwing/ArchwingAbilities/GravitationalInstabilityAbility",
        "name": "Cosmic Crush",
        "description": "Forms a miniature black hole that sucks in all nearby objects before rupturing in a massive shock wave.",
        "imageName": "cosmic-crush-504eb0b0e0.png"
      },
      {
        "uniqueName": "/Lotus/Powersuits/Archwing/ArchwingAbilities/DistractionDronesAbility",
        "name": "Fighter Escort",
        "description": "Deploys drones that fight alongside the Warframe, each detonating in a destructive blast when killed.",
        "imageName": "fighter-escort-b459286e4f.png"
      }
    ],
    "armor": 50,
    "buildPrice": 25000,
    "buildQuantity": 1,
    "buildTime": 129600,
    "category": "Archwing",
    "components": [
      {
        "uniqueName": "/Lotus/Types/Recipes/ArchwingRecipes/StealthArchwing/StealthArchwingBlueprint",
        "name": "Blueprint",
        "description": "Designed for quick clandestine attacks, the Itzal Archwing excels at striking from the darkness of space.",
        "itemCount": 1,
        "imageName": "blueprint.png",
        "tradable": false,
        "masterable": false,
        "drops": []
      },
      {
        "uniqueName": "/Lotus/Types/Items/MiscItems/ControlModule",
        "name": "Control Module",
        "description": "Autonomy processor for Robotics. A Corpus design.\n\nLocation: Europa, Neptune, and the Void",
        "itemCount": 2,
        "imageName": "control-module-edf6e412c3.png",
        "tradable": false,
        "drops": [],
        "masterable": false,
        "type": "Resource"
      },
      {
        "uniqueName": "/Lotus/Types/Recipes/ArchwingRecipes/StealthArchwing/StealthArchwingChassisComponent",
        "name": "Harness",
        "description": "Harness component of the Itzal Archwing.",
        "itemCount": 1,
        "imageName": "itzal-harness.png",
        "tradable": false,
        "masterable": false,
        "drops": []
      },
      {
        "uniqueName": "/Lotus/Types/Recipes/ArchwingRecipes/StealthArchwing/StealthArchwingSystemsComponent",
        "name": "Systems",
        "description": "Systems component of the Itzal Archwing.",
        "itemCount": 1,
        "imageName": "itzal-systems.png",
        "tradable": false,
        "masterable": false,
        "drops": []
      },
      {
        "uniqueName": "/Lotus/Types/Recipes/ArchwingRecipes/StealthArchwing/StealthArchwingWingsComponent",
        "name": "Wings",
        "description": "Wings component of the Itzal Archwing.",
        "itemCount": 1,
        "imageName": "itzal-wings.png",
        "tradable": false,
        "masterable": false,
        "drops": []
      }
    ],
    "consumeOnBuild": true,
    "description": "Designed for quick clandestine attacks, the Itzal Archwing excels at striking from the darkness of space.",
    "health": 200,
    "imageName": "itzal-a120d975d8.png",
    "isPrime": false,
    "masterable": true,
    "masteryReq": 0,
    "name": "Itzal",
    "patchlogs": [
      {
        "name": "Update 30.5: Sisters of Parvos",
        "date": "2021-07-06T15:02:10Z",
        "url": "https://forums.warframe.com/topic/1269749-update-305-sisters-of-parvos/",
        "additions": "",
        "changes": "Acolytes will now be teleported to a safe location if pulled into water. This fixes Itzal’s Cosmic Crush pulling Acolytes into water volumes where they instantly died. ",
        "fixes": ""
      },
      {
        "name": "Orphix Venom: Hotfix 29.6.5",
        "date": "2021-01-08T21:15:03Z",
        "url": "https://forums.warframe.com/topic/1244435-orphix-venom-hotfix-2965/",
        "additions": "",
        "changes": "",
        "fixes": "Fixed Railjack Crewship gun turrets targeting Penumbra clocked Itzal players. "
      },
      {
        "name": "Update 29.5: Deimos Arcana",
        "date": "2020-11-19T23:39:27Z",
        "url": "https://forums.warframe.com/topic/1236257-update-295-deimos-arcana/",
        "additions": "",
        "changes": "",
        "fixes": "Fixed Clients seeing both their Primary and Archwing weapons equipped when in Archwing. This was especially noticeable when using Itzal’s Penumbra. "
      },
      {
        "name": "Warframe Revised: Update 27.2.0",
        "date": "2020-03-05T15:32:32Z",
        "url": "https://forums.warframe.com/topic/1172454-warframe-revised-update-2720/",
        "additions": "",
        "changes": "",
        "fixes": "Fixed being able to escape the Grineer Sealab tileset using Itzal’s Arch Line. \nFixed the Itzal Chest Plate being angled slightly to the left on Mag Prime. "
      },
      {
        "name": "Empyrean: Ivara Prime 27.0.9",
        "date": "2020-01-09T16:43:11Z",
        "url": "https://forums.warframe.com/topic/1160497-empyrean-ivara-prime-2709/",
        "additions": "",
        "changes": "",
        "fixes": "Fixed permanent Water FX on players using Itzal’s Arch Line to escape water. "
      },
      {
        "name": "Empyrean: Ivara Prime 27.0.6.1",
        "date": "2019-12-18T22:54:11Z",
        "url": "https://forums.warframe.com/topic/1154608-empyrean-ivara-prime-27061/",
        "additions": "",
        "changes": "",
        "fixes": "Fixed ability to yeet the Jordas Golem with Itzal’s Arch Line ability, thus breaking the mission."
      },
      {
        "name": "Empyrean: Ivara Prime 27.0.4",
        "date": "2019-12-17T18:58:02Z",
        "url": "https://forums.warframe.com/topic/1154021-empyrean-ivara-prime-2704/",
        "additions": "",
        "changes": "Fixed enemy Crewships attempting to fire at things that aren't visible, either due to cover or via being invisible (ie. Itzal).",
        "fixes": ""
      },
      {
        "name": "Rising Tide: Update 26.1",
        "date": "2019-11-22T21:38:34Z",
        "url": "https://forums.warframe.com/topic/1144842-rising-tide-update-261/",
        "additions": "",
        "changes": "ARCH LINE has replaced Itzal’s Blink ability:Launch a tethered hook that either pulls enemies close, or pulls the Warframe towards any stationary objects it hooks onto.",
        "fixes": ""
      },
      {
        "name": "Saint of Altra: Update 25.7.0",
        "date": "2019-08-29T21:35:56Z",
        "url": "https://forums.warframe.com/topic/1123841-saint-of-altra-update-2570/",
        "additions": "",
        "changes": "",
        "fixes": "Fixed being able to use Itzal’s Blink in Submersible levels to swim or fall outside of the map."
      },
      {
        "name": "Wukong Deluxe: Update 25.5.0 + 25.5.0.1",
        "date": "2019-07-31T18:05:01Z",
        "url": "https://forums.warframe.com/topic/1116515-wukong-deluxe-update-2550-25501/",
        "additions": "",
        "changes": "",
        "fixes": "Fixed using the Itzal’s Fighter Escort ability while in Submersible water resulting in immediate drone destruction and the infamous ‘Abilities In Use’ issue.\nFixed the Itzal’s Penumbra Ability resulting in a ‘ugly insta stop’ animation."
      },
      {
        "name": "Buried Debts: Hotfix 24.5.2",
        "date": "2019-03-18T22:43:12Z",
        "url": "https://forums.warframe.com/topic/1072987-buried-debts-hotfix-2452/",
        "additions": "",
        "changes": "",
        "fixes": "Fixed noise spam from Itzal Escort Drone laser beams."
      },
      {
        "name": "Fortuna: The Profit-Taker - Update 24.2",
        "date": "2018-12-18T13:59:14Z",
        "url": "https://forums.warframe.com/topic/1044890-fortuna-the-profit-taker-update-242/",
        "additions": "",
        "changes": "",
        "fixes": "Fixed Itzal's Blink ability sometimes teleporting you backwards in Archwing Submersible missions.\nFixed Kuakas appearing distorted when casting Itzal’s Cosmic Crush on it.\nFixed cases where Itzal’s Blink can easily break through Plains/Vallis boundaries. "
      },
      {
        "name": "The Sacrifice: Update 23.3.0 + 23.3.0.1",
        "date": "2018-08-09T15:46:06Z",
        "url": "https://forums.warframe.com/topic/995084-the-sacrifice-update-2330-23301/",
        "additions": "",
        "changes": "",
        "fixes": "Fixed Itzal Fighter Escort drones pausing if you get too far away from them."
      },
      {
        "name": "Shrine of the Eidolon: Update 22.17.3",
        "date": "2018-04-11T21:25:15Z",
        "url": "https://forums.warframe.com/topic/944270-shrine-of-the-eidolon-update-22173/",
        "additions": "",
        "changes": "",
        "fixes": "Fixed a script error when using Itzal’s Penumbra ability."
      },
      {
        "name": "Plains of Eidolon: Hotfix 22.11.1",
        "date": "2018-02-06T18:58:57Z",
        "url": "https://forums.warframe.com/topic/916858-plains-of-eidolon-hotfix-22111/",
        "additions": "",
        "changes": "",
        "fixes": "Fixes towards a progression stopping issue where Jordas would not dock properly caused by Itzal’s Blink stun effect."
      },
      {
        "name": "Plains of Eidolon: Hotfix 22.8.3",
        "date": "2018-01-11T14:32:42Z",
        "url": "https://forums.warframe.com/topic/906556-plains-of-eidolon-hotfix-2283/",
        "additions": "",
        "changes": "Itzal Penumbra now turns off sprint toggle so you don't immediately cancel out of the cloak when using it.",
        "fixes": ""
      },
      {
        "name": "Plains of Eidolon: Update 22.2.0",
        "date": "2017-11-01T20:54:33Z",
        "url": "https://forums.warframe.com/topic/871334-plains-of-eidolon-update-2220/",
        "additions": "",
        "changes": "",
        "fixes": "Fixes towards Bounties insta failing if an ability to teleport (Nova’s Wormhole, Itzal’s Blink, etc) was used to enter the Bounty area."
      },
      {
        "name": "Octavia’s Anthem: Hotfix 20.2.4",
        "date": "2017-04-20T20:57:53Z",
        "url": "https://forums.warframe.com/topic/788921-octavia%E2%80%99s-anthem-hotfix-2024/",
        "additions": "",
        "changes": "",
        "fixes": "Fixed Itzal Fighter Escorts causing camera issues."
      },
      {
        "name": "The Index Preview: Hotfix #4",
        "date": "2016-10-25T21:51:26Z",
        "url": "https://forums.warframe.com/topic/710966-the-index-preview-hotfix-4/",
        "additions": "",
        "changes": "Archwing Part Blueprints (i.e Itzal Harness, etc.) are no longer tradable. ",
        "fixes": ""
      },
      {
        "name": "The Vacuum Within: Hotfix #3",
        "date": "2016-10-13T18:16:13Z",
        "url": "https://forums.warframe.com/topic/708168-the-vacuum-within-hotfix-3/",
        "additions": "",
        "changes": "",
        "fixes": "Fixed Itzal's Blink colliding with Odonata's Energy Shell as per: https://forums.warframe.com/topic/705690-itzals-blink-broken-interaction-with-energy-field/"
      },
      {
        "name": "Specters of the Rail: Hotfix 12",
        "date": "2016-07-20T20:28:28Z",
        "url": "https://forums.warframe.com/topic/677187-specters-of-the-rail-hotfix-12/",
        "additions": "",
        "changes": "",
        "fixes": "Fixed Itzal’s Penumbra ability not working properly.\nFixed being able to move while casting Itzal’s Penumbra as a Client."
      },
      {
        "name": "Update 18.11.0 & 18.11.1",
        "date": "2016-05-11T20:30:34Z",
        "url": "https://forums.warframe.com/topic/647209-update-18110-18111/",
        "additions": "",
        "changes": "",
        "fixes": "•    Fixed Itzal’s Fighter Escorts counting as squadmates in stage 1 of The Jordas Verdict, leaving other players stuck outside not able to progress. "
      },
      {
        "name": "Hotfix 18.0.2",
        "date": "2015-12-05T01:52:31Z",
        "url": "https://forums.warframe.com/topic/570056-hotfix-1802/",
        "additions": "",
        "changes": "",
        "fixes": "Fixed an error that would occur after the Itzal’s drones would die."
      },
      {
        "name": "Update 18: The Second Dream",
        "date": "2015-12-03T23:46:40Z",
        "url": "https://forums.warframe.com/topic/568455-update-18-the-second-dream/",
        "additions": "",
        "changes": "",
        "fixes": "Fixed several issues causing players to become stuck in terrain after using the Itzal’s Blink Ability."
      },
      {
        "name": "Update 17.12.0",
        "date": "2015-11-25T17:32:33Z",
        "url": "https://forums.warframe.com/topic/564564-update-17120/",
        "additions": "",
        "changes": "",
        "fixes": "Fixed players being able to teleport through terrain using the Itzal during Stage 3 of the Jordas Verdict."
      },
      {
        "name": "Hotfix 17.11.1",
        "date": "2015-11-13T17:03:54Z",
        "url": "https://forums.warframe.com/topic/560373-hotfix-17111/",
        "additions": "",
        "changes": "",
        "fixes": "Fixed an issue during Stage 3 of the Jordas Verdict when using Itzal’s Blink ability."
      },
      {
        "name": "Update 17.8.0",
        "date": "2015-10-21T21:58:23Z",
        "url": "https://forums.warframe.com/topic/549118-update-1780/",
        "additions": "",
        "changes": "",
        "fixes": "Fixed an issue where Itzal's Blink was not usable in Archwing Mobile Defense."
      },
      {
        "name": "Update 17.2",
        "date": "2015-08-19T21:49:41Z",
        "url": "https://forums.warframe.com/topic/514266-update-172/",
        "additions": "",
        "changes": "",
        "fixes": "Fixed Itzal’s Cloak not deactivating on movement."
      },
      {
        "name": "Hotfix 16.3.5",
        "date": "2015-04-17T18:00:36Z",
        "url": "https://forums.warframe.com/topic/442724-hotfix-1635/",
        "additions": "",
        "changes": "",
        "fixes": "Fixed kills from Chroma’s Effigy, Nekros’ Shadows of the Dead and the Itzal Archwing’s Fighter Escort not counting towards player stats."
      },
      {
        "name": "Update 15.13",
        "date": "2015-02-05T21:08:01Z",
        "url": "https://forums.warframe.com/topic/396379-update-1513/",
        "additions": "",
        "changes": "Itzal Archwing’s Support Drones will now gain the same color tints of the Archwing.",
        "fixes": ""
      },
      {
        "name": "Update 15.12.0",
        "date": "2015-01-29T22:14:29Z",
        "url": "https://forums.warframe.com/topic/393115-update-15120/",
        "additions": "",
        "changes": "",
        "fixes": "Fixed Itzal Archwing’s Codex entry to display a Warframe wearing the Itzal in the diorama."
      },
      {
        "name": "Update 15.11",
        "date": "2015-01-21T23:52:13Z",
        "url": "https://forums.warframe.com/topic/388964-update-1511/",
        "additions": "",
        "changes": "Increased the Itzal Archwing’s Fighter Escort Ability to 20.\nAdded visual effect for Itzal’s Fighter Escort drones exploding once the Ability expires.",
        "fixes": "Fixed the Itzal Archwing’s Fighter Escort drones explosion range not properly increasing as you rank up."
      },
      {
        "name": "Update 15.9",
        "date": "2015-01-08T21:39:10Z",
        "url": "https://forums.warframe.com/topic/381637-update-159/",
        "additions": "",
        "changes": "",
        "fixes": "Fixed the Itzal Archwing’s Blink Ability allowing players to teleport through objects they shouldn’t be able to.\nFixed typo in the Itzal Pack Market description."
      },
      {
        "name": "Update 15.7.2 + 15.7.2.1",
        "date": "2014-12-19T18:09:43Z",
        "url": "https://forums.warframe.com/topic/369418-update-1572-15721/",
        "additions": "",
        "changes": "",
        "fixes": "ITZAL ARCHWING: Designed for quick clandestine attacks, the Itzal Archwing excels at striking from the darkness of space.\nBlink: The Itzal Archwing teleports a short distance, dropping all enemy target locks.\nStart your Research for the Itzal and Fluctus in the Clan Dojo, and purchase the blueprint for the Centaur from the Marketplace today!"
      }
    ],
    "power": 220,
    "productCategory": "SpaceSuits",
    "shield": 220,
    "skipBuildTimePrice": 50,
    "sprintSpeed": 1.2,
    "stamina": 500,
    "tradable": false,
    "type": "Archwing",
    "uniqueName": "/Lotus/Powersuits/Archwing/StealthJetPack/StealthJetPack"
  },
  {
    "abilities": [
      {
        "uniqueName": "/Lotus/Powersuits/Archwing/ArchwingAbilities/FireShieldAbility",
        "name": "Energy Shell",
        "description": "Forms a protective energy shell around the Warframe",
        "imageName": "energy-shell-4161409a59.png"
      },
      {
        "uniqueName": "/Lotus/Powersuits/Archwing/ArchwingAbilities/FlareCounterMeasureAbility",
        "name": "Disarray",
        "description": "Drops flare beacons confusing incoming guided missiles.",
        "imageName": "disarray-0a536226ae.png"
      },
      {
        "uniqueName": "/Lotus/Powersuits/Archwing/ArchwingAbilities/MissileVolleyAbility",
        "name": "Seeking Fire",
        "description": "Fires a large volley of homing missiles.",
        "imageName": "seeking-fire-7bb1aeb759.png"
      },
      {
        "uniqueName": "/Lotus/Powersuits/Archwing/ArchwingAbilities/EMPPushAbility",
        "name": "Repel",
        "description": "The Warframe emits a massive pulse of energy, stunning nearby enemies and sending them flying.",
        "imageName": "repel-7f65457cfd.png"
      }
    ],
    "armor": 100,
    "buildPrice": 7000,
    "buildQuantity": 1,
    "buildTime": 60,
    "category": "Archwing",
    "components": [
      {
        "uniqueName": "/Lotus/Types/Recipes/ArchwingRecipes/StandardArchwing/StandardArchwingBlueprint",
        "name": "Blueprint",
        "description": "The systems built into this Archwing balance offensive capabilities with defensive countermeasures.",
        "itemCount": 1,
        "imageName": "blueprint.png",
        "tradable": false,
        "masterable": false,
        "drops": [
          {
            "chance": 1,
            "location": "Cephalon Simaris, Complete The Archwing (Quest)",
            "rarity": "Common",
            "type": "Odonata Blueprint"
          }
        ]
      },
      {
        "uniqueName": "/Lotus/Types/Items/MiscItems/Circuits",
        "name": "Circuits",
        "description": "Various electronic components.\n\nLocation: Venus, Ceres, and the Kuva Fortress",
        "itemCount": 300,
        "imageName": "circuits-5e77d8b169.png",
        "tradable": false,
        "drops": [],
        "masterable": false,
        "type": "Resource"
      },
      {
        "uniqueName": "/Lotus/Types/Recipes/ArchwingRecipes/StandardArchwing/StandardArchwingChassisComponent",
        "name": "Harness",
        "description": "Harness component of the Odonata Archwing.",
        "itemCount": 1,
        "imageName": "odonata-harness.png",
        "tradable": false,
        "drops": [
          {
            "chance": 1,
            "location": "Cephalon Simaris, Complete The Archwing (Quest)",
            "rarity": "Common",
            "type": "Odonata Harness Blueprint"
          }
        ],
        "masterable": false
      },
      {
        "uniqueName": "/Lotus/Types/Recipes/ArchwingRecipes/StandardArchwing/StandardArchwingSystemsComponent",
        "name": "Systems",
        "description": "Systems component of the Odonata Archwing.",
        "itemCount": 1,
        "imageName": "odonata-systems.png",
        "tradable": false,
        "drops": [
          {
            "chance": 1,
            "location": "Cephalon Simaris, Complete The Archwing (Quest)",
            "rarity": "Common",
            "type": "Odonata Systems Blueprint"
          }
        ],
        "masterable": false
      },
      {
        "uniqueName": "/Lotus/Types/Recipes/ArchwingRecipes/StandardArchwing/StandardArchwingWingsComponent",
        "name": "Wings",
        "description": "Wings component of the Odonata Archwing.",
        "itemCount": 1,
        "imageName": "odonata-wings.png",
        "tradable": false,
        "drops": [
          {
            "chance": 1,
            "location": "Cephalon Simaris, Complete The Archwing (Quest)",
            "rarity": "Common",
            "type": "Odonata Wings Blueprint"
          }
        ],
        "masterable": false
      }
    ],
    "consumeOnBuild": true,
    "description": "The systems built into this Archwing balance offensive capabilities with defensive countermeasures.",
    "health": 425,
    "imageName": "odonata-0425304f27.png",
    "isPrime": false,
    "masterable": true,
    "masteryReq": 0,
    "name": "Odonata",
    "patchlogs": [
      {
        "name": "Update 31.5: Angels of the Zariman",
        "date": "2022-04-27T15:02:06Z",
        "url": "https://forums.warframe.com/topic/1305880-update-315-angels-of-the-zariman/",
        "additions": "",
        "changes": "",
        "fixes": "Fixed Odonata’s Ability icons being hard to read. "
      },
      {
        "name": "Warframe Revised: Update 27.2.0",
        "date": "2020-03-05T15:32:32Z",
        "url": "https://forums.warframe.com/topic/1172454-warframe-revised-update-2720/",
        "additions": "",
        "changes": "Fixed missile-distraction abilities from Odonata and Elytron being ineffective against missiles that stop tracking halfway in Railjack missions. This notably affects the long-range Grineer Crewship missiles (not the shorter range cannons, which aren't homing).",
        "fixes": ""
      },
      {
        "name": "The Jovian Concord: Hotfix 25.0.2 + 25.0.2.1",
        "date": "2019-05-23T20:41:54Z",
        "url": "https://forums.warframe.com/topic/1095724-the-jovian-concord-hotfix-2502-25021/",
        "additions": "Simaris has added the Odonata Blueprint to his Offerings!",
        "changes": "",
        "fixes": ""
      },
      {
        "name": "The Vacuum Within: Hotfix #3",
        "date": "2016-10-13T18:16:13Z",
        "url": "https://forums.warframe.com/topic/708168-the-vacuum-within-hotfix-3/",
        "additions": "",
        "changes": "",
        "fixes": "Fixed Itzal's Blink colliding with Odonata's Energy Shell as per: https://forums.warframe.com/topic/705690-itzals-blink-broken-interaction-with-energy-field/"
      },
      {
        "name": "Specters of the Rail: Hotfix 13",
        "date": "2016-07-26T18:38:42Z",
        "url": "https://forums.warframe.com/topic/679601-specters-of-the-rail-hotfix-13/",
        "additions": "",
        "changes": "Reduced the Odonata crafting costs and replaced Control Module with Neurodes for better new user experience/path. ",
        "fixes": ""
      },
      {
        "name": "Update 18.5: Sands of Inaros",
        "date": "2016-03-04T18:20:53Z",
        "url": "https://forums.warframe.com/topic/618642-update-185-sands-of-inaros-%C2%A0/",
        "additions": "",
        "changes": "",
        "fixes": "Archwing Crafting requirements have been adjusted for players crafting the Odonata in The Archwing Quest:"
      },
      {
        "name": "Update 17.4.5",
        "date": "2015-09-23T22:02:55Z",
        "url": "https://forums.warframe.com/topic/532623-update-1745/",
        "additions": "",
        "changes": "",
        "fixes": "Fixed the Odonata Archwing’s Seeking Fire Ability doing damage to the player on use."
      },
      {
        "name": "Update 17: Echoes Of The Sentient",
        "date": "2015-07-31T15:09:25Z",
        "url": "https://forums.warframe.com/topic/498793-update-17-echoes-of-the-sentient/",
        "additions": "",
        "changes": "",
        "fixes": "Fixed an issue caused by building the Odonata while the Archwing Quest is still inactive, causing an error when activating the quest in the World State Window."
      },
      {
        "name": "Hotfix 16.1.1",
        "date": "2015-03-24T23:35:27Z",
        "url": "https://forums.warframe.com/topic/425719-hotfix-1611/",
        "additions": "",
        "changes": "",
        "fixes": "Fixed Odonata Prime parts not being tradable."
      },
      {
        "name": "Update 16.1: Volt Prime",
        "date": "2015-03-24T18:01:52Z",
        "url": "https://forums.warframe.com/topic/425416-update-161-volt-prime/",
        "additions": "",
        "changes": "",
        "fixes": "including Volt Prime, Odonata Prime, Edo Prime Armor and the Kazeru Prime Sugatra. Plus, stock up on discounted Platinum and get Exclusive Gear available only through Prime Access!\nTake flight with Odonata Prime."
      },
      {
        "name": "Update 15.9",
        "date": "2015-01-08T21:39:10Z",
        "url": "https://forums.warframe.com/topic/381637-update-159/",
        "additions": "",
        "changes": "",
        "fixes": "Fixed generic Archwing Mods saying they are compatible with only the Odonata.  They will now properly say ‘Archwing’."
      },
      {
        "name": "Update 15.2.0",
        "date": "2014-11-13T01:00:05Z",
        "url": "https://forums.warframe.com/topic/344505-update-1520/",
        "additions": "",
        "changes": "",
        "fixes": "Fixed Odonata’s Disarray not affecting Dreg Spheres.\nFixed the activation of Odonata Archwing abilities not properly issuing 25/50/75/100 Affinity respective of ability used (1/2/3/4)."
      },
      {
        "name": "Hotfix 15.1.2",
        "date": "2014-11-08T00:06:22Z",
        "url": "https://forums.warframe.com/topic/341594-hotfix-1512/",
        "additions": "",
        "changes": "",
        "fixes": "Fixed an issue with Odonata’s Energy Shell impeding Melee attack homing on enemies."
      },
      {
        "name": "Warframe: Archwing",
        "date": "2014-10-24T12:52:08Z",
        "url": "https://forums.warframe.com/topic/328727-warframe-archwing/",
        "additions": "",
        "changes": "Archwing has arrived!  Players Mastery Rank 2 or greater can quest to assemble the Archwing technology allowing for space combat sans spacecraft.  Two unique game modes, new enemies, weapons and Mods are all available.  Choose from the offensive Elytron Archwing or well-rounded Odonata and bring the fight straight to the enemy, Tenno!\nOdonata. An Archwing that includes 4 unique abilities that equally protect and devastate your enemies!",
        "fixes": ""
      }
    ],
    "power": 85,
    "productCategory": "SpaceSuits",
    "shield": 430,
    "skipBuildTimePrice": 5,
    "sprintSpeed": 1,
    "stamina": 200,
    "tradable": false,
    "type": "Archwing",
    "uniqueName": "/Lotus/Powersuits/Archwing/StandardJetPack/StandardJetPack"
  },
  {
    "abilities": [
      {
        "uniqueName": "/Lotus/Powersuits/Archwing/ArchwingAbilities/FireShieldAbility",
        "name": "Energy Shell",
        "description": "Forms a protective energy shell around the Warframe",
        "imageName": "energy-shell-4161409a59.png"
      },
      {
        "uniqueName": "/Lotus/Powersuits/Archwing/ArchwingAbilities/FlareCounterMeasureAbility",
        "name": "Disarray",
        "description": "Drops flare beacons confusing incoming guided missiles.",
        "imageName": "disarray-0a536226ae.png"
      },
      {
        "uniqueName": "/Lotus/Powersuits/Archwing/ArchwingAbilities/MissileVolleyAbility",
        "name": "Seeking Fire",
        "description": "Fires a large volley of homing missiles.",
        "imageName": "seeking-fire-7bb1aeb759.png"
      },
      {
        "uniqueName": "/Lotus/Powersuits/Archwing/ArchwingAbilities/EMPPushAbility",
        "name": "Repel",
        "description": "The Warframe emits a massive pulse of energy, stunning nearby enemies and sending them flying.",
        "imageName": "repel-7f65457cfd.png"
      }
    ],
    "armor": 100,
    "buildPrice": 25000,
    "buildQuantity": 1,
    "buildTime": 129600,
    "category": "Archwing",
    "components": [
      {
        "uniqueName": "/Lotus/Types/Recipes/ArchwingRecipes/PrimeArchwing/PrimeArchwingBlueprint",
        "name": "Blueprint",
        "description": "This enhanced version of the first Archwing prototype takes the design to its theoretical limits.",
        "itemCount": 1,
        "primeSellingPrice": 45,
        "imageName": "blueprint.png",
        "tradable": true,
        "masterable": false,
        "ducats": 45,
        "drops": [
          {
            "chance": 0.11,
            "location": "Axi L4 Relic",
            "rarity": "Uncommon",
            "type": "Odonata Prime Blueprint"
          },
          {
            "chance": 0.11,
            "location": "Axi V8 Relic",
            "rarity": "Uncommon",
            "type": "Odonata Prime Blueprint"
          },
          {
            "chance": 0.11,
            "location": "Lith F1 Relic",
            "rarity": "Uncommon",
            "type": "Odonata Prime Blueprint"
          },
          {
            "chance": 0.11,
            "location": "Meso C2 Relic",
            "rarity": "Uncommon",
            "type": "Odonata Prime Blueprint"
          },
          {
            "chance": 0.11,
            "location": "Meso S1 Relic",
            "rarity": "Uncommon",
            "type": "Odonata Prime Blueprint"
          },
          {
            "chance": 0.13,
            "location": "Axi L4 Relic (Exceptional)",
            "rarity": "Uncommon",
            "type": "Odonata Prime Blueprint"
          },
          {
            "chance": 0.13,
            "location": "Axi V8 Relic (Exceptional)",
            "rarity": "Uncommon",
            "type": "Odonata Prime Blueprint"
          },
          {
            "chance": 0.13,
            "location": "Lith F1 Relic (Exceptional)",
            "rarity": "Uncommon",
            "type": "Odonata Prime Blueprint"
          },
          {
            "chance": 0.13,
            "location": "Meso C2 Relic (Exceptional)",
            "rarity": "Uncommon",
            "type": "Odonata Prime Blueprint"
          },
          {
            "chance": 0.13,
            "location": "Meso S1 Relic (Exceptional)",
            "rarity": "Uncommon",
            "type": "Odonata Prime Blueprint"
          },
          {
            "chance": 0.17,
            "location": "Axi L4 Relic (Flawless)",
            "rarity": "Uncommon",
            "type": "Odonata Prime Blueprint"
          },
          {
            "chance": 0.17,
            "location": "Axi V8 Relic (Flawless)",
            "rarity": "Uncommon",
            "type": "Odonata Prime Blueprint"
          },
          {
            "chance": 0.17,
            "location": "Lith F1 Relic (Flawless)",
            "rarity": "Uncommon",
            "type": "Odonata Prime Blueprint"
          },
          {
            "chance": 0.17,
            "location": "Meso C2 Relic (Flawless)",
            "rarity": "Uncommon",
            "type": "Odonata Prime Blueprint"
          },
          {
            "chance": 0.17,
            "location": "Meso S1 Relic (Flawless)",
            "rarity": "Uncommon",
            "type": "Odonata Prime Blueprint"
          },
          {
            "chance": 0.2,
            "location": "Axi L4 Relic (Radiant)",
            "rarity": "Uncommon",
            "type": "Odonata Prime Blueprint"
          },
          {
            "chance": 0.2,
            "location": "Axi V8 Relic (Radiant)",
            "rarity": "Uncommon",
            "type": "Odonata Prime Blueprint"
          },
          {
            "chance": 0.2,
            "location": "Lith F1 Relic (Radiant)",
            "rarity": "Uncommon",
            "type": "Odonata Prime Blueprint"
          },
          {
            "chance": 0.2,
            "location": "Meso C2 Relic (Radiant)",
            "rarity": "Uncommon",
            "type": "Odonata Prime Blueprint"
          },
          {
            "chance": 0.2,
            "location": "Meso S1 Relic (Radiant)",
            "rarity": "Uncommon",
            "type": "Odonata Prime Blueprint"
          }
        ]
      },
      {
        "uniqueName": "/Lotus/Types/Recipes/ArchwingRecipes/PrimeArchwing/PrimeArchwingChassisComponent",
        "name": "Harness",
        "description": "Harness component of the Odonata Prime Archwing.",
        "primeSellingPrice": 15,
        "itemCount": 1,
        "imageName": "prime-odonata-prime-harness.png",
        "tradable": true,
        "drops": [
          {
            "chance": 0.1667,
            "location": "Axi K1 Relic (Radiant)",
            "rarity": "Uncommon",
            "type": "Odonata Prime Harness Blueprint"
          },
          {
            "chance": 0.1667,
            "location": "Axi T1 Relic (Radiant)",
            "rarity": "Uncommon",
            "type": "Odonata Prime Harness Blueprint"
          },
          {
            "chance": 0.1667,
            "location": "Axi V4 Relic (Radiant)",
            "rarity": "Uncommon",
            "type": "Odonata Prime Harness Blueprint"
          },
          {
            "chance": 0.1667,
            "location": "Lith K1 Relic (Radiant)",
            "rarity": "Uncommon",
            "type": "Odonata Prime Harness Blueprint"
          },
          {
            "chance": 0.1667,
            "location": "Neo O1 Relic (Radiant)",
            "rarity": "Uncommon",
            "type": "Odonata Prime Harness Blueprint"
          },
          {
            "chance": 0.1667,
            "location": "Neo V8 Relic (Radiant)",
            "rarity": "Uncommon",
            "type": "Odonata Prime Harness Blueprint"
          },
          {
            "chance": 0.2,
            "location": "Axi K1 Relic (Flawless)",
            "rarity": "Uncommon",
            "type": "Odonata Prime Harness Blueprint"
          },
          {
            "chance": 0.2,
            "location": "Axi T1 Relic (Flawless)",
            "rarity": "Uncommon",
            "type": "Odonata Prime Harness Blueprint"
          },
          {
            "chance": 0.2,
            "location": "Axi V4 Relic (Flawless)",
            "rarity": "Uncommon",
            "type": "Odonata Prime Harness Blueprint"
          },
          {
            "chance": 0.2,
            "location": "Lith K1 Relic (Flawless)",
            "rarity": "Uncommon",
            "type": "Odonata Prime Harness Blueprint"
          },
          {
            "chance": 0.2,
            "location": "Neo O1 Relic (Flawless)",
            "rarity": "Uncommon",
            "type": "Odonata Prime Harness Blueprint"
          },
          {
            "chance": 0.2,
            "location": "Neo V8 Relic (Flawless)",
            "rarity": "Uncommon",
            "type": "Odonata Prime Harness Blueprint"
          },
          {
            "chance": 0.2333,
            "location": "Axi K1 Relic (Exceptional)",
            "rarity": "Uncommon",
            "type": "Odonata Prime Harness Blueprint"
          },
          {
            "chance": 0.2333,
            "location": "Axi T1 Relic (Exceptional)",
            "rarity": "Uncommon",
            "type": "Odonata Prime Harness Blueprint"
          },
          {
            "chance": 0.2333,
            "location": "Axi V4 Relic (Exceptional)",
            "rarity": "Uncommon",
            "type": "Odonata Prime Harness Blueprint"
          },
          {
            "chance": 0.2333,
            "location": "Lith K1 Relic (Exceptional)",
            "rarity": "Uncommon",
            "type": "Odonata Prime Harness Blueprint"
          },
          {
            "chance": 0.2333,
            "location": "Neo O1 Relic (Exceptional)",
            "rarity": "Uncommon",
            "type": "Odonata Prime Harness Blueprint"
          },
          {
            "chance": 0.2333,
            "location": "Neo V8 Relic (Exceptional)",
            "rarity": "Uncommon",
            "type": "Odonata Prime Harness Blueprint"
          },
          {
            "chance": 0.2533,
            "location": "Axi K1 Relic",
            "rarity": "Uncommon",
            "type": "Odonata Prime Harness Blueprint"
          },
          {
            "chance": 0.2533,
            "location": "Axi T1 Relic",
            "rarity": "Uncommon",
            "type": "Odonata Prime Harness Blueprint"
          },
          {
            "chance": 0.2533,
            "location": "Axi V4 Relic",
            "rarity": "Uncommon",
            "type": "Odonata Prime Harness Blueprint"
          },
          {
            "chance": 0.2533,
            "location": "Lith K1 Relic",
            "rarity": "Uncommon",
            "type": "Odonata Prime Harness Blueprint"
          },
          {
            "chance": 0.2533,
            "location": "Neo O1 Relic",
            "rarity": "Uncommon",
            "type": "Odonata Prime Harness Blueprint"
          },
          {
            "chance": 0.2533,
            "location": "Neo V8 Relic",
            "rarity": "Uncommon",
            "type": "Odonata Prime Harness Blueprint"
          }
        ],
        "masterable": false,
        "ducats": 15
      },
      {
        "uniqueName": "/Lotus/Types/Items/MiscItems/OrokinCell",
        "name": "Orokin Cell",
        "description": "Ancient energy cell from the Orokin era.\n\nLocation: Ceres, Saturn, and Deimos",
        "itemCount": 1,
        "imageName": "orokin-cell-0d237af036.png",
        "tradable": false,
        "drops": [],
        "masterable": false,
        "type": "Resource"
      },
      {
        "uniqueName": "/Lotus/Types/Recipes/ArchwingRecipes/PrimeArchwing/PrimeArchwingSystemsComponent",
        "name": "Systems",
        "description": "Systems component of the Odonata Prime Archwing.",
        "primeSellingPrice": 15,
        "itemCount": 1,
        "imageName": "prime-odonata-prime-systems.png",
        "tradable": true,
        "drops": [
          {
            "chance": 0.1667,
            "location": "Axi V1 Relic (Radiant)",
            "rarity": "Uncommon",
            "type": "Odonata Prime Systems Blueprint"
          },
          {
            "chance": 0.1667,
            "location": "Axi V8 Relic (Radiant)",
            "rarity": "Uncommon",
            "type": "Odonata Prime Systems Blueprint"
          },
          {
            "chance": 0.1667,
            "location": "Lith F2 Relic (Radiant)",
            "rarity": "Uncommon",
            "type": "Odonata Prime Systems Blueprint"
          },
          {
            "chance": 0.1667,
            "location": "Meso O3 Relic (Radiant)",
            "rarity": "Uncommon",
            "type": "Odonata Prime Systems Blueprint"
          },
          {
            "chance": 0.1667,
            "location": "Neo N3 Relic (Radiant)",
            "rarity": "Uncommon",
            "type": "Odonata Prime Systems Blueprint"
          },
          {
            "chance": 0.2,
            "location": "Axi V1 Relic (Flawless)",
            "rarity": "Uncommon",
            "type": "Odonata Prime Systems Blueprint"
          },
          {
            "chance": 0.2,
            "location": "Axi V8 Relic (Flawless)",
            "rarity": "Uncommon",
            "type": "Odonata Prime Systems Blueprint"
          },
          {
            "chance": 0.2,
            "location": "Lith F2 Relic (Flawless)",
            "rarity": "Uncommon",
            "type": "Odonata Prime Systems Blueprint"
          },
          {
            "chance": 0.2,
            "location": "Meso O3 Relic (Flawless)",
            "rarity": "Uncommon",
            "type": "Odonata Prime Systems Blueprint"
          },
          {
            "chance": 0.2,
            "location": "Neo N3 Relic (Flawless)",
            "rarity": "Uncommon",
            "type": "Odonata Prime Systems Blueprint"
          },
          {
            "chance": 0.2333,
            "location": "Axi V1 Relic (Exceptional)",
            "rarity": "Uncommon",
            "type": "Odonata Prime Systems Blueprint"
          },
          {
            "chance": 0.2333,
            "location": "Axi V8 Relic (Exceptional)",
            "rarity": "Uncommon",
            "type": "Odonata Prime Systems Blueprint"
          },
          {
            "chance": 0.2333,
            "location": "Lith F2 Relic (Exceptional)",
            "rarity": "Uncommon",
            "type": "Odonata Prime Systems Blueprint"
          },
          {
            "chance": 0.2333,
            "location": "Meso O3 Relic (Exceptional)",
            "rarity": "Uncommon",
            "type": "Odonata Prime Systems Blueprint"
          },
          {
            "chance": 0.2333,
            "location": "Neo N3 Relic (Exceptional)",
            "rarity": "Uncommon",
            "type": "Odonata Prime Systems Blueprint"
          },
          {
            "chance": 0.2533,
            "location": "Axi V1 Relic",
            "rarity": "Uncommon",
            "type": "Odonata Prime Systems Blueprint"
          },
          {
            "chance": 0.2533,
            "location": "Axi V8 Relic",
            "rarity": "Uncommon",
            "type": "Odonata Prime Systems Blueprint"
          },
          {
            "chance": 0.2533,
            "location": "Lith F2 Relic",
            "rarity": "Uncommon",
            "type": "Odonata Prime Systems Blueprint"
          },
          {
            "chance": 0.2533,
            "location": "Meso O3 Relic",
            "rarity": "Uncommon",
            "type": "Odonata Prime Systems Blueprint"
          },
          {
            "chance": 0.2533,
            "location": "Neo N3 Relic",
            "rarity": "Uncommon",
            "type": "Odonata Prime Systems Blueprint"
          }
        ],
        "masterable": false,
        "ducats": 15
      },
      {
        "uniqueName": "/Lotus/Types/Recipes/ArchwingRecipes/PrimeArchwing/PrimeArchwingWingsComponent",
        "name": "Wings",
        "description": "Wings component of the Odonata Prime Archwing.",
        "primeSellingPrice": 65,
        "itemCount": 1,
        "imageName": "prime-odonata-prime-wings.png",
        "tradable": true,
        "drops": [
          {
            "chance": 0.02,
            "location": "Lith O2 Relic",
            "rarity": "Rare",
            "type": "Odonata Prime Wings Blueprint"
          },
          {
            "chance": 0.02,
            "location": "Meso O3 Relic",
            "rarity": "Rare",
            "type": "Odonata Prime Wings Blueprint"
          },
          {
            "chance": 0.02,
            "location": "Neo O1 Relic",
            "rarity": "Rare",
            "type": "Odonata Prime Wings Blueprint"
          },
          {
            "chance": 0.04,
            "location": "Lith O2 Relic (Exceptional)",
            "rarity": "Rare",
            "type": "Odonata Prime Wings Blueprint"
          },
          {
            "chance": 0.04,
            "location": "Meso O3 Relic (Exceptional)",
            "rarity": "Rare",
            "type": "Odonata Prime Wings Blueprint"
          },
          {
            "chance": 0.04,
            "location": "Neo O1 Relic (Exceptional)",
            "rarity": "Rare",
            "type": "Odonata Prime Wings Blueprint"
          },
          {
            "chance": 0.06,
            "location": "Lith O2 Relic (Flawless)",
            "rarity": "Rare",
            "type": "Odonata Prime Wings Blueprint"
          },
          {
            "chance": 0.06,
            "location": "Meso O3 Relic (Flawless)",
            "rarity": "Rare",
            "type": "Odonata Prime Wings Blueprint"
          },
          {
            "chance": 0.06,
            "location": "Neo O1 Relic (Flawless)",
            "rarity": "Rare",
            "type": "Odonata Prime Wings Blueprint"
          },
          {
            "chance": 0.1,
            "location": "Lith O2 Relic (Radiant)",
            "rarity": "Uncommon",
            "type": "Odonata Prime Wings Blueprint"
          },
          {
            "chance": 0.1,
            "location": "Meso O3 Relic (Radiant)",
            "rarity": "Uncommon",
            "type": "Odonata Prime Wings Blueprint"
          },
          {
            "chance": 0.1,
            "location": "Neo O1 Relic (Radiant)",
            "rarity": "Uncommon",
            "type": "Odonata Prime Wings Blueprint"
          },
          {
            "chance": 0.11,
            "location": "Axi N1 Relic",
            "rarity": "Uncommon",
            "type": "Odonata Prime Wings Blueprint"
          },
          {
            "chance": 0.13,
            "location": "Axi N1 Relic (Exceptional)",
            "rarity": "Uncommon",
            "type": "Odonata Prime Wings Blueprint"
          },
          {
            "chance": 0.17,
            "location": "Axi N1 Relic (Flawless)",
            "rarity": "Uncommon",
            "type": "Odonata Prime Wings Blueprint"
          },
          {
            "chance": 0.2,
            "location": "Axi N1 Relic (Radiant)",
            "rarity": "Uncommon",
            "type": "Odonata Prime Wings Blueprint"
          }
        ],
        "masterable": false,
        "ducats": 65
      }
    ],
    "consumeOnBuild": true,
    "description": "This enhanced version of the first Archwing prototype takes the design to its theoretical limits.",
    "estimatedVaultDate": "2017-02-28",
    "health": 650,
    "imageName": "odonata-prime-39baaa7427.png",
    "isPrime": true,
    "masterable": true,
    "masteryReq": 0,
    "name": "Odonata Prime",
    "patchlogs": [
      {
        "name": "Hotfix 16.1.1",
        "date": "2015-03-24T23:35:27Z",
        "url": "https://forums.warframe.com/topic/425719-hotfix-1611/",
        "additions": "",
        "changes": "",
        "fixes": "Fixed Odonata Prime parts not being tradable."
      },
      {
        "name": "Update 16.1: Volt Prime",
        "date": "2015-03-24T18:01:52Z",
        "url": "https://forums.warframe.com/topic/425416-update-161-volt-prime/",
        "additions": "",
        "changes": "",
        "fixes": "including Volt Prime, Odonata Prime, Edo Prime Armor and the Kazeru Prime Sugatra. Plus, stock up on discounted Platinum and get Exclusive Gear available only through Prime Access!\nTake flight with Odonata Prime."
      }
    ],
    "power": 85,
    "productCategory": "SpaceSuits",
    "releaseDate": "2015-03-24",
    "shield": 640,
    "skipBuildTimePrice": 50,
    "sprintSpeed": 1.05,
    "stamina": 200,
    "tradable": true,
    "type": "Archwing",
    "uniqueName": "/Lotus/Powersuits/Archwing/PrimeJetPack/PrimeJetPack",
    "vaultDate": "2017-02-28",
    "vaulted": true
  }
]
