[
  {
    "attacks": [
      {
        "name": "Normal Attack",
        "speed": 1,
        "crit_chance": 5,
        "crit_mult": 1.5,
        "status_chance": 15,
        "damage": {
          "impact": 65.4,
          "slash": 65.4,
          "puncture": 305.2
        }
      }
    ],
    "blockingAngle": 90,
    "bpCost": 35000,
    "buildPrice": 25000,
    "buildQuantity": 1,
    "buildTime": 43200,
    "category": "Arch-Melee",
    "comboDuration": 5,
    "components": [
      {
        "uniqueName": "/Lotus/Types/Recipes/Weapons/WeaponParts/ArchHookSwordBlade",
        "name": "Blade",
        "description": "An Archwing weapon-crafting component.",
        "itemCount": 1,
        "imageName": "agkuza-blade.png",
        "tradable": false,
        "drops": [
          {
            "chance": 1,
            "location": "New Loka, Benevolent",
            "rarity": "Common",
            "type": "Agkuza Blade"
          }
        ],
        "masterable": false
      },
      {
        "uniqueName": "/Lotus/Types/Recipes/Weapons/ArchHookSwordBlueprint",
        "name": "Blueprint",
        "description": "Tear apart incoming enemies with this massive hooked blade.",
        "itemCount": 1,
        "imageName": "blueprint.png",
        "tradable": false,
        "masterable": false,
        "drops": []
      },
      {
        "uniqueName": "/Lotus/Types/Recipes/Weapons/WeaponParts/ArchHookSwordGuard",
        "name": "Guard",
        "description": "An Archwing weapon-crafting component.",
        "itemCount": 1,
        "imageName": "agkuza-guard.png",
        "tradable": false,
        "drops": [
          {
            "chance": 1,
            "location": "Steel Meridian, Defender",
            "rarity": "Common",
            "type": "Agkuza Guard"
          }
        ],
        "masterable": false
      },
      {
        "uniqueName": "/Lotus/Types/Recipes/Weapons/WeaponParts/ArchHookSwordHandle",
        "name": "Handle",
        "description": "An Archwing weapon-crafting component.",
        "itemCount": 1,
        "imageName": "agkuza-handle.png",
        "tradable": false,
        "drops": [
          {
            "chance": 1,
            "location": "Red Veil, Esteemed",
            "rarity": "Common",
            "type": "Agkuza Handle"
          }
        ],
        "masterable": false
      }
    ],
    "consumeOnBuild": true,
    "criticalChance": 0.050000001,
    "criticalMultiplier": 1.5,
    "damage": {
      "total": 435.99997,
      "impact": 65.400002,
      "puncture": 65.399986,
      "slash": 305.19998,
      "heat": 0,
      "cold": 0,
      "electricity": 0,
      "toxin": 0,
      "blast": 0,
      "radiation": 0,
      "gas": 0,
      "magnetic": 0,
      "viral": 0,
      "corrosive": 0,
      "void": 0,
      "tau": 0,
      "cinematic": 0,
      "shieldDrain": 0,
      "healthDrain": 0,
      "energyDrain": 0,
      "true": 0
    },
    "damagePerShot": [
      65.400002,
      305.19998,
      65.399986,
      0,
      0,
      0,
      0,
      0,
      0,
      0,
      0,
      0,
      0,
      0,
      0,
      0,
      0,
      0,
      0,
      0
    ],
    "description": "Tear apart incoming enemies with this massive hooked blade.",
    "disposition": 1,
    "fireRate": 1,
    "followThrough": 0.69999999,
    "heavyAttackDamage": 436,
    "heavySlamAttack": 436,
    "imageName": "agkuza-ad630f8d41.png",
    "introduced": {
      "name": "Update: Specters of the Rail 0.0",
      "url": "https://wiki.warframe.com/w/Update_19%23Update%3A_Specters_of_the_Rail",
      "aliases": [
        "Specters of the Rail",
        "Specters of the Rail 0.0",
        "SotR"
      ],
      "parent": "18.15",
      "date": "2016-07-08"
    },
    "isPrime": false,
    "marketCost": 150,
    "masterable": true,
    "masteryReq": 3,
    "name": "Agkuza",
    "omegaAttenuation": 0.5,
    "polarities": [
      "vazarin"
    ],
    "procChance": 0.14999998,
    "productCategory": "SpaceMelee",
    "range": 2.5,
    "releaseDate": "2016-07-08",
    "skipBuildTimePrice": 50,
    "slamAttack": 436,
    "slamRadialDamage": 872,
    "slamRadius": 3,
    "slideAttack": 934,
    "slot": 5,
    "tags": [
      "Tenno"
    ],
    "totalDamage": 435.99997,
    "tradable": false,
    "type": "Arch-Melee",
    "uniqueName": "/Lotus/Weapons/Tenno/Archwing/Melee/ArchSwordHook/ArchHookSwordWeapon",
    "wikiAvailable": true,
    "wikiaThumbnail": "https://wiki.warframe.com/images/Agkuza.png?5cbfc",
    "wikiaUrl": "https://wiki.warframe.com/w/Agkuza"
  },
  {
    "attacks": [
      {
        "name": "Normal Attack",
        "speed": 1.08,
        "crit_chance": 25,
        "crit_mult": 2,
        "status_chance": 20,
        "damage": {
          "impact": 37.6,
          "slash": 263.2,
          "puncture": 75.2
        }
      }
    ],
    "blockingAngle": 90,
    "bpCost": 35000,
    "buildPrice": 25000,
    "buildQuantity": 1,
    "buildTime": 43200,
    "category": "Arch-Melee",
    "comboDuration": 5,
    "components": [
      {
        "uniqueName": "/Lotus/Types/Recipes/Weapons/WeaponParts/ArchSwordShieldAegis",
        "name": "Aegis",
        "description": "An Archwing weapon-crafting component.",
        "itemCount": 1,
        "imageName": "centaur-aegis.png",
        "tradable": false,
        "drops": [
          {
            "chance": 1,
            "location": "Arbiters of Hexis, Lawful",
            "rarity": "Common",
            "type": "Centaur Aegis"
          }
        ],
        "masterable": false
      },
      {
        "uniqueName": "/Lotus/Types/Recipes/Weapons/WeaponParts/ArchSwordShieldBlade",
        "name": "Blade",
        "description": "An Archwing weapon-crafting component.",
        "itemCount": 1,
        "imageName": "centaur-blade.png",
        "tradable": false,
        "drops": [
          {
            "chance": 1,
            "location": "The Perrin Sequence, Executive",
            "rarity": "Common",
            "type": "Centaur Blade"
          }
        ],
        "masterable": false
      },
      {
        "uniqueName": "/Lotus/Types/Recipes/Weapons/ArchSwordShieldBlueprint",
        "name": "Blueprint",
        "description": "Part sword, part shield, the Centaur excels at charging headlong into enemy fire.",
        "itemCount": 1,
        "imageName": "blueprint.png",
        "tradable": false,
        "masterable": false,
        "drops": []
      },
      {
        "uniqueName": "/Lotus/Types/Recipes/Weapons/WeaponParts/ArchSwordShieldHandle",
        "name": "Handle",
        "description": "An Archwing weapon-crafting component.",
        "itemCount": 1,
        "imageName": "centaur-handle.png",
        "tradable": false,
        "drops": [
          {
            "chance": 1,
            "location": "New Loka, Benevolent",
            "rarity": "Common",
            "type": "Centaur Handle"
          }
        ],
        "masterable": false
      }
    ],
    "consumeOnBuild": true,
    "criticalChance": 0.25,
    "criticalMultiplier": 2,
    "damage": {
      "total": 376,
      "impact": 37.600002,
      "puncture": 263.19998,
      "slash": 75.200005,
      "heat": 0,
      "cold": 0,
      "electricity": 0,
      "toxin": 0,
      "blast": 0,
      "radiation": 0,
      "gas": 0,
      "magnetic": 0,
      "viral": 0,
      "corrosive": 0,
      "void": 0,
      "tau": 0,
      "cinematic": 0,
      "shieldDrain": 0,
      "healthDrain": 0,
      "energyDrain": 0,
      "true": 0
    },
    "damagePerShot": [
      37.600002,
      75.200005,
      263.19998,
      0,
      0,
      0,
      0,
      0,
      0,
      0,
      0,
      0,
      0,
      0,
      0,
      0,
      0,
      0,
      0,
      0
    ],
    "description": "Part sword, part shield, the Centaur excels at charging headlong into enemy fire.",
    "disposition": 1,
    "fireRate": 1.0833334,
    "followThrough": 0.69999999,
    "heavyAttackDamage": 376,
    "heavySlamAttack": 376,
    "imageName": "centaur-a00c7e4fd8.png",
    "introduced": {
      "name": "Hotfix 15.7.2",
      "url": "https://wiki.warframe.com/w/Update_15%23Hotfix_15.7.2",
      "aliases": [
        "15.7.2"
      ],
      "parent": "15.7",
      "date": "2014-12-19"
    },
    "isPrime": false,
    "marketCost": 195,
    "masterable": true,
    "masteryReq": 8,
    "name": "Centaur",
    "omegaAttenuation": 0.5,
    "patchlogs": [
      {
        "name": "Update 15.7.2 + 15.7.2.1",
        "date": "2014-12-19T18:09:43Z",
        "url": "https://forums.warframe.com/topic/369418-update-1572-15721/",
        "additions": "",
        "changes": "",
        "fixes": "CENTAUR:   Part sword, part shield, the Centaur excels at charging headlong into enemy fire.\nStart your Research for the Itzal and Fluctus in the Clan Dojo, and purchase the blueprint for the Centaur from the Marketplace today!"
      }
    ],
    "polarities": [
      "madurai"
    ],
    "procChance": 0.19999999,
    "productCategory": "SpaceMelee",
    "range": 2.5,
    "releaseDate": "2014-12-19",
    "skipBuildTimePrice": 50,
    "slamAttack": 376,
    "slamRadialDamage": 752,
    "slamRadius": 3,
    "slideAttack": 806,
    "slot": 5,
    "tags": [
      "Tenno"
    ],
    "totalDamage": 376,
    "tradable": false,
    "type": "Arch-Melee",
    "uniqueName": "/Lotus/Weapons/Tenno/Archwing/Melee/Archswordandshield/ArchSwordShield",
    "wikiAvailable": true,
    "wikiaThumbnail": "https://wiki.warframe.com/images/Centaur.png?ad3fd",
    "wikiaUrl": "https://wiki.warframe.com/w/Centaur"
  },
  {
    "attacks": [
      {
        "name": "Normal Attack",
        "speed": 1,
        "crit_chance": 15,
        "crit_mult": 2,
        "status_chance": 20,
        "damage": {
          "impact": 19.7,
          "slash": 58.7,
          "puncture": 313.6
        }
      }
    ],
    "blockingAngle": 90,
    "bpCost": 35000,
    "buildPrice": 25000,
    "buildQuantity": 1,
    "buildTime": 43200,
    "category": "Arch-Melee",
    "comboDuration": 5,
    "components": [
      {
        "uniqueName": "/Lotus/Types/Recipes/Weapons/WeaponParts/ArchScytheBlade",
        "name": "Blade",
        "description": "An Archwing weapon-crafting component.",
        "itemCount": 1,
        "imageName": "kaszas-blade.png",
        "tradable": false,
        "drops": [
          {
            "chance": 1,
            "location": "Red Veil, Honored",
            "rarity": "Common",
            "type": "Kaszas Blade"
          }
        ],
        "masterable": false
      },
      {
        "uniqueName": "/Lotus/Types/Recipes/Weapons/ArchScytheBlueprint",
        "name": "Blueprint",
        "description": "Become an angel of death, with this Archwing scythe.",
        "itemCount": 1,
        "imageName": "blueprint.png",
        "tradable": false,
        "masterable": false,
        "drops": []
      },
      {
        "uniqueName": "/Lotus/Types/Recipes/Weapons/WeaponParts/ArchScytheHandle",
        "name": "Handle",
        "description": "An Archwing weapon-crafting component.",
        "itemCount": 1,
        "imageName": "kaszas-handle.png",
        "tradable": false,
        "drops": [
          {
            "chance": 1,
            "location": "Steel Meridian, Valiant",
            "rarity": "Common",
            "type": "Kaszas Handle"
          }
        ],
        "masterable": false
      },
      {
        "uniqueName": "/Lotus/Types/Items/MiscItems/Tellurium",
        "name": "Tellurium",
        "description": "This rare metal is foreign to the Origin System and can only be found in asteroids that have made the long journey from other stars.\n\nLocation: Archwing Missions on Uranus",
        "itemCount": 3,
        "imageName": "tellurium-9236306b55.png",
        "tradable": false,
        "drops": [],
        "masterable": false,
        "type": "Resource"
      }
    ],
    "consumeOnBuild": true,
    "criticalChance": 0.15000001,
    "criticalMultiplier": 2,
    "damage": {
      "total": 392,
      "impact": 19.6,
      "puncture": 58.799992,
      "slash": 313.60001,
      "heat": 0,
      "cold": 0,
      "electricity": 0,
      "toxin": 0,
      "blast": 0,
      "radiation": 0,
      "gas": 0,
      "magnetic": 0,
      "viral": 0,
      "corrosive": 0,
      "void": 0,
      "tau": 0,
      "cinematic": 0,
      "shieldDrain": 0,
      "healthDrain": 0,
      "energyDrain": 0,
      "true": 0
    },
    "damagePerShot": [
      19.6,
      313.60001,
      58.799992,
      0,
      0,
      0,
      0,
      0,
      0,
      0,
      0,
      0,
      0,
      0,
      0,
      0,
      0,
      0,
      0,
      0
    ],
    "description": "Become an angel of death, with this Archwing scythe.",
    "disposition": 1,
    "fireRate": 1,
    "followThrough": 0.69999999,
    "heavyAttackDamage": 392,
    "heavySlamAttack": 392,
    "imageName": "kaszas-fa004e9997.png",
    "introduced": {
      "name": "Update 17.5",
      "url": "https://wiki.warframe.com/w/Update_17%23Update_17.5",
      "aliases": [
        "17.5.0",
        "17.5"
      ],
      "parent": "17.5",
      "date": "2015-10-01"
    },
    "isPrime": false,
    "marketCost": 150,
    "masterable": true,
    "masteryReq": 4,
    "name": "Kaszas",
    "omegaAttenuation": 0.5,
    "patchlogs": [
      {
        "name": "Update 30.5: Sisters of Parvos",
        "date": "2021-07-06T15:02:10Z",
        "url": "https://forums.warframe.com/topic/1269749-update-305-sisters-of-parvos/",
        "additions": "Added custom spin whoosh sounds and updated animations for the Kaszas Arch-Melee weapon. ",
        "changes": "",
        "fixes": ""
      },
      {
        "name": "Hotfix 18.8.2",
        "date": "2016-04-13T18:53:32Z",
        "url": "https://forums.warframe.com/topic/637581-hotfix-1882/",
        "additions": "",
        "changes": "",
        "fixes": "•    Fixed the Kaszas not having its unique combo attacks."
      },
      {
        "name": "Hotfix 17.6.1",
        "date": "2015-10-07T21:04:29Z",
        "url": "https://forums.warframe.com/topic/540998-hotfix-1761/",
        "additions": "",
        "changes": "",
        "fixes": "Fixed the Kaszas not properly displaying channeling FX."
      },
      {
        "name": "Update 17.5: The Jordas Precept. + Hotfix 17.5.1",
        "date": "2015-10-02T02:05:33Z",
        "url": "https://forums.warframe.com/topic/536207-update-175-the-jordas-precept-hotfix-1751/",
        "additions": "Kaszas: Become an angel of death with this Archwing scythe.",
        "changes": "",
        "fixes": ""
      }
    ],
    "polarities": [
      "vazarin"
    ],
    "procChance": 0.19999999,
    "productCategory": "SpaceMelee",
    "range": 2.5,
    "releaseDate": "2015-10-01",
    "skipBuildTimePrice": 50,
    "slamAttack": 392,
    "slamRadialDamage": 784,
    "slamRadius": 3,
    "slideAttack": 784,
    "slot": 5,
    "tags": [
      "Tenno"
    ],
    "totalDamage": 392,
    "tradable": false,
    "type": "Arch-Melee",
    "uniqueName": "/Lotus/Weapons/Tenno/Archwing/Melee/ArchScythe/ArchScythe",
    "wikiAvailable": true,
    "wikiaThumbnail": "https://wiki.warframe.com/images/Kaszas.png?9fcb4",
    "wikiaUrl": "https://wiki.warframe.com/w/Kaszas"
  },
  {
    "attacks": [
      {
        "name": "Normal Attack",
        "speed": 1,
        "crit_chance": 13,
        "crit_mult": 2,
        "status_chance": 30,
        "damage": {
          "impact": 400.5,
          "slash": 22.25,
          "puncture": 22.25
        }
      }
    ],
    "blockingAngle": 90,
    "bpCost": 15000,
    "buildPrice": 30000,
    "buildQuantity": 1,
    "buildTime": 86400,
    "category": "Arch-Melee",
    "comboDuration": 5,
    "components": [
      {
        "uniqueName": "/Lotus/Weapons/ClanTech/Chemical/GrnArchHandBlueprint",
        "name": "Blueprint",
        "description": "Gallium-alloy gauntlets for close-range Archwing combat. Designed by the infamous Tyl Regor.",
        "itemCount": 1,
        "imageName": "blueprint.png",
        "tradable": false,
        "masterable": false,
        "drops": []
      },
      {
        "uniqueName": "/Lotus/Types/Items/Research/ChemComponent",
        "name": "Detonite Injector",
        "description": "Detonite injectors are the basis for explosive and incendiary weapons.\n\nLocation: Clan Research (Chem Lab in the Dojo) and Grineer Invasion Rewards",
        "itemCount": 5,
        "imageName": "detonite-injector-64a926ce31.png",
        "tradable": false,
        "drops": [],
        "masterable": false
      },
      {
        "uniqueName": "/Lotus/Types/Items/MiscItems/Forma",
        "name": "Forma",
        "description": "This shape-altering component is fundamental to Orokin construction. Allows you to change the polarity of a mod slot on a Warframe, Companions or Weapon and then resets their affinity to Unranked. This can only be used on max Rank Warframes, Companions and Weapons.",
        "itemCount": 1,
        "imageName": "forma-778e068bc2.png",
        "tradable": false,
        "drops": [],
        "masterable": false
      },
      {
        "name": "Furax",
        "uniqueName": "/Lotus/Weapons/Tenno/Melee/Fist/Fist",
        "damagePerShot": [
          94.5,
          20.25,
          20.249996,
          0,
          0,
          0,
          0,
          0,
          0,
          0,
          0,
          0,
          0,
          0,
          0,
          0,
          0,
          0,
          0,
          0
        ],
        "totalDamage": 135,
        "description": "These power gauntlets lack the range of most Melee Weapons, but Furax is far more devastating when you strike an enemy in close combat.",
        "criticalChance": 0.25,
        "criticalMultiplier": 2.3,
        "procChance": 0.11000001,
        "fireRate": 1,
        "masteryReq": 5,
        "productCategory": "Melee",
        "slot": 5,
        "omegaAttenuation": 1.38,
        "blockingAngle": 50,
        "comboDuration": 5,
        "followThrough": 0.89999998,
        "range": 1.25,
        "slamAttack": 405,
        "slamRadialDamage": 270,
        "slamRadius": 8,
        "slideAttack": 405,
        "heavyAttackDamage": 675,
        "heavySlamAttack": 540,
        "heavySlamRadialDamage": 405,
        "heavySlamRadius": 9,
        "windUp": 0.60000002,
        "itemCount": 1,
        "damage": {
          "total": 135,
          "impact": 94.5,
          "puncture": 20.249996,
          "slash": 20.25,
          "heat": 0,
          "cold": 0,
          "electricity": 0,
          "toxin": 0,
          "blast": 0,
          "radiation": 0,
          "gas": 0,
          "magnetic": 0,
          "viral": 0,
          "corrosive": 0,
          "void": 0,
          "tau": 0,
          "cinematic": 0,
          "shieldDrain": 0,
          "healthDrain": 0,
          "energyDrain": 0,
          "true": 0
        },
        "imageName": "furax-32b27ce63d.png",
        "tradable": false,
        "drops": [
          {
            "chance": 1,
            "location": "Conclave, Typhoon",
            "rarity": "Common",
            "type": "Furax Conclave Skin"
          }
        ],
        "wikiAvailable": true,
        "attacks": [
          {
            "name": "Normal Attack",
            "speed": 1,
            "crit_chance": 25,
            "crit_mult": 2.3,
            "status_chance": 11,
            "damage": {
              "impact": 94.5,
              "slash": 20.2,
              "puncture": 20.3
            },
            "slide": "405"
          },
          {
            "name": "Slam Attack",
            "speed": 1,
            "crit_chance": 25,
            "crit_mult": 2.3,
            "status_chance": 10,
            "shot_type": "AoE",
            "falloff": {
              "start": 0,
              "end": 8,
              "reduction": 0.5
            },
            "damage": {
              "impact": 270
            }
          },
          {
            "name": "Heavy Slam Attack",
            "speed": 1,
            "crit_chance": 25,
            "crit_mult": 2.3,
            "status_chance": 10,
            "shot_type": "AoE",
            "falloff": {
              "start": 0,
              "end": 9,
              "reduction": 0.3
            },
            "damage": {
              "blast": 405
            }
          }
        ],
        "marketCost": 125,
        "bpCost": 15000,
        "tags": [
          "Grineer"
        ],
        "stancePolarity": "vazarin",
        "wikiaThumbnail": "https://wiki.warframe.com/images/Furax.png?e515a",
        "wikiaUrl": "https://wiki.warframe.com/w/Furax",
        "disposition": 5,
        "introduced": {
          "name": "Vanilla",
          "url": "https://wiki.warframe.com/w/Closed_Beta_Updates%23Vanilla",
          "aliases": [
            "0",
            "0.0"
          ],
          "parent": "0.0",
          "date": "2012-10-25"
        },
        "releaseDate": "2012-10-25",
        "masterable": false
      },
      {
        "uniqueName": "/Lotus/Types/Items/MiscItems/Gallium",
        "name": "Gallium",
        "description": "Soft metal used in microelectronics and energy weapons.\n\nLocation: Mars and Uranus",
        "itemCount": 10,
        "imageName": "gallium-127519dba9.png",
        "tradable": false,
        "drops": [],
        "masterable": false,
        "type": "Resource"
      }
    ],
    "consumeOnBuild": true,
    "criticalChance": 0.13,
    "criticalMultiplier": 2,
    "damage": {
      "total": 445,
      "impact": 400.5,
      "puncture": 22.250006,
      "slash": 22.25,
      "heat": 0,
      "cold": 0,
      "electricity": 0,
      "toxin": 0,
      "blast": 0,
      "radiation": 0,
      "gas": 0,
      "magnetic": 0,
      "viral": 0,
      "corrosive": 0,
      "void": 0,
      "tau": 0,
      "cinematic": 0,
      "shieldDrain": 0,
      "healthDrain": 0,
      "energyDrain": 0,
      "true": 0
    },
    "damagePerShot": [
      400.5,
      22.25,
      22.250006,
      0,
      0,
      0,
      0,
      0,
      0,
      0,
      0,
      0,
      0,
      0,
      0,
      0,
      0,
      0,
      0,
      0
    ],
    "description": "Gallium-alloy gauntlets for close-range Archwing combat. Designed by the infamous Tyl Regor.",
    "disposition": 1,
    "fireRate": 1,
    "followThrough": 0.69999999,
    "heavyAttackDamage": 445,
    "heavySlamAttack": 445,
    "imageName": "knux-939cea4c86.png",
    "introduced": {
      "name": "Update 17.2",
      "url": "https://wiki.warframe.com/w/Update_17%23Update_17.2",
      "aliases": [
        "17.2",
        "17.2.0"
      ],
      "parent": "17.2",
      "date": "2015-08-19"
    },
    "isPrime": false,
    "marketCost": 170,
    "masterable": true,
    "masteryReq": 7,
    "name": "Knux",
    "omegaAttenuation": 0.5,
    "patchlogs": [
      {
        "name": "Update 17.2.4",
        "date": "2015-08-26T19:41:39Z",
        "url": "https://forums.warframe.com/topic/518275-update-1724/",
        "additions": "",
        "changes": "",
        "fixes": "Fixed missing audio on certain Knux attacks."
      }
    ],
    "polarities": [
      "vazarin"
    ],
    "procChance": 0.30000001,
    "productCategory": "SpaceMelee",
    "range": 2.5,
    "releaseDate": "2015-08-19",
    "skipBuildTimePrice": 35,
    "slamAttack": 445,
    "slamRadialDamage": 890,
    "slamRadius": 3,
    "slideAttack": 954,
    "slot": 5,
    "tags": [
      "Grineer"
    ],
    "totalDamage": 445,
    "tradable": false,
    "type": "Arch-Melee",
    "uniqueName": "/Lotus/Weapons/Tenno/Archwing/Melee/GrnArchHand/GrnArchHandWeapon",
    "wikiAvailable": true,
    "wikiaThumbnail": "https://wiki.warframe.com/images/Knux.png?2d0e0",
    "wikiaUrl": "https://wiki.warframe.com/w/Knux"
  },
  {
    "attacks": [
      {
        "name": "Normal Attack",
        "speed": 1,
        "crit_chance": 15,
        "crit_mult": 1.3,
        "status_chance": 5,
        "damage": {
          "impact": 123.6,
          "slash": 206,
          "puncture": 82.4
        }
      }
    ],
    "blockingAngle": 90,
    "bpCost": 35000,
    "buildPrice": 25000,
    "buildQuantity": 1,
    "buildTime": 43200,
    "category": "Arch-Melee",
    "comboDuration": 5,
    "components": [
      {
        "uniqueName": "/Lotus/Types/Recipes/Weapons/WeaponParts/ArchAxeBlade",
        "name": "Blade",
        "description": "An Archwing weapon-crafting component.",
        "itemCount": 2,
        "imageName": "onorix-blade.png",
        "tradable": false,
        "drops": [
          {
            "chance": 1,
            "location": "New Loka, Bountiful",
            "rarity": "Common",
            "type": "Onorix Blade"
          }
        ],
        "masterable": false
      },
      {
        "uniqueName": "/Lotus/Types/Recipes/Weapons/ArchAxeBlueprint",
        "name": "Blueprint",
        "description": "This laser bladed battle-axe easily hacks through a ship's defenses and the forces protecting it.",
        "itemCount": 1,
        "imageName": "blueprint.png",
        "tradable": false,
        "masterable": false,
        "drops": []
      },
      {
        "uniqueName": "/Lotus/Types/Recipes/Weapons/WeaponParts/ArchAxeHandle",
        "name": "Handle",
        "description": "An Archwing weapon-crafting component.",
        "itemCount": 1,
        "imageName": "onorix-handle.png",
        "tradable": false,
        "drops": [
          {
            "chance": 1,
            "location": "The Perrin Sequence, Senior Associate",
            "rarity": "Common",
            "type": "Onorix Handle"
          }
        ],
        "masterable": false
      },
      {
        "uniqueName": "/Lotus/Types/Items/MiscItems/Neurode",
        "name": "Neurodes",
        "description": "Biotech sensor organ harvested from Infested entities.\n\nLocation: Earth, Lua, Eris, and Deimos",
        "itemCount": 3,
        "imageName": "neurodes-c027fd4a28.png",
        "tradable": false,
        "drops": [],
        "masterable": false
      }
    ],
    "consumeOnBuild": true,
    "criticalChance": 0.15000001,
    "criticalMultiplier": 1.25,
    "damage": {
      "total": 412,
      "impact": 123.60001,
      "puncture": 206,
      "slash": 82.400002,
      "heat": 0,
      "cold": 0,
      "electricity": 0,
      "toxin": 0,
      "blast": 0,
      "radiation": 0,
      "gas": 0,
      "magnetic": 0,
      "viral": 0,
      "corrosive": 0,
      "void": 0,
      "tau": 0,
      "cinematic": 0,
      "shieldDrain": 0,
      "healthDrain": 0,
      "energyDrain": 0,
      "true": 0
    },
    "damagePerShot": [
      123.60001,
      82.400002,
      206,
      0,
      0,
      0,
      0,
      0,
      0,
      0,
      0,
      0,
      0,
      0,
      0,
      0,
      0,
      0,
      0,
      0
    ],
    "description": "This laser bladed battle-axe easily hacks through a ship's defenses and the forces protecting it.",
    "disposition": 1,
    "fireRate": 1,
    "followThrough": 0.69999999,
    "heavyAttackDamage": 412,
    "heavySlamAttack": 412,
    "imageName": "onorix-cec1553bd5.png",
    "introduced": {
      "name": "Update 15.0",
      "url": "https://wiki.warframe.com/w/Update_15%23Update_15.0",
      "aliases": [
        "15.0",
        "15",
        "Archwing",
        "Update 15"
      ],
      "parent": "15.0",
      "date": "2014-10-24"
    },
    "isPrime": false,
    "marketCost": 190,
    "masterable": true,
    "masteryReq": 1,
    "name": "Onorix",
    "omegaAttenuation": 0.5,
    "patchlogs": [
      {
        "name": "Hotfix 18.2.1",
        "date": "2016-01-06T00:23:07Z",
        "url": "https://forums.warframe.com/topic/590417-hotfix-1821/",
        "additions": "",
        "changes": "The Onorix’s Handle has now been added to Archwing Mobile Defense Mission drop tables.",
        "fixes": ""
      },
      {
        "name": "Warframe: Archwing",
        "date": "2014-10-24T12:52:08Z",
        "url": "https://forums.warframe.com/topic/328727-warframe-archwing/",
        "additions": "",
        "changes": "Onorix! This laser bladed battle-axe easily hacks through a ship's defenses and the forces protecting it.",
        "fixes": ""
      }
    ],
    "polarities": [
      "madurai"
    ],
    "procChance": 0.050000012,
    "productCategory": "SpaceMelee",
    "range": 2.5,
    "releaseDate": "2014-10-24",
    "skipBuildTimePrice": 50,
    "slamAttack": 412,
    "slamRadialDamage": 824,
    "slamRadius": 3,
    "slideAttack": 883,
    "slot": 5,
    "tags": [
      "Tenno"
    ],
    "totalDamage": 412,
    "tradable": false,
    "type": "Arch-Melee",
    "uniqueName": "/Lotus/Weapons/Tenno/Archwing/Melee/Archaxe/ArchAxeWeapon",
    "wikiAvailable": true,
    "wikiaThumbnail": "https://wiki.warframe.com/images/Onorix.png?f4784",
    "wikiaUrl": "https://wiki.warframe.com/w/Onorix"
  },
  {
    "attacks": [
      {
        "name": "Normal Attack",
        "speed": 1,
        "crit_chance": 30,
        "crit_mult": 2,
        "status_chance": 20,
        "damage": {
          "impact": 59.1,
          "slash": 275.8,
          "puncture": 59.1
        }
      }
    ],
    "blockingAngle": 90,
    "category": "Arch-Melee",
    "comboDuration": 5,
    "criticalChance": 0.30000001,
    "criticalMultiplier": 2,
    "damage": {
      "total": 394,
      "impact": 59.100002,
      "puncture": 275.79999,
      "slash": 59.100002,
      "heat": 0,
      "cold": 0,
      "electricity": 0,
      "toxin": 0,
      "blast": 0,
      "radiation": 0,
      "gas": 0,
      "magnetic": 0,
      "viral": 0,
      "corrosive": 0,
      "void": 0,
      "tau": 0,
      "cinematic": 0,
      "shieldDrain": 0,
      "healthDrain": 0,
      "energyDrain": 0,
      "true": 0
    },
    "damagePerShot": [
      59.100002,
      59.100002,
      275.79999,
      0,
      0,
      0,
      0,
      0,
      0,
      0,
      0,
      0,
      0,
      0,
      0,
      0,
      0,
      0,
      0,
      0
    ],
    "description": "A rare object of beauty, this Archwing sword has been sheathed in prisma crystal and baptized in the Void’s energy.",
    "disposition": 1,
    "fireRate": 1,
    "followThrough": 0.69999999,
    "heavyAttackDamage": 394,
    "heavySlamAttack": 394,
    "imageName": "prisma-veritux-b7348241ce.png",
    "introduced": {
      "name": "Hotfix 15.13.3",
      "url": "https://wiki.warframe.com/w/Update_15%23Hotfix_15.13.3",
      "aliases": [
        "15.13.3"
      ],
      "parent": "15.13",
      "date": "2015-02-06"
    },
    "isPrime": false,
    "masterable": true,
    "masteryReq": 8,
    "name": "Prisma Veritux",
    "omegaAttenuation": 0.5,
    "patchlogs": [
      {
        "name": "The Deadlock Protocol: Hotfix 28.0.6 + 28.0.6.1",
        "date": "2020-06-24T18:00:22Z",
        "url": "https://forums.warframe.com/topic/1203007-the-deadlock-protocol-hotfix-2806-28061/",
        "additions": "",
        "changes": "",
        "fixes": "Fixed Prisma Veritux being hidden within your Profile Equipment list until at least 1 XP is gained. "
      },
      {
        "name": "Hotfix 15.13.7",
        "date": "2015-02-09T23:43:26Z",
        "url": "https://forums.warframe.com/topic/399446-hotfix-15137/",
        "additions": "",
        "changes": "",
        "fixes": "Fixed Prisma Veritux not being Tradeable."
      },
      {
        "name": "Hotfix 15.13.4",
        "date": "2015-02-06T19:59:26Z",
        "url": "https://forums.warframe.com/topic/397275-hotfix-15134/",
        "additions": "",
        "changes": "",
        "fixes": "Fixed the Prisma Veritux being untradeable."
      }
    ],
    "polarities": [
      "vazarin"
    ],
    "procChance": 0.19999999,
    "productCategory": "SpaceMelee",
    "range": 3,
    "releaseDate": "2015-02-06",
    "slamAttack": 394,
    "slamRadialDamage": 788,
    "slamRadius": 3,
    "slideAttack": 788,
    "slot": 5,
    "tags": [
      "Tenno",
      "Prisma"
    ],
    "totalDamage": 394,
    "tradable": true,
    "type": "Arch-Melee",
    "uniqueName": "/Lotus/Weapons/Tenno/Archwing/Melee/VoidTraderArchsword/VTArchSwordWeapon",
    "wikiAvailable": true,
    "wikiaThumbnail": "https://wiki.warframe.com/images/PrismaVeritux.png?571f6",
    "wikiaUrl": "https://wiki.warframe.com/w/Prisma_Veritux"
  },
  {
    "attacks": [
      {
        "name": "Normal Attack",
        "speed": 0.917,
        "crit_chance": 20,
        "crit_mult": 2,
        "status_chance": 12,
        "damage": {
          "impact": 360,
          "slash": 22.5,
          "puncture": 67.5
        }
      }
    ],
    "blockingAngle": 90,
    "bpCost": 35000,
    "buildPrice": 25000,
    "buildQuantity": 1,
    "buildTime": 43200,
    "category": "Arch-Melee",
    "comboDuration": 5,
    "components": [
      {
        "uniqueName": "/Lotus/Types/Recipes/Weapons/ArchHammerBlueprint",
        "name": "Blueprint",
        "description": "Using Archwing’s jets for thrust, this massive hammer crushes anything in its path.",
        "itemCount": 1,
        "imageName": "blueprint.png",
        "tradable": false,
        "masterable": false,
        "drops": []
      },
      {
        "uniqueName": "/Lotus/Types/Items/MiscItems/Circuits",
        "name": "Circuits",
        "description": "Various electronic components.\n\nLocation: Venus, Ceres, and the Kuva Fortress",
        "itemCount": 300,
        "imageName": "circuits-5e77d8b169.png",
        "tradable": false,
        "drops": [],
        "masterable": false,
        "type": "Resource"
      },
      {
        "uniqueName": "/Lotus/Types/Items/MiscItems/ControlModule",
        "name": "Control Module",
        "description": "Autonomy processor for Robotics. A Corpus design.\n\nLocation: Europa, Neptune, and the Void",
        "itemCount": 1,
        "imageName": "control-module-edf6e412c3.png",
        "tradable": false,
        "drops": [],
        "masterable": false,
        "type": "Resource"
      },
      {
        "uniqueName": "/Lotus/Types/Recipes/Weapons/WeaponParts/ArchHammerHandle",
        "name": "Handle",
        "description": "An Archwing weapon-crafting component.",
        "itemCount": 1,
        "imageName": "rathbone-handle.png",
        "tradable": false,
        "drops": [
          {
            "chance": 1,
            "location": "Red Veil, Honored",
            "rarity": "Common",
            "type": "Rathbone Handle"
          }
        ],
        "masterable": false
      },
      {
        "uniqueName": "/Lotus/Types/Recipes/Weapons/WeaponParts/ArchHammerHead",
        "name": "Head",
        "description": "An Archwing weapon-crafting component.",
        "itemCount": 1,
        "imageName": "rathbone-head.png",
        "tradable": false,
        "drops": [
          {
            "chance": 1,
            "location": "New Loka, Bountiful",
            "rarity": "Common",
            "type": "Rathbone Head"
          }
        ],
        "masterable": false
      }
    ],
    "consumeOnBuild": true,
    "criticalChance": 0.2,
    "criticalMultiplier": 2,
    "damage": {
      "total": 449.99997,
      "impact": 360,
      "puncture": 22.499979,
      "slash": 67.5,
      "heat": 0,
      "cold": 0,
      "electricity": 0,
      "toxin": 0,
      "blast": 0,
      "radiation": 0,
      "gas": 0,
      "magnetic": 0,
      "viral": 0,
      "corrosive": 0,
      "void": 0,
      "tau": 0,
      "cinematic": 0,
      "shieldDrain": 0,
      "healthDrain": 0,
      "energyDrain": 0,
      "true": 0
    },
    "damagePerShot": [
      360,
      67.5,
      22.499979,
      0,
      0,
      0,
      0,
      0,
      0,
      0,
      0,
      0,
      0,
      0,
      0,
      0,
      0,
      0,
      0,
      0
    ],
    "description": "Using Archwing’s jets for thrust, this massive hammer crushes anything in its path.",
    "disposition": 1,
    "fireRate": 0.91666669,
    "followThrough": 0.69999999,
    "heavyAttackDamage": 450,
    "heavySlamAttack": 450,
    "imageName": "rathbone-918424e099.png",
    "introduced": {
      "name": "Update 15.2",
      "url": "https://wiki.warframe.com/w/Update_15%23Update_15.2",
      "aliases": [
        "15.2.0",
        "15.2"
      ],
      "parent": "15.2",
      "date": "2014-11-13"
    },
    "isPrime": false,
    "marketCost": 160,
    "masterable": true,
    "masteryReq": 6,
    "name": "Rathbone",
    "omegaAttenuation": 0.5,
    "patchlogs": [
      {
        "name": "The Glast Gambit: Hotfix 19.10.1+19.10.1.1",
        "date": "2017-02-14T14:20:17Z",
        "url": "https://forums.warframe.com/topic/762596-the-glast-gambit-hotfix-19101191011/",
        "additions": "",
        "changes": "",
        "fixes": "Fixed the Rathbone Head icon showing a Prime Blade image."
      },
      {
        "name": "Specters of the Rail: Hotfix 13",
        "date": "2016-07-26T18:38:42Z",
        "url": "https://forums.warframe.com/topic/679601-specters-of-the-rail-hotfix-13/",
        "additions": "",
        "changes": "",
        "fixes": "Fixed not being able to obtain Corvas and Rathbone Blueprint parts."
      },
      {
        "name": "Hotfix 15.2.1 +15.2.2",
        "date": "2014-11-14T18:36:40Z",
        "url": "https://forums.warframe.com/topic/345935-hotfix-1521-1522/",
        "additions": "",
        "changes": "",
        "fixes": "Fixed Rathbone requiring two handles to craft, now reduced to one handle.\nFixed Rathbone having 9 Mod slots, reduced to 8."
      }
    ],
    "polarities": [
      "madurai"
    ],
    "procChance": 0.12,
    "productCategory": "SpaceMelee",
    "range": 2,
    "releaseDate": "2014-11-13",
    "skipBuildTimePrice": 50,
    "slamAttack": 450,
    "slamRadialDamage": 900,
    "slamRadius": 3,
    "slideAttack": 964,
    "slot": 5,
    "tags": [
      "Tenno"
    ],
    "totalDamage": 449.99997,
    "tradable": false,
    "type": "Arch-Melee",
    "uniqueName": "/Lotus/Weapons/Tenno/Archwing/Melee/ArchHammer/ArchHammer",
    "wikiAvailable": true,
    "wikiaThumbnail": "https://wiki.warframe.com/images/Rathbone.png?255ff",
    "wikiaUrl": "https://wiki.warframe.com/w/Rathbone"
  },
  {
    "attacks": [
      {
        "name": "Normal Attack",
        "speed": 0.833,
        "crit_chance": 5,
        "crit_mult": 1.5,
        "status_chance": 10,
        "damage": {
          "impact": 70.5,
          "slash": 329,
          "puncture": 70.5
        }
      }
    ],
    "blockingAngle": 90,
    "buildPrice": 25000,
    "buildQuantity": 1,
    "buildTime": 86400,
    "category": "Arch-Melee",
    "comboDuration": 5,
    "components": [
      {
        "uniqueName": "/Lotus/Types/Recipes/Weapons/VerituxBlueprint",
        "name": "Blueprint",
        "description": "Weightless space turns this impossibly massive sword into an agile instrument of destruction.",
        "itemCount": 1,
        "imageName": "blueprint.png",
        "tradable": false,
        "masterable": false,
        "drops": [
          {
            "chance": 1,
            "location": "Cephalon Simaris, Complete The Archwing (Quest)",
            "rarity": "Common",
            "type": "Veritux Blueprint"
          }
        ]
      },
      {
        "uniqueName": "/Lotus/Types/Items/MiscItems/Circuits",
        "name": "Circuits",
        "description": "Various electronic components.\n\nLocation: Venus, Ceres, and the Kuva Fortress",
        "itemCount": 500,
        "imageName": "circuits-5e77d8b169.png",
        "tradable": false,
        "drops": [],
        "masterable": false,
        "type": "Resource"
      },
      {
        "uniqueName": "/Lotus/Types/Items/MiscItems/Neurode",
        "name": "Neurodes",
        "description": "Biotech sensor organ harvested from Infested entities.\n\nLocation: Earth, Lua, Eris, and Deimos",
        "itemCount": 2,
        "imageName": "neurodes-c027fd4a28.png",
        "tradable": false,
        "drops": [],
        "masterable": false
      },
      {
        "uniqueName": "/Lotus/Types/Items/MiscItems/Rubedo",
        "name": "Rubedo",
        "description": "A jagged crystalline ore. Gives off radiant energy.\n\nLocation: Earth, Lua, Phobos, Europa, Pluto, Sedna, and the Void",
        "itemCount": 500,
        "imageName": "rubedo-b57170a2d4.png",
        "tradable": false,
        "drops": [],
        "masterable": false,
        "type": "Resource"
      },
      {
        "uniqueName": "/Lotus/Types/Items/MiscItems/Salvage",
        "name": "Salvage",
        "description": "High value metals collected from war salvage.\n\nLocation: Mars, Jupiter, and Sedna",
        "itemCount": 1000,
        "imageName": "salvage-b2174bedac.png",
        "tradable": false,
        "drops": [],
        "masterable": false,
        "type": "Resource"
      }
    ],
    "consumeOnBuild": true,
    "criticalChance": 0.050000001,
    "criticalMultiplier": 1.5,
    "damage": {
      "total": 470,
      "impact": 70.5,
      "puncture": 329,
      "slash": 70.5,
      "heat": 0,
      "cold": 0,
      "electricity": 0,
      "toxin": 0,
      "blast": 0,
      "radiation": 0,
      "gas": 0,
      "magnetic": 0,
      "viral": 0,
      "corrosive": 0,
      "void": 0,
      "tau": 0,
      "cinematic": 0,
      "shieldDrain": 0,
      "healthDrain": 0,
      "energyDrain": 0,
      "true": 0
    },
    "damagePerShot": [
      70.5,
      70.5,
      329,
      0,
      0,
      0,
      0,
      0,
      0,
      0,
      0,
      0,
      0,
      0,
      0,
      0,
      0,
      0,
      0,
      0
    ],
    "description": "Weightless space turns this impossibly massive sword into an agile instrument of destruction.",
    "disposition": 1,
    "fireRate": 0.83333337,
    "followThrough": 0.69999999,
    "heavyAttackDamage": 470,
    "heavySlamAttack": 470,
    "imageName": "veritux-a2d86d183e.png",
    "introduced": {
      "name": "Update 15.0",
      "url": "https://wiki.warframe.com/w/Update_15%23Update_15.0",
      "aliases": [
        "15.0",
        "15",
        "Archwing",
        "Update 15"
      ],
      "parent": "15.0",
      "date": "2014-10-24"
    },
    "isPrime": false,
    "masterable": true,
    "masteryReq": 0,
    "name": "Veritux",
    "omegaAttenuation": 0.5,
    "patchlogs": [
      {
        "name": "The Deadlock Protocol: Hotfix 28.0.6 + 28.0.6.1",
        "date": "2020-06-24T18:00:22Z",
        "url": "https://forums.warframe.com/topic/1203007-the-deadlock-protocol-hotfix-2806-28061/",
        "additions": "",
        "changes": "",
        "fixes": "Fixed Prisma Veritux being hidden within your Profile Equipment list until at least 1 XP is gained. "
      },
      {
        "name": "The Jovian Concord: Hotfix 25.0.3",
        "date": "2019-05-24T22:08:21Z",
        "url": "https://forums.warframe.com/topic/1096333-the-jovian-concord-hotfix-2503/",
        "additions": "",
        "changes": "Veritux Blueprint",
        "fixes": ""
      },
      {
        "name": "The Jovian Concord: Hotfix 25.0.2 + 25.0.2.1",
        "date": "2019-05-23T20:41:54Z",
        "url": "https://forums.warframe.com/topic/1095724-the-jovian-concord-hotfix-2502-25021/",
        "additions": "Imperator and Veritux are in the works to also be added",
        "changes": "",
        "fixes": ""
      },
      {
        "name": "Update 17.9.0",
        "date": "2015-10-28T15:12:27Z",
        "url": "https://forums.warframe.com/topic/552544-update-1790/",
        "additions": "Veritux",
        "changes": "",
        "fixes": ""
      },
      {
        "name": "Hotfix 15.13.7",
        "date": "2015-02-09T23:43:26Z",
        "url": "https://forums.warframe.com/topic/399446-hotfix-15137/",
        "additions": "",
        "changes": "",
        "fixes": "Fixed Prisma Veritux not being Tradeable."
      },
      {
        "name": "Hotfix 15.13.4",
        "date": "2015-02-06T19:59:26Z",
        "url": "https://forums.warframe.com/topic/397275-hotfix-15134/",
        "additions": "",
        "changes": "",
        "fixes": "Fixed the Prisma Veritux being untradeable."
      },
      {
        "name": "Warframe: Archwing",
        "date": "2014-10-24T12:52:08Z",
        "url": "https://forums.warframe.com/topic/328727-warframe-archwing/",
        "additions": "",
        "changes": "Veritux! Weightless space turns this impossibly massive sword into an agile instrument of destruction.",
        "fixes": ""
      }
    ],
    "polarities": [
      "vazarin"
    ],
    "procChance": 0.10000002,
    "productCategory": "SpaceMelee",
    "range": 3,
    "releaseDate": "2014-10-24",
    "skipBuildTimePrice": 35,
    "slamAttack": 470,
    "slamRadialDamage": 940,
    "slamRadius": 3,
    "slideAttack": 940,
    "slot": 5,
    "tags": [
      "Tenno"
    ],
    "totalDamage": 470,
    "tradable": false,
    "type": "Arch-Melee",
    "uniqueName": "/Lotus/Weapons/Tenno/Archwing/Melee/Archsword/ArchSwordWeapon",
    "wikiAvailable": true,
    "wikiaThumbnail": "https://wiki.warframe.com/images/Veritux.png?e0827",
    "wikiaUrl": "https://wiki.warframe.com/w/Veritux"
  }
]
