[
  {
    "attacks": [
      {
        "name": "Normal Attack",
        "speed": 1,
        "crit_chance": 10,
        "crit_mult": 3,
        "status_chance": 15,
        "damage": {
          "slash": 150,
          "puncture": 150
        }
      }
    ],
    "blockingAngle": 90,
    "category": "Primary",
    "criticalChance": 0.1,
    "criticalMultiplier": 3,
    "damage": {
      "total": 300,
      "impact": 0,
      "puncture": 150,
      "slash": 150,
      "heat": 0,
      "cold": 0,
      "electricity": 0,
      "toxin": 0,
      "blast": 0,
      "radiation": 0,
      "gas": 0,
      "magnetic": 0,
      "viral": 0,
      "corrosive": 0,
      "void": 0,
      "tau": 0,
      "cinematic": 0,
      "shieldDrain": 0,
      "healthDrain": 0,
      "energyDrain": 0,
      "true": 0
    },
    "damagePerShot": [
      0,
      150,
      150,
      0,
      0,
      0,
      0,
      0,
      0,
      0,
      0,
      0,
      0,
      0,
      0,
      0,
      0,
      0,
      0,
      0
    ],
    "description": "Hound melee attacks eviscerate with <DT_PUNCTURE_COLOR>Puncture and <DT_SLASH_COLOR>Slash Damage.",
    "disposition": 3,
    "excludeFromCodex": true,
    "fireRate": 1,
    "imageName": "akaten-92fcdfd7f2.png",
    "introduced": {
      "name": "Update 30.5",
      "url": "https://wiki.warframe.com/w/Update_30%23Update_30.5",
      "aliases": [
        "30.5"
      ],
      "parent": "30.5",
      "date": "2021-07-06"
    },
    "isPrime": false,
    "masterable": true,
    "masteryReq": 0,
    "name": "Akaten",
    "omegaAttenuation": 1,
    "procChance": 0.14999998,
    "productCategory": "SentinelWeapons",
    "releaseDate": "2021-07-06",
    "sentinel": true,
    "slot": 1,
    "tags": [],
    "totalDamage": 300,
    "tradable": false,
    "type": "Companion Weapon",
    "uniqueName": "/Lotus/Types/Friendly/Pets/ZanukaPets/ZanukaPetMeleeWeaponPS",
    "wikiAvailable": true,
    "wikiaThumbnail": "https://wiki.warframe.com/images/Akaten.png?d1979",
    "wikiaUrl": "https://wiki.warframe.com/w/Akaten"
  },
  {
    "accuracy": 100,
    "attacks": [
      {
        "name": "Normal Attack",
        "speed": 16.67,
        "crit_chance": 2,
        "crit_mult": 1.5,
        "status_chance": 35,
        "shot_type": "Hit-Scan",
        "damage": {
          "cold": 5
        }
      }
    ],
    "category": "Primary",
    "criticalChance": 0.02,
    "criticalMultiplier": 1.5,
    "damage": {
      "total": 5,
      "impact": 0,
      "puncture": 0,
      "slash": 0,
      "heat": 0,
      "cold": 5,
      "electricity": 0,
      "toxin": 0,
      "blast": 0,
      "radiation": 0,
      "gas": 0,
      "magnetic": 0,
      "viral": 0,
      "corrosive": 0,
      "void": 0,
      "tau": 0,
      "cinematic": 0,
      "shieldDrain": 0,
      "healthDrain": 0,
      "energyDrain": 0,
      "true": 0
    },
    "damagePerShot": [
      0,
      0,
      0,
      0,
      5,
      0,
      0,
      0,
      0,
      0,
      0,
      0,
      0,
      0,
      0,
      0,
      0,
      0,
      0,
      0
    ],
    "description": "Freeze targets in their tracks with this sentinel mounted ice-beam.",
    "disposition": 3,
    "fireRate": 16.666668,
    "imageName": "artax-40f5c3dbb9.png",
    "introduced": {
      "name": "Update 19.10",
      "url": "https://wiki.warframe.com/w/Update_19%23Update_19.10",
      "aliases": [
        "19.10.0",
        "19.10"
      ],
      "parent": "19.5",
      "date": "2017-02-09"
    },
    "isPrime": false,
    "magazineSize": 100,
    "masterable": true,
    "masteryReq": 0,
    "multishot": 1,
    "name": "Artax",
    "noise": "Alarming",
    "omegaAttenuation": 1,
    "patchlogs": [
      {
        "name": "Saint of Altra: Update 25.7.0",
        "date": "2019-08-29T21:35:56Z",
        "url": "https://forums.warframe.com/topic/1123841-saint-of-altra-update-2570/",
        "additions": "",
        "changes": "Companion Weapon Rivens are available from Simaris’ Offerings for Standing (The War Within completion required), and yes, this includes the Artax! ",
        "fixes": ""
      },
      {
        "name": "The Sacrifice: Hotfix 23.0.4",
        "date": "2018-06-20T20:44:05Z",
        "url": "https://forums.warframe.com/topic/971991-the-sacrifice-hotfix-2304/",
        "additions": "",
        "changes": "",
        "fixes": "Fixed Artax not functioning with Growing Power."
      },
      {
        "name": "The Glast Gambit: Hotfix 19.10.1+19.10.1.1",
        "date": "2017-02-14T14:20:17Z",
        "url": "https://forums.warframe.com/topic/762596-the-glast-gambit-hotfix-19101191011/",
        "additions": "",
        "changes": "The Artax is no longer eligible for Riven mods. This weapon does negligible damage on purpose, so most Riven Stats won't positively affect the weapon. Anyone with an existing Artax Riven will keep it as is ",
        "fixes": ""
      }
    ],
    "procChance": 0.35000002,
    "productCategory": "SentinelWeapons",
    "releaseDate": "2017-02-09",
    "reloadTime": 1.5,
    "sentinel": true,
    "slot": 1,
    "tags": [
      "Tenno"
    ],
    "totalDamage": 5,
    "tradable": false,
    "trigger": "Held",
    "type": "Companion Weapon",
    "uniqueName": "/Lotus/Types/Sentinels/SentinelWeapons/Gremlin",
    "wikiAvailable": true,
    "wikiaThumbnail": "https://wiki.warframe.com/images/Artax.png?18a18",
    "wikiaUrl": "https://wiki.warframe.com/w/Artax"
  },
  {
    "attacks": [
      {
        "name": "Normal Attack",
        "speed": 1,
        "crit_chance": 10,
        "crit_mult": 3,
        "status_chance": 15,
        "damage": {
          "impact": 150,
          "puncture": 150
        }
      }
    ],
    "blockingAngle": 90,
    "category": "Primary",
    "criticalChance": 0.1,
    "criticalMultiplier": 3,
    "damage": {
      "total": 300,
      "impact": 150,
      "puncture": 0,
      "slash": 150,
      "heat": 0,
      "cold": 0,
      "electricity": 0,
      "toxin": 0,
      "blast": 0,
      "radiation": 0,
      "gas": 0,
      "magnetic": 0,
      "viral": 0,
      "corrosive": 0,
      "void": 0,
      "tau": 0,
      "cinematic": 0,
      "shieldDrain": 0,
      "healthDrain": 0,
      "energyDrain": 0,
      "true": 0
    },
    "damagePerShot": [
      150,
      150,
      0,
      0,
      0,
      0,
      0,
      0,
      0,
      0,
      0,
      0,
      0,
      0,
      0,
      0,
      0,
      0,
      0,
      0
    ],
    "description": "Hound melee attacks pierce hard with <DT_IMPACT_COLOR>Impact and <DT_PUNCTURE_COLOR>Puncture Damage.",
    "disposition": 3,
    "excludeFromCodex": true,
    "fireRate": 1,
    "imageName": "batoten-a5990aba68.png",
    "introduced": {
      "name": "Update 30.5",
      "url": "https://wiki.warframe.com/w/Update_30%23Update_30.5",
      "aliases": [
        "30.5"
      ],
      "parent": "30.5",
      "date": "2021-07-06"
    },
    "isPrime": false,
    "masterable": true,
    "masteryReq": 0,
    "name": "Batoten",
    "omegaAttenuation": 1,
    "procChance": 0.14999998,
    "productCategory": "SentinelWeapons",
    "releaseDate": "2021-07-06",
    "sentinel": true,
    "slot": 1,
    "tags": [],
    "totalDamage": 300,
    "tradable": false,
    "type": "Companion Weapon",
    "uniqueName": "/Lotus/Types/Friendly/Pets/ZanukaPets/ZanukaPetMeleeWeaponIP",
    "wikiAvailable": true,
    "wikiaThumbnail": "https://wiki.warframe.com/images/Batoten.png?8d059",
    "wikiaUrl": "https://wiki.warframe.com/w/Batoten"
  },
  {
    "accuracy": 100,
    "attacks": [
      {
        "name": "Normal Attack",
        "speed": 1.5,
        "crit_chance": 15,
        "crit_mult": 2,
        "status_chance": 10,
        "shot_type": "Projectile",
        "shot_speed": 40,
        "flight": 40,
        "damage": {
          "impact": 2,
          "slash": 1,
          "puncture": 17
        }
      }
    ],
    "category": "Primary",
    "criticalChance": 0.15000001,
    "criticalMultiplier": 2,
    "damage": {
      "total": 20,
      "impact": 2,
      "puncture": 0.99999905,
      "slash": 17,
      "heat": 0,
      "cold": 0,
      "electricity": 0,
      "toxin": 0,
      "blast": 0,
      "radiation": 0,
      "gas": 0,
      "magnetic": 0,
      "viral": 0,
      "corrosive": 0,
      "void": 0,
      "tau": 0,
      "cinematic": 0,
      "shieldDrain": 0,
      "healthDrain": 0,
      "energyDrain": 0,
      "true": 0
    },
    "damagePerShot": [
      2,
      17,
      0.99999905,
      0,
      0,
      0,
      0,
      0,
      0,
      0,
      0,
      0,
      0,
      0,
      0,
      0,
      0,
      0,
      0,
      0
    ],
    "description": "Fires a small burst of lasers.",
    "disposition": 5,
    "fireRate": 1.6071428,
    "imageName": "burst-laser-d6fb44fe7d.png",
    "introduced": {
      "name": "Update 7.0",
      "url": "https://wiki.warframe.com/w/Update_7%23Update_7",
      "aliases": [
        "7",
        "7.0",
        "Update 7"
      ],
      "parent": "7.0",
      "date": "2013-03-18"
    },
    "isPrime": false,
    "magazineSize": 15,
    "masterable": true,
    "masteryReq": 0,
    "multishot": 1,
    "name": "Burst Laser",
    "noise": "Alarming",
    "omegaAttenuation": 1.45,
    "patchlogs": [
      {
        "name": "Update 28: The Deadlock Protocol",
        "date": "2020-06-11T17:29:49Z",
        "url": "https://forums.warframe.com/topic/1199557-update-28-the-deadlock-protocol/",
        "additions": "",
        "changes": "",
        "fixes": "Fixed inability to trade Prisma Shade and Prisma Burst Laser."
      },
      {
        "name": "Warframe Revised: Railjack Revisited (Part 1): Update 27.4",
        "date": "2020-05-01T13:21:46Z",
        "url": "https://forums.warframe.com/topic/1189247-warframe-revised-railjack-revisited-part-1-update-274/",
        "additions": "",
        "changes": "",
        "fixes": "Fixed fire rate mods not working on the Prisma Burst Laser. \nFixed Clients only seeing Sentinel Burst Laser weapon only firing 1 bolt instead of 3."
      },
      {
        "name": "The Glast Gambit: Hotfix 19.6.1",
        "date": "2017-01-13T16:41:08Z",
        "url": "https://forums.warframe.com/topic/749385-the-glast-gambit-hotfix-1961/",
        "additions": "",
        "changes": "",
        "fixes": "Fixed not being able to equip a Burst Laser Riven Mod on the Prisma Burst Laser as per:"
      },
      {
        "name": "Hotfix 14.0.11",
        "date": "2014-07-29T22:08:19Z",
        "url": "https://forums.warframe.com/topic/278042-hotfix-14011/",
        "additions": "",
        "changes": "",
        "fixes": "Adjusted the sound of the Sentinel Burst Laser weapon hit effect."
      }
    ],
    "procChance": 0.10000002,
    "productCategory": "SentinelWeapons",
    "releaseDate": "2013-03-18",
    "reloadTime": 0.0099999998,
    "sentinel": true,
    "slot": 1,
    "tags": [
      "Tenno"
    ],
    "totalDamage": 20,
    "tradable": false,
    "trigger": "Burst",
    "type": "Companion Weapon",
    "uniqueName": "/Lotus/Types/Sentinels/SentinelWeapons/BurstLaserPistol",
    "wikiAvailable": true,
    "wikiaThumbnail": "https://wiki.warframe.com/images/BurstLaser.png?9bdc9",
    "wikiaUrl": "https://wiki.warframe.com/w/Burst_Laser"
  },
  {
    "accuracy": 100,
    "attacks": [
      {
        "name": "Normal Attack",
        "speed": 1.5,
        "crit_chance": 20,
        "crit_mult": 2.3,
        "status_chance": 15,
        "shot_type": "Projectile",
        "shot_speed": 40,
        "flight": 40,
        "damage": {
          "impact": 2.5,
          "slash": 1.25,
          "puncture": 21.25
        }
      }
    ],
    "category": "Primary",
    "criticalChance": 0.2,
    "criticalMultiplier": 2.3,
    "damage": {
      "total": 24.999998,
      "impact": 2.5,
      "puncture": 1.2499988,
      "slash": 21.25,
      "heat": 0,
      "cold": 0,
      "electricity": 0,
      "toxin": 0,
      "blast": 0,
      "radiation": 0,
      "gas": 0,
      "magnetic": 0,
      "viral": 0,
      "corrosive": 0,
      "void": 0,
      "tau": 0,
      "cinematic": 0,
      "shieldDrain": 0,
      "healthDrain": 0,
      "energyDrain": 0,
      "true": 0
    },
    "damagePerShot": [
      2.5,
      21.25,
      1.2499988,
      0,
      0,
      0,
      0,
      0,
      0,
      0,
      0,
      0,
      0,
      0,
      0,
      0,
      0,
      0,
      0,
      0
    ],
    "description": "Shade Prime’s signature weapon fires laser bursts.",
    "disposition": 5,
    "fireRate": 3,
    "imageName": "burst-laser-prime-c2b712f0d2.png",
    "introduced": {
      "name": "Hotfix 32.3.6",
      "url": "https://wiki.warframe.com/w/Update_32%23Hotfix_32.3.6",
      "aliases": [
        "32.3.6"
      ],
      "parent": "32.0",
      "date": "2023-03-15"
    },
    "isPrime": true,
    "magazineSize": 15,
    "masterable": true,
    "masteryReq": 0,
    "multishot": 1,
    "name": "Burst Laser Prime",
    "noise": "Alarming",
    "omegaAttenuation": 1.45,
    "procChance": 0.14999998,
    "productCategory": "SentinelWeapons",
    "releaseDate": "2023-03-15",
    "reloadTime": 0.0099999998,
    "sentinel": true,
    "slot": 1,
    "tags": [
      "Tenno"
    ],
    "totalDamage": 24.999998,
    "tradable": false,
    "trigger": "Burst",
    "type": "Companion Weapon",
    "uniqueName": "/Lotus/Types/Sentinels/SentinelWeapons/PrimeBurstLaserPistol",
    "vaulted": false,
    "wikiAvailable": true,
    "wikiaThumbnail": "https://wiki.warframe.com/images/BurstLaserPrime.png?5b922",
    "wikiaUrl": "https://wiki.warframe.com/w/Burst_Laser_Prime"
  },
  {
    "accuracy": 2.5,
    "attacks": [
      {
        "name": "Direct Hit",
        "speed": 0.667,
        "crit_chance": 10,
        "crit_mult": 1.8,
        "status_chance": 10,
        "shot_type": "Projectile",
        "shot_speed": 20,
        "flight": 20,
        "damage": {
          "impact": 10
        }
      },
      {
        "name": "Cold Field",
        "speed": 1,
        "crit_chance": 10,
        "crit_mult": 1.8,
        "status_chance": 30,
        "shot_type": "DoT",
        "falloff": {
          "start": 0,
          "end": 1.5,
          "reduction": 0.7
        },
        "damage": {
          "cold": 20
        }
      }
    ],
    "buildPrice": 50000,
    "buildQuantity": 1,
    "buildTime": 86400,
    "category": "Primary",
    "components": [
      {
        "uniqueName": "/Lotus/Types/Recipes/Weapons/SentinelCryoxionWeaponBlueprint",
        "name": "Blueprint",
        "description": "Fires volleys of icy grenades that inflict a lingering chill on the blast zone.",
        "itemCount": 1,
        "imageName": "blueprint.png",
        "tradable": false,
        "masterable": false,
        "drops": [
          {
            "chance": 1,
            "location": "Solaris United (Legs), Old Mate",
            "rarity": "Common",
            "type": "Cryotra Blueprint"
          }
        ]
      },
      {
        "uniqueName": "/Lotus/Types/Items/Fish/Solaris/FishParts/OrokinFishSaganModuleItem",
        "name": "Charamote Sagan Module",
        "description": "A device used to reconstruct degenerated matter into Orokin bio-material.\n\nSource: Dismantled from Charamote servofish via The Business in Fortuna (Venus). Catch Charamote in Orb Vallis cave hotspots during any weather. Also drops from the Exploiter Orb in the Orb Vallis.",
        "itemCount": 5,
        "imageName": "charamote-sagan-module-028d7f633e.png",
        "tradable": false,
        "drops": [],
        "masterable": false
      },
      {
        "uniqueName": "/Lotus/Types/Items/Gems/Eidolon/CommonGemBCutAItem",
        "name": "Esher Devar",
        "description": "Polished and cut to perfection.\n\nBlueprint sold by Old Man Suumbaat in Cetus on Earth.",
        "itemCount": 10,
        "imageName": "esher-devar-7ea467cba3.png",
        "tradable": false,
        "drops": [],
        "masterable": false
      },
      {
        "uniqueName": "/Lotus/Types/Items/Fish/Solaris/FishParts/CorpusFishRotobladeItem",
        "name": "Eye-Eye Rotoblade",
        "description": "A machine element used to propel robotic organisms through coolant.\n\nSource: Dismantled from Eye-Eye servofish via The Business in Fortuna (Venus). Catch Eye-Eye in Orb Vallis ponds during Warm weather. Also drops from resource containers across the Orb Vallis.",
        "itemCount": 10,
        "imageName": "eye-eye-rotoblade-cb50ee0abc.png",
        "tradable": false,
        "masterable": false,
        "drops": []
      },
      {
        "uniqueName": "/Lotus/Types/Items/Gems/Solaris/SolarisCommonGemBCutItem",
        "name": "Heart Noctrul",
        "description": "Polished and cut to perfection.\n\nBlueprint sold by Smokefinger in Fortuna on Venus.",
        "itemCount": 10,
        "imageName": "heart-noctrul-1d8f552486.png",
        "tradable": false,
        "drops": [],
        "masterable": false
      }
    ],
    "consumeOnBuild": true,
    "criticalChance": 0.1,
    "criticalMultiplier": 1.75,
    "damage": {
      "total": 30,
      "impact": 10,
      "puncture": 0,
      "slash": 0,
      "heat": 0,
      "cold": 20,
      "electricity": 0,
      "toxin": 0,
      "blast": 0,
      "radiation": 0,
      "gas": 0,
      "magnetic": 0,
      "viral": 0,
      "corrosive": 0,
      "void": 0,
      "tau": 0,
      "cinematic": 0,
      "shieldDrain": 0,
      "healthDrain": 0,
      "energyDrain": 0,
      "true": 0
    },
    "damagePerShot": [
      10,
      0,
      0,
      0,
      20,
      0,
      0,
      0,
      0,
      0,
      0,
      0,
      0,
      0,
      0,
      0,
      0,
      0,
      0,
      0
    ],
    "description": "Fires volleys of icy grenades that inflict a lingering chill on the blast zone.",
    "disposition": 3,
    "fireRate": 0.66666669,
    "imageName": "cryotra-3b07124a4b.png",
    "introduced": {
      "name": "Update 24.0",
      "url": "https://wiki.warframe.com/w/Update_24%23Update_24.0",
      "aliases": [
        "24",
        "24.0",
        "Fortuna"
      ],
      "parent": "24.0",
      "date": "2018-11-08"
    },
    "isPrime": false,
    "magazineSize": 3,
    "masterable": true,
    "masteryReq": 0,
    "multishot": 1,
    "name": "Cryotra",
    "noise": "Alarming",
    "omegaAttenuation": 1,
    "patchlogs": [
      {
        "name": "Fortuna: Hotfix 24.1.3 + 24.1.3.1",
        "date": "2018-12-05T19:00:08Z",
        "url": "https://forums.warframe.com/topic/1040912-fortuna-hotfix-2413-24131/",
        "additions": "",
        "changes": "",
        "fixes": "Fixed Cryotra only firing at targets within its firing range."
      },
      {
        "name": "Fortuna: Hotfix 24.0.10",
        "date": "2018-11-21T21:38:12Z",
        "url": "https://forums.warframe.com/topic/1035481-fortuna-hotfix-24010/",
        "additions": "",
        "changes": "",
        "fixes": "Fixed the incorrect Foundry rush costs for Cryotra, Tazicor, and Vulcax weapons."
      },
      {
        "name": "Fortuna: Hotfix 24.0.2",
        "date": "2018-11-09T22:23:12Z",
        "url": "https://forums.warframe.com/topic/1027194-fortuna-hotfix-2402/",
        "additions": "",
        "changes": "Removed the Cryotra from being able to have Glaxion Rivens equipped. Sentinel weapons no longer generate Rivens as noted in Update 24.",
        "fixes": ""
      },
      {
        "name": "Fortuna: Update 24.0",
        "date": "2018-11-08T20:46:20Z",
        "url": "https://forums.warframe.com/topic/1025679-fortuna-update-240/",
        "additions": "",
        "changes": "Cryotra: Emits a ray of sub-zero energy.",
        "fixes": ""
      }
    ],
    "polarities": [
      "madurai"
    ],
    "procChance": 0.10000002,
    "productCategory": "SentinelWeapons",
    "releaseDate": "2018-11-08",
    "reloadTime": 5,
    "sentinel": true,
    "skipBuildTimePrice": 25,
    "slot": 1,
    "tags": [
      "Corpus"
    ],
    "totalDamage": 30,
    "tradable": false,
    "trigger": "Semi",
    "type": "Companion Weapon",
    "uniqueName": "/Lotus/Types/Friendly/Pets/MoaPets/MoaPetComponents/CryoxionWeapon",
    "wikiAvailable": true,
    "wikiaThumbnail": "https://wiki.warframe.com/images/Cryotra.png?2403f",
    "wikiaUrl": "https://wiki.warframe.com/w/Cryotra"
  },
  {
    "attacks": [
      {
        "name": "First Attack",
        "speed": 1.33,
        "crit_chance": 0,
        "crit_mult": 1,
        "status_chance": 25,
        "shot_type": "Projectile",
        "shot_speed": 40,
        "flight": 40,
        "damage": {
          "impact": 130
        }
      },
      {
        "name": "Second Attack",
        "speed": 1.33,
        "crit_chance": 0,
        "crit_mult": 1,
        "status_chance": 25,
        "shot_type": "Projectile",
        "shot_speed": 40,
        "flight": 40,
        "damage": {
          "puncture": 130
        }
      },
      {
        "name": "Third Attack",
        "speed": 1.33,
        "crit_chance": 0,
        "crit_mult": 1,
        "status_chance": 25,
        "shot_type": "Projectile",
        "shot_speed": 40,
        "flight": 40,
        "damage": {
          "slash": 130
        }
      }
    ],
    "category": "Primary",
    "criticalChance": 0,
    "criticalMultiplier": 1,
    "damage": {
      "total": 130,
      "impact": 130,
      "puncture": 0,
      "slash": 0,
      "heat": 0,
      "cold": 0,
      "electricity": 0,
      "toxin": 0,
      "blast": 0,
      "radiation": 0,
      "gas": 0,
      "magnetic": 0,
      "viral": 0,
      "corrosive": 0,
      "void": 0,
      "tau": 0,
      "cinematic": 0,
      "shieldDrain": 0,
      "healthDrain": 0,
      "energyDrain": 0,
      "true": 0
    },
    "damagePerShot": [
      130,
      0,
      0,
      0,
      0,
      0,
      0,
      0,
      0,
      0,
      0,
      0,
      0,
      0,
      0,
      0,
      0,
      0,
      0,
      0
    ],
    "description": "Causes the Helios Sentinel to attack enemy targets using pieces of itself.",
    "disposition": 4,
    "fireRate": 1.3333334,
    "imageName": "deconstructor-d7559eb017.png",
    "introduced": {
      "name": "Update 12.5",
      "url": "https://wiki.warframe.com/w/Update_12%23Update_12.5",
      "aliases": [
        "12.5",
        "12.5.0"
      ],
      "parent": "12.5",
      "date": "2014-03-19"
    },
    "isPrime": false,
    "masterable": true,
    "masteryReq": 0,
    "name": "Deconstructor",
    "noise": "Alarming",
    "omegaAttenuation": 1.25,
    "patchlogs": [
      {
        "name": "Echoes of War: Banshee & Mirage Prime Vault: Hotfix 31.1.3",
        "date": "2022-02-15T19:03:51Z",
        "url": "https://forums.warframe.com/topic/1300539-echoes-of-war-banshee-mirage-prime-vault-hotfix-3113/",
        "additions": "",
        "changes": "Deconstructor Prime\nDeconstructor Prime\nBanshee Prime, Mirage Prime, Euphona Prime, Kogake Prime, Akbolto Prime, Helios Prime, and Deconstructor Prime Relics have been added to the drop tables! These Relics have replaced the Rhino Prime & Nyx Prime, Relics in the Void drop tables, Bounties, and Relic Packs.",
        "fixes": ""
      },
      {
        "name": "Update 30.5: Sisters of Parvos",
        "date": "2021-07-06T15:02:10Z",
        "url": "https://forums.warframe.com/topic/1269749-update-305-sisters-of-parvos/",
        "additions": "",
        "changes": "The Sisters of Parvos update will bring three new Modular Hound Companions, each with a unique Melee weapon. While reviewing these Companion Weapons, we noticed the Helios-old problem that there’s a lot of Melee Mods that you can equip, but don’t really function on companion Melee. There’s also some ‘invisible gear hopping’ where if you put Mods on your Deconstructor (or Prime), they carry over to your Melee which is a many-year-old oversight we’ve lived with, but are approaching changes more thoroughly with this Update and as a result we’re patching up this behaviour.\nThese are mostly Mods that deal with combos or heavy attacks, since Companions do not have these features as well as other certain outliers. As a result the following Mods will be incompatible with the upcoming three Hound weapons and retroactively will no longer work with the Deconstructor and Deconstructor Prime:",
        "fixes": ""
      },
      {
        "name": "Update 29.10.0: Corpus Proxima & The New Railjack",
        "date": "2021-03-19T15:18:34Z",
        "url": "https://forums.warframe.com/topic/1253565-update-29100-corpus-proxima-the-new-railjack/",
        "additions": "",
        "changes": "",
        "fixes": "Fixed the Deconstructor’s description not indicating that it deals Puncture or Slash damage. "
      },
      {
        "name": "Deimos: Arcana: Prime Vault 29.5.9",
        "date": "2020-12-15T18:58:49Z",
        "url": "https://forums.warframe.com/topic/1240704-deimos-arcana-prime-vault-2959/",
        "additions": "",
        "changes": "Banshee Prime, Mirage Prime, Euphona Prime, Kogake Prime, Akbolto Prime, Helios Prime, and Deconstructor Prime Relics have been added to the drop tables!",
        "fixes": ""
      },
      {
        "name": "Deimos: Arcana: Hotfix 29.5.3",
        "date": "2020-11-23T22:24:37Z",
        "url": "https://forums.warframe.com/topic/1237408-deimos-arcana-hotfix-2953/",
        "additions": "",
        "changes": "Deconstructor can no longer equip Volatile Quick Return and Volatile Rebound.\nDeconstructor projectiles do not have any explosive properties so the Mods did nothing.",
        "fixes": ""
      },
      {
        "name": "Warframe Update 22: Plains of Eidolon",
        "date": "2017-10-12T22:00:20Z",
        "url": "https://forums.warframe.com/topic/854253-warframe-update-22-plains-of-eidolon/",
        "additions": "",
        "changes": "",
        "fixes": "Fixed the Arsenal displaying a ‘Charged Throw’ stat when Modding a Sentinel with Deconstructor or Deconstructor Prime. "
      },
      {
        "name": "The Pacifism Defect: Update 19.12.0",
        "date": "2017-03-02T22:20:36Z",
        "url": "https://forums.warframe.com/topic/768600-the-pacifism-defect-update-19120/",
        "additions": "",
        "changes": "Deconstructor Prime can now be used on non-Prime Helios. ",
        "fixes": "Fixed being able to equip Deconstructor on a Sentinel that is not Helios. "
      },
      {
        "name": "Banshee Prime: Hotfix 19.11.5 + 19.11.6",
        "date": "2017-02-28T22:44:49Z",
        "url": "https://forums.warframe.com/topic/767736-banshee-prime-hotfix-19115-19116/",
        "additions": "",
        "changes": "",
        "fixes": "Fixed a bug where non-Helios Sentinels could equip the Deconstructor when randomizing their loadout."
      },
      {
        "name": "The War Within: Hotfix 19.0.2",
        "date": "2016-11-13T03:16:00Z",
        "url": "https://forums.warframe.com/topic/717209-the-war-within-hotfix-1902/",
        "additions": "",
        "changes": "Reduced the damage of Helios' Deconstructor in The War Within quest.",
        "fixes": ""
      },
      {
        "name": "Update 18.9.0",
        "date": "2016-04-20T21:39:18Z",
        "url": "https://forums.warframe.com/topic/639851-update-1890/",
        "additions": "",
        "changes": "",
        "fixes": "•    Fixed Helios’ Deconstructor not continuously firing as per: https://forums.warframe.com/topic/626340-broken-deconstructor/"
      },
      {
        "name": "Hotfix 16.5.6",
        "date": "2015-05-19T19:46:51Z",
        "url": "https://forums.warframe.com/topic/461080-hotfix-1656/",
        "additions": "",
        "changes": "",
        "fixes": "Fixed Helios not attacking enemies when equipped with the Deconstructor."
      },
      {
        "name": "Update 14.5: Operation Cryotic Front!",
        "date": "2014-08-28T13:39:34Z",
        "url": "https://forums.warframe.com/topic/298960-update-145-operation-cryotic-front/",
        "additions": "",
        "changes": "",
        "fixes": "• Fixed issues with blank “Trigger” types in the UI for Penta, Castanas and Deconstructor."
      }
    ],
    "procChance": 0.25,
    "productCategory": "SentinelWeapons",
    "releaseDate": "2014-03-19",
    "sentinel": true,
    "slot": 1,
    "tags": [
      "Tenno"
    ],
    "totalDamage": 130,
    "tradable": false,
    "type": "Companion Weapon",
    "uniqueName": "/Lotus/Types/Sentinels/SentinelWeapons/SentGlaiveWeapon",
    "wikiAvailable": true,
    "wikiaThumbnail": "https://wiki.warframe.com/images/Deconstructor.png?e4ae2",
    "wikiaUrl": "https://wiki.warframe.com/w/Deconstructor"
  },
  {
    "attacks": [
      {
        "name": "First Attack",
        "speed": 1.33,
        "crit_chance": 0,
        "crit_mult": 1,
        "status_chance": 25,
        "shot_type": "Projectile",
        "shot_speed": 40,
        "flight": 40,
        "damage": {
          "impact": 160
        }
      },
      {
        "name": "Second Attack",
        "speed": 1.33,
        "crit_chance": 0,
        "crit_mult": 1,
        "status_chance": 25,
        "shot_type": "Projectile",
        "shot_speed": 40,
        "flight": 40,
        "damage": {
          "puncture": 160
        }
      },
      {
        "name": "Third Attack",
        "speed": 1.33,
        "crit_chance": 0,
        "crit_mult": 1,
        "status_chance": 25,
        "shot_type": "Projectile",
        "shot_speed": 40,
        "flight": 40,
        "damage": {
          "slash": 160
        }
      }
    ],
    "category": "Primary",
    "criticalChance": 0,
    "criticalMultiplier": 1,
    "damage": {
      "total": 160,
      "impact": 160,
      "puncture": 0,
      "slash": 0,
      "heat": 0,
      "cold": 0,
      "electricity": 0,
      "toxin": 0,
      "blast": 0,
      "radiation": 0,
      "gas": 0,
      "magnetic": 0,
      "viral": 0,
      "corrosive": 0,
      "void": 0,
      "tau": 0,
      "cinematic": 0,
      "shieldDrain": 0,
      "healthDrain": 0,
      "energyDrain": 0,
      "true": 0
    },
    "damagePerShot": [
      160,
      0,
      0,
      0,
      0,
      0,
      0,
      0,
      0,
      0,
      0,
      0,
      0,
      0,
      0,
      0,
      0,
      0,
      0,
      0
    ],
    "description": "Allows the Helios Prime to violently disassemble and turn itself into a deadly projectile.",
    "disposition": 4,
    "fireRate": 1.3333334,
    "imageName": "deconstructor-prime-d0433f6f37.png",
    "introduced": {
      "name": "Hotfix 19.11.5",
      "url": "https://wiki.warframe.com/w/Update_19%23Hotfix_19.11.5",
      "aliases": [
        "19.11.5"
      ],
      "parent": "19.5",
      "date": "2017-02-28"
    },
    "isPrime": true,
    "masterable": true,
    "masteryReq": 0,
    "name": "Deconstructor Prime",
    "noise": "Alarming",
    "omegaAttenuation": 1.25,
    "patchlogs": [
      {
        "name": "Echoes of War: Banshee & Mirage Prime Vault: Hotfix 31.1.3",
        "date": "2022-02-15T19:03:51Z",
        "url": "https://forums.warframe.com/topic/1300539-echoes-of-war-banshee-mirage-prime-vault-hotfix-3113/",
        "additions": "",
        "changes": "Deconstructor Prime\nDeconstructor Prime\nBanshee Prime, Mirage Prime, Euphona Prime, Kogake Prime, Akbolto Prime, Helios Prime, and Deconstructor Prime Relics have been added to the drop tables! These Relics have replaced the Rhino Prime & Nyx Prime, Relics in the Void drop tables, Bounties, and Relic Packs.",
        "fixes": ""
      },
      {
        "name": "Update 30.5: Sisters of Parvos",
        "date": "2021-07-06T15:02:10Z",
        "url": "https://forums.warframe.com/topic/1269749-update-305-sisters-of-parvos/",
        "additions": "",
        "changes": "These are mostly Mods that deal with combos or heavy attacks, since Companions do not have these features as well as other certain outliers. As a result the following Mods will be incompatible with the upcoming three Hound weapons and retroactively will no longer work with the Deconstructor and Deconstructor Prime:",
        "fixes": ""
      },
      {
        "name": "Deimos: Arcana: Prime Vault 29.5.9",
        "date": "2020-12-15T18:58:49Z",
        "url": "https://forums.warframe.com/topic/1240704-deimos-arcana-prime-vault-2959/",
        "additions": "",
        "changes": "Banshee Prime, Mirage Prime, Euphona Prime, Kogake Prime, Akbolto Prime, Helios Prime, and Deconstructor Prime Relics have been added to the drop tables!",
        "fixes": ""
      },
      {
        "name": "Warframe Update 22: Plains of Eidolon",
        "date": "2017-10-12T22:00:20Z",
        "url": "https://forums.warframe.com/topic/854253-warframe-update-22-plains-of-eidolon/",
        "additions": "",
        "changes": "",
        "fixes": "Fixed the Arsenal displaying a ‘Charged Throw’ stat when Modding a Sentinel with Deconstructor or Deconstructor Prime. "
      },
      {
        "name": "The Pacifism Defect: Update 19.12.0",
        "date": "2017-03-02T22:20:36Z",
        "url": "https://forums.warframe.com/topic/768600-the-pacifism-defect-update-19120/",
        "additions": "",
        "changes": "Deconstructor Prime can now be used on non-Prime Helios. ",
        "fixes": ""
      }
    ],
    "procChance": 0.25,
    "productCategory": "SentinelWeapons",
    "releaseDate": "2017-02-28",
    "sentinel": true,
    "slot": 1,
    "tags": [
      "Prime",
      "Vaulted"
    ],
    "totalDamage": 160,
    "tradable": false,
    "type": "Companion Weapon",
    "uniqueName": "/Lotus/Types/Sentinels/SentinelWeapons/DeconstructorPrime/PrimeHeliosGlaiveWeapon",
    "vaulted": true,
    "wikiAvailable": true,
    "wikiaThumbnail": "https://wiki.warframe.com/images/DeconstructorPrime.png?54c42",
    "wikiaUrl": "https://wiki.warframe.com/w/Deconstructor_Prime"
  },
  {
    "accuracy": 100,
    "attacks": [
      {
        "name": "Normal Attack",
        "speed": 8.33,
        "crit_chance": 5,
        "crit_mult": 2,
        "status_chance": 1,
        "shot_type": "Hit-Scan",
        "damage": {
          "impact": 1.5,
          "slash": 12.75,
          "puncture": 0.75
        }
      }
    ],
    "category": "Primary",
    "criticalChance": 0.050000001,
    "criticalMultiplier": 2,
    "damage": {
      "total": 15,
      "impact": 1.5,
      "puncture": 12.75,
      "slash": 0.75,
      "heat": 0,
      "cold": 0,
      "electricity": 0,
      "toxin": 0,
      "blast": 0,
      "radiation": 0,
      "gas": 0,
      "magnetic": 0,
      "viral": 0,
      "corrosive": 0,
      "void": 0,
      "tau": 0,
      "cinematic": 0,
      "shieldDrain": 0,
      "healthDrain": 0,
      "energyDrain": 0,
      "true": 0
    },
    "damagePerShot": [
      1.5,
      0.75,
      12.75,
      0,
      0,
      0,
      0,
      0,
      0,
      0,
      0,
      0,
      0,
      0,
      0,
      0,
      0,
      0,
      0,
      0
    ],
    "description": "Standard issue weaponry signature to Dethcube.",
    "disposition": 5,
    "fireRate": 8.333334,
    "imageName": "deth-machine-rifle-2353c453b6.png",
    "introduced": {
      "name": "Update 8.0",
      "url": "https://wiki.warframe.com/w/Update_8%23Update_8.0",
      "aliases": [
        "8",
        "8.0",
        "Update 8"
      ],
      "parent": "8.0",
      "date": "2013-05-23"
    },
    "isPrime": false,
    "magazineSize": 100,
    "masterable": true,
    "masteryReq": 0,
    "multishot": 1,
    "name": "Deth Machine Rifle",
    "noise": "Alarming",
    "omegaAttenuation": 1.455,
    "patchlogs": [
      {
        "name": "Star Days: Update 29.8.0",
        "date": "2021-02-11T18:57:30Z",
        "url": "https://forums.warframe.com/topic/1248934-star-days-update-2980/",
        "additions": "",
        "changes": "",
        "fixes": "Fixed Deth Machine Rifle missing tracer FX."
      },
      {
        "name": "Fortuna: Hotfix 24.2.8",
        "date": "2019-01-15T14:46:54Z",
        "url": "https://forums.warframe.com/topic/1054314-fortuna-hotfix-2428/",
        "additions": "",
        "changes": "",
        "fixes": "Fixed Deth Machine Rifle sound not playing at high rates of fire."
      },
      {
        "name": "Mask of the Revenant: Update 23.6.0",
        "date": "2018-08-30T16:04:42Z",
        "url": "https://forums.warframe.com/topic/1003787-mask-of-the-revenant-update-2360/",
        "additions": "",
        "changes": "",
        "fixes": "Tweaked Deth Machine Rifle sounds to handle high fire-rates better."
      },
      {
        "name": "Update 12: Zephyr Rises",
        "date": "2014-02-06T03:19:59Z",
        "url": "https://forums.warframe.com/topic/172913-update-12-zephyr-rises/",
        "additions": "",
        "changes": "Sentinel Deth Machine Rifle weapon now has 5% crit chance.",
        "fixes": ""
      }
    ],
    "procChance": 0.0099999905,
    "productCategory": "SentinelWeapons",
    "releaseDate": "2013-05-23",
    "reloadTime": 2,
    "sentinel": true,
    "slot": 1,
    "tags": [
      "Tenno"
    ],
    "totalDamage": 15,
    "tradable": false,
    "trigger": "Auto",
    "type": "Companion Weapon",
    "uniqueName": "/Lotus/Types/Sentinels/SentinelWeapons/DethMachineRifle",
    "wikiAvailable": true,
    "wikiaThumbnail": "https://wiki.warframe.com/images/DethMachineRifle.png?1398a",
    "wikiaUrl": "https://wiki.warframe.com/w/Deth_Machine_Rifle"
  },
  {
    "accuracy": 100,
    "attacks": [
      {
        "name": "Normal Attack",
        "speed": 10,
        "crit_chance": 10,
        "crit_mult": 2,
        "status_chance": 4,
        "shot_type": "Hit-Scan",
        "damage": {
          "impact": 2,
          "slash": 17,
          "puncture": 1
        }
      }
    ],
    "category": "Primary",
    "criticalChance": 0.1,
    "criticalMultiplier": 2,
    "damage": {
      "total": 20,
      "impact": 2,
      "puncture": 17,
      "slash": 1,
      "heat": 0,
      "cold": 0,
      "electricity": 0,
      "toxin": 0,
      "blast": 0,
      "radiation": 0,
      "gas": 0,
      "magnetic": 0,
      "viral": 0,
      "corrosive": 0,
      "void": 0,
      "tau": 0,
      "cinematic": 0,
      "shieldDrain": 0,
      "healthDrain": 0,
      "energyDrain": 0,
      "true": 0
    },
    "damagePerShot": [
      2,
      1,
      17,
      0,
      0,
      0,
      0,
      0,
      0,
      0,
      0,
      0,
      0,
      0,
      0,
      0,
      0,
      0,
      0,
      0
    ],
    "description": "Signature default weapon of Dethcube Prime.",
    "disposition": 5,
    "fireRate": 10.000001,
    "imageName": "deth-machine-rifle-prime-7b2e679d67.png",
    "introduced": {
      "name": "Update 25.8",
      "url": "https://wiki.warframe.com/w/Update_25%23Update_25.8",
      "aliases": [
        "25.8",
        "25.8.0"
      ],
      "parent": "25.8",
      "date": "2019-10-01"
    },
    "isPrime": true,
    "magazineSize": 100,
    "masterable": true,
    "masteryReq": 0,
    "multishot": 1,
    "name": "Deth Machine Rifle Prime",
    "noise": "Alarming",
    "omegaAttenuation": 1.455,
    "procChance": 0.040000021,
    "productCategory": "SentinelWeapons",
    "releaseDate": "2019-10-01",
    "reloadTime": 2,
    "sentinel": true,
    "slot": 1,
    "tags": [
      "Prime"
    ],
    "totalDamage": 20,
    "tradable": false,
    "trigger": "Auto",
    "type": "Companion Weapon",
    "uniqueName": "/Lotus/Types/Sentinels/SentinelWeapons/PrimeDethMachineRifle",
    "vaulted": false,
    "wikiAvailable": true,
    "wikiaThumbnail": "https://wiki.warframe.com/images/DethMachineRiflePrime.png?2fe50",
    "wikiaUrl": "https://wiki.warframe.com/w/Deth_Machine_Rifle_Prime"
  },
  {
    "accuracy": 100,
    "attacks": [
      {
        "name": "Normal Attack",
        "speed": 0.25,
        "crit_chance": 5,
        "crit_mult": 1.5,
        "status_chance": 30,
        "shot_type": "Projectile",
        "shot_speed": 10,
        "flight": 10,
        "damage": {
          "impact": 4.95,
          "puncture": 4.05
        }
      },
      {
        "name": "Explosion",
        "speed": 0.25,
        "crit_chance": 5,
        "crit_mult": 1.5,
        "status_chance": 30,
        "shot_type": "AoE",
        "damage": {
          "impact": 6,
          "heat": 24
        }
      }
    ],
    "buildPrice": 50000,
    "buildQuantity": 1,
    "buildTime": 86400,
    "category": "Primary",
    "components": [
      {
        "uniqueName": "/Lotus/Types/Recipes/Weapons/SwarmerWeaponBlueprint",
        "name": "Blueprint",
        "description": "Launches a swarm of micro-missiles.",
        "itemCount": 1,
        "imageName": "blueprint.png",
        "tradable": false,
        "masterable": false,
        "drops": [
          {
            "chance": 1,
            "location": "Solaris United (Legs), Old Mate",
            "rarity": "Common",
            "type": "Helstrum Blueprint"
          }
        ]
      },
      {
        "uniqueName": "/Lotus/Types/Items/Fish/Solaris/FishParts/SolarisFishNeuralRelayItem",
        "name": "Recaster Neural Relay",
        "description": "Interprets signals from other mechanical organisms.\n\nSource: Dismantled from Recaster servofish via The Business in Fortuna (Venus). Catch Recaster in Orb Vallis pond hotspots during Cold weather. Also drops from resource containers across the Orb Vallis.",
        "itemCount": 10,
        "imageName": "recaster-neural-relay-1b48a2c2e8.png",
        "tradable": false,
        "masterable": false,
        "drops": []
      },
      {
        "uniqueName": "/Lotus/Types/Items/Gems/Solaris/SolarisRareGemACutItem",
        "name": "Star Amarast",
        "description": "Polished and cut to perfection.\n\nBlueprint sold by Smokefinger in Fortuna on Venus.",
        "itemCount": 10,
        "imageName": "star-amarast-303ac88720.png",
        "tradable": false,
        "drops": [],
        "masterable": false
      },
      {
        "uniqueName": "/Lotus/Types/Items/Gems/Eidolon/RareGemACutAItem",
        "name": "Star Crimzian",
        "description": "Polished and cut to perfection.\n\nBlueprint sold by Old Man Suumbaat in Cetus on Earth.",
        "itemCount": 10,
        "imageName": "star-crimzian-d9b1d2eb7b.png",
        "tradable": false,
        "drops": [],
        "masterable": false
      },
      {
        "uniqueName": "/Lotus/Types/Items/Fish/Solaris/FishParts/OrokinFishEcosynthAnalyzerItem",
        "name": "Synathid Ecosynth Analyzer",
        "description": "A processing unit that efficiently monitors environmental data.\n\nSource: Dismantled from Synathid servofish via The Business in Fortuna (Venus). Catch Synathid in Orb Vallis cave hotspots during any weather. Also drops from the Exploiter Orb in the Orb Vallis.",
        "itemCount": 1,
        "imageName": "synathid-ecosynth-analyzer-7d16a973c9.png",
        "tradable": false,
        "drops": [],
        "masterable": false
      }
    ],
    "consumeOnBuild": true,
    "criticalChance": 0.050000001,
    "criticalMultiplier": 1.5,
    "damage": {
      "total": 39,
      "impact": 10.95,
      "puncture": 0,
      "slash": 4.0499997,
      "heat": 24,
      "cold": 0,
      "electricity": 0,
      "toxin": 0,
      "blast": 0,
      "radiation": 0,
      "gas": 0,
      "magnetic": 0,
      "viral": 0,
      "corrosive": 0,
      "void": 0,
      "tau": 0,
      "cinematic": 0,
      "shieldDrain": 0,
      "healthDrain": 0,
      "energyDrain": 0,
      "true": 0
    },
    "damagePerShot": [
      10.95,
      4.0499997,
      0,
      24,
      0,
      0,
      0,
      0,
      0,
      0,
      0,
      0,
      0,
      0,
      0,
      0,
      0,
      0,
      0,
      0
    ],
    "description": "Launches a swarm of micro-missiles.",
    "disposition": 3,
    "fireRate": 0.90909088,
    "imageName": "helstrum-a9d9db9a71.png",
    "introduced": {
      "name": "Update 28.0",
      "url": "https://wiki.warframe.com/w/Update_28%23Update_28.0",
      "aliases": [
        "28.0",
        "28",
        "The Deadlock Protocol"
      ],
      "parent": "28.0",
      "date": "2020-06-11"
    },
    "isPrime": false,
    "masterable": true,
    "masteryReq": 0,
    "multishot": 1,
    "name": "Helstrum",
    "noise": "Alarming",
    "omegaAttenuation": 1,
    "patchlogs": [
      {
        "name": "Update 30.9.0: Prime Resurgence",
        "date": "2021-11-11T13:33:32Z",
        "url": "https://forums.warframe.com/topic/1286070-update-3090-prime-resurgence/",
        "additions": "",
        "changes": "",
        "fixes": "Fixed the Terminal Velocity Mod not applying projectile velocity changes to Sentinels using the Helstrum weapon. "
      },
      {
        "name": "Heart of Deimos: Hotfix 29.1.2 + Hotfix 29.1.2.1",
        "date": "2020-09-22T17:35:35Z",
        "url": "https://forums.warframe.com/topic/1227236-heart-of-deimos-hotfix-2912-hotfix-29121/",
        "additions": "",
        "changes": "",
        "fixes": "Fixed some Sentinel and Moa Weapon types not getting affected by Magazine related Mods (notably Helstrum)."
      },
      {
        "name": "The Deadlock Protocol: Hotfix 28.0.3",
        "date": "2020-06-12T20:10:06Z",
        "url": "https://forums.warframe.com/topic/1200099-the-deadlock-protocol-hotfix-2803/",
        "additions": "",
        "changes": "",
        "fixes": "Fixed the Helstrum dealing self-damage to the Companion that it is equipped on."
      },
      {
        "name": "The Deadlock Protocol: Hotfix 28.0.2",
        "date": "2020-06-12T00:17:00Z",
        "url": "https://forums.warframe.com/topic/1199763-the-deadlock-protocol-hotfix-2802/",
        "additions": "",
        "changes": "",
        "fixes": "Fixed Helstrum missing from the Codex and an inability to Chat link it."
      }
    ],
    "polarities": [
      "madurai"
    ],
    "procChance": 0.30000001,
    "productCategory": "SentinelWeapons",
    "releaseDate": "2020-06-11",
    "reloadTime": 2,
    "sentinel": true,
    "skipBuildTimePrice": 25,
    "slot": 1,
    "tags": [
      "Corpus"
    ],
    "totalDamage": 39,
    "tradable": false,
    "trigger": "Burst",
    "type": "Companion Weapon",
    "uniqueName": "/Lotus/Types/Friendly/Pets/MoaPets/MoaPetComponents/SwarmerWeapon",
    "wikiAvailable": true,
    "wikiaThumbnail": "https://wiki.warframe.com/images/Helstrum.png?ceaa7",
    "wikiaUrl": "https://wiki.warframe.com/w/Helstrum"
  },
  {
    "attacks": [
      {
        "name": "Normal Attack",
        "speed": 1,
        "crit_chance": 10,
        "crit_mult": 3,
        "status_chance": 15,
        "damage": {
          "impact": 150,
          "slash": 150
        }
      }
    ],
    "blockingAngle": 90,
    "category": "Primary",
    "criticalChance": 0.1,
    "criticalMultiplier": 3,
    "damage": {
      "total": 300,
      "impact": 150,
      "puncture": 150,
      "slash": 0,
      "heat": 0,
      "cold": 0,
      "electricity": 0,
      "toxin": 0,
      "blast": 0,
      "radiation": 0,
      "gas": 0,
      "magnetic": 0,
      "viral": 0,
      "corrosive": 0,
      "void": 0,
      "tau": 0,
      "cinematic": 0,
      "shieldDrain": 0,
      "healthDrain": 0,
      "energyDrain": 0,
      "true": 0
    },
    "damagePerShot": [
      150,
      0,
      150,
      0,
      0,
      0,
      0,
      0,
      0,
      0,
      0,
      0,
      0,
      0,
      0,
      0,
      0,
      0,
      0,
      0
    ],
    "description": "Hound melee attacks devastate with <DT_IMPACT_COLOR>Impact and <DT_SLASH_COLOR>Slash Damage.",
    "disposition": 3,
    "excludeFromCodex": true,
    "fireRate": 1,
    "imageName": "lacerten-9f21176710.png",
    "introduced": {
      "name": "Update 30.5",
      "url": "https://wiki.warframe.com/w/Update_30%23Update_30.5",
      "aliases": [
        "30.5"
      ],
      "parent": "30.5",
      "date": "2021-07-06"
    },
    "isPrime": false,
    "masterable": true,
    "masteryReq": 0,
    "name": "Lacerten",
    "omegaAttenuation": 1,
    "procChance": 0.14999998,
    "productCategory": "SentinelWeapons",
    "releaseDate": "2021-07-06",
    "sentinel": true,
    "slot": 1,
    "tags": [],
    "totalDamage": 300,
    "tradable": false,
    "type": "Companion Weapon",
    "uniqueName": "/Lotus/Types/Friendly/Pets/ZanukaPets/ZanukaPetMeleeWeaponIS",
    "wikiAvailable": true,
    "wikiaThumbnail": "https://wiki.warframe.com/images/Lacerten.png?bfb5f",
    "wikiaUrl": "https://wiki.warframe.com/w/Lacerten"
  },
  {
    "accuracy": 100,
    "attacks": [
      {
        "name": "Normal Attack",
        "speed": 5,
        "crit_chance": 17,
        "crit_mult": 1.8,
        "status_chance": 7.5,
        "shot_type": "Projectile",
        "shot_speed": 40,
        "flight": 40,
        "damage": {
          "impact": 4.5,
          "slash": 4.5,
          "puncture": 36
        }
      }
    ],
    "category": "Primary",
    "criticalChance": 0.17,
    "criticalMultiplier": 1.75,
    "damage": {
      "total": 45,
      "impact": 4.5,
      "puncture": 4.4999986,
      "slash": 36,
      "heat": 0,
      "cold": 0,
      "electricity": 0,
      "toxin": 0,
      "blast": 0,
      "radiation": 0,
      "gas": 0,
      "magnetic": 0,
      "viral": 0,
      "corrosive": 0,
      "void": 0,
      "tau": 0,
      "cinematic": 0,
      "shieldDrain": 0,
      "healthDrain": 0,
      "energyDrain": 0,
      "true": 0
    },
    "damagePerShot": [
      4.5,
      36,
      4.4999986,
      0,
      0,
      0,
      0,
      0,
      0,
      0,
      0,
      0,
      0,
      0,
      0,
      0,
      0,
      0,
      0,
      0
    ],
    "description": "A laser rifle developed by reverse-engineering Corpus technology.",
    "disposition": 4,
    "fireRate": 5.0000005,
    "imageName": "laser-rifle-7d7fefefc2.png",
    "introduced": {
      "name": "Update 7.0",
      "url": "https://wiki.warframe.com/w/Update_7%23Update_7",
      "aliases": [
        "7",
        "7.0",
        "Update 7"
      ],
      "parent": "7.0",
      "date": "2013-03-18"
    },
    "isPrime": false,
    "magazineSize": 20,
    "masterable": true,
    "masteryReq": 0,
    "multishot": 1,
    "name": "Laser Rifle",
    "noise": "Alarming",
    "omegaAttenuation": 1.21,
    "patchlogs": [
      {
        "name": "Nights of Naberus: Update 30.8.0",
        "date": "2021-10-04T18:05:14Z",
        "url": "https://forums.warframe.com/topic/1283036-nights-of-naberus-update-3080/",
        "additions": "",
        "changes": "",
        "fixes": "Fixed the Prime Laser Rifle icon image in the Inventory appearing the same as its normal variant."
      }
    ],
    "procChance": 0.074999988,
    "productCategory": "SentinelWeapons",
    "releaseDate": "2013-03-18",
    "reloadTime": 1,
    "sentinel": true,
    "slot": 1,
    "tags": [
      "Tenno"
    ],
    "totalDamage": 45,
    "tradable": false,
    "trigger": "Auto",
    "type": "Companion Weapon",
    "uniqueName": "/Lotus/Types/Sentinels/SentinelWeapons/LaserRifle",
    "wikiAvailable": true,
    "wikiaThumbnail": "https://wiki.warframe.com/images/LaserRifle.png?5c7e7",
    "wikiaUrl": "https://wiki.warframe.com/w/Laser_Rifle"
  },
  {
    "accuracy": 18.181818,
    "attacks": [
      {
        "name": "Projectile Impact",
        "speed": 2.5,
        "crit_chance": 15,
        "crit_mult": 2,
        "status_chance": 22,
        "shot_type": "Projectile",
        "shot_speed": 40,
        "flight": 40,
        "damage": {
          "puncture": 10
        }
      },
      {
        "name": "Radial Attack",
        "speed": 2.5,
        "crit_chance": 15,
        "crit_mult": 2,
        "status_chance": 22,
        "shot_type": "AoE",
        "falloff": {
          "start": 0,
          "end": 3.5,
          "reduction": 0.5
        },
        "damage": {
          "blast": 100
        }
      }
    ],
    "category": "Primary",
    "criticalChance": 0.15000001,
    "criticalMultiplier": 2,
    "damage": {
      "total": 10,
      "impact": 0,
      "puncture": 0,
      "slash": 10,
      "heat": 0,
      "cold": 0,
      "electricity": 0,
      "toxin": 0,
      "blast": 0,
      "radiation": 0,
      "gas": 0,
      "magnetic": 0,
      "viral": 0,
      "corrosive": 0,
      "void": 0,
      "tau": 0,
      "cinematic": 0,
      "shieldDrain": 0,
      "healthDrain": 0,
      "energyDrain": 0,
      "true": 0
    },
    "damagePerShot": [
      0,
      10,
      0,
      0,
      0,
      0,
      0,
      0,
      0,
      0,
      0,
      0,
      0,
      0,
      0,
      0,
      0,
      0,
      0,
      0
    ],
    "description": "Launches a volley of bomb darts that embed themselves in targets, exploding a short time later.",
    "disposition": 3,
    "fireRate": 1.875,
    "imageName": "multron-d133e0fc4e.png",
    "introduced": {
      "name": "Update 24.0",
      "url": "https://wiki.warframe.com/w/Update_24%23Update_24.0",
      "aliases": [
        "24",
        "24.0",
        "Fortuna"
      ],
      "parent": "24.0",
      "date": "2018-11-08"
    },
    "isPrime": false,
    "magazineSize": 3,
    "masterable": true,
    "masteryReq": 3,
    "multishot": 1,
    "name": "Multron",
    "noise": "Alarming",
    "omegaAttenuation": 1,
    "polarities": [
      "madurai"
    ],
    "procChance": 0.22000003,
    "productCategory": "SentinelWeapons",
    "releaseDate": "2018-11-08",
    "reloadTime": 3,
    "sentinel": true,
    "slot": 1,
    "tags": [
      "Corpus"
    ],
    "totalDamage": 10,
    "tradable": false,
    "trigger": "Burst",
    "type": "Companion Weapon",
    "uniqueName": "/Lotus/Types/Friendly/Pets/MoaPets/MoaPetComponents/HextraWeapon",
    "wikiAvailable": true,
    "wikiaThumbnail": "https://wiki.warframe.com/images/Multron.png?269b5",
    "wikiaUrl": "https://wiki.warframe.com/w/Multron"
  },
  {
    "accuracy": 100,
    "attacks": [
      {
        "name": "Normal Attack",
        "speed": 5,
        "crit_chance": 20,
        "crit_mult": 2,
        "status_chance": 10,
        "shot_type": "Projectile",
        "shot_speed": 40,
        "flight": 40,
        "damage": {
          "impact": 5.5,
          "slash": 11,
          "puncture": 38.5
        }
      }
    ],
    "category": "Primary",
    "criticalChance": 0.2,
    "criticalMultiplier": 2,
    "damage": {
      "total": 55,
      "impact": 5.5,
      "puncture": 10.999999,
      "slash": 38.5,
      "heat": 0,
      "cold": 0,
      "electricity": 0,
      "toxin": 0,
      "blast": 0,
      "radiation": 0,
      "gas": 0,
      "magnetic": 0,
      "viral": 0,
      "corrosive": 0,
      "void": 0,
      "tau": 0,
      "cinematic": 0,
      "shieldDrain": 0,
      "healthDrain": 0,
      "energyDrain": 0,
      "true": 0
    },
    "damagePerShot": [
      5.5,
      38.5,
      10.999999,
      0,
      0,
      0,
      0,
      0,
      0,
      0,
      0,
      0,
      0,
      0,
      0,
      0,
      0,
      0,
      0,
      0
    ],
    "description": "A Prime Laser Rifle.",
    "disposition": 4,
    "fireRate": 5.0000005,
    "imageName": "prime-laser-rifle-0d21517f99.png",
    "introduced": {
      "name": "Update 13.7",
      "url": "https://wiki.warframe.com/w/Update_13%23Update_13.7",
      "aliases": [
        "13.7.0",
        "13.7"
      ],
      "parent": "13.7",
      "date": "2014-06-11"
    },
    "isPrime": true,
    "magazineSize": 20,
    "masterable": true,
    "masteryReq": 0,
    "multishot": 1,
    "name": "Prime Laser Rifle",
    "noise": "Alarming",
    "omegaAttenuation": 1.21,
    "patchlogs": [
      {
        "name": "Nights of Naberus: Update 30.8.0",
        "date": "2021-10-04T18:05:14Z",
        "url": "https://forums.warframe.com/topic/1283036-nights-of-naberus-update-3080/",
        "additions": "",
        "changes": "",
        "fixes": "Fixed the Prime Laser Rifle icon image in the Inventory appearing the same as its normal variant."
      }
    ],
    "procChance": 0.10000002,
    "productCategory": "SentinelWeapons",
    "releaseDate": "2014-06-11",
    "reloadTime": 1,
    "sentinel": true,
    "slot": 1,
    "tags": [
      "Prime",
      "Vaulted"
    ],
    "totalDamage": 55,
    "tradable": false,
    "trigger": "Auto",
    "type": "Companion Weapon",
    "uniqueName": "/Lotus/Types/Sentinels/SentinelWeapons/PrimeLaserRifle",
    "wikiAvailable": true,
    "wikiaThumbnail": "https://wiki.warframe.com/images/PrimeLaserRifle.png?c0e6b",
    "wikiaUrl": "https://wiki.warframe.com/w/Prime_Laser_Rifle"
  },
  {
    "accuracy": 100,
    "attacks": [
      {
        "name": "Normal Attack",
        "speed": 1.5,
        "crit_chance": 18,
        "crit_mult": 2.1,
        "status_chance": 10,
        "shot_type": "Projectile",
        "shot_speed": 40,
        "flight": 40,
        "damage": {
          "impact": 2.2,
          "slash": 1.1,
          "puncture": 18.7
        }
      }
    ],
    "category": "Primary",
    "criticalChance": 0.18000001,
    "criticalMultiplier": 2.1500001,
    "damage": {
      "total": 22,
      "impact": 2.2,
      "puncture": 1.099999,
      "slash": 18.700001,
      "heat": 0,
      "cold": 0,
      "electricity": 0,
      "toxin": 0,
      "blast": 0,
      "radiation": 0,
      "gas": 0,
      "magnetic": 0,
      "viral": 0,
      "corrosive": 0,
      "void": 0,
      "tau": 0,
      "cinematic": 0,
      "shieldDrain": 0,
      "healthDrain": 0,
      "energyDrain": 0,
      "true": 0
    },
    "damagePerShot": [
      2.2,
      18.700001,
      1.099999,
      0,
      0,
      0,
      0,
      0,
      0,
      0,
      0,
      0,
      0,
      0,
      0,
      0,
      0,
      0,
      0,
      0
    ],
    "description": "Fires a small burst of lasers.",
    "disposition": 5,
    "fireRate": 2.1428571,
    "imageName": "prisma-burst-laser-f36d93dc39.png",
    "introduced": {
      "name": "Hotfix 17.2.2",
      "url": "https://wiki.warframe.com/w/Update_17%23Hotfix_17.2.2",
      "aliases": [
        "17.2.2"
      ],
      "parent": "17.2",
      "date": "2015-08-21"
    },
    "isPrime": false,
    "magazineSize": 15,
    "masterable": true,
    "masteryReq": 0,
    "multishot": 1,
    "name": "Prisma Burst Laser",
    "noise": "Alarming",
    "omegaAttenuation": 1.45,
    "patchlogs": [
      {
        "name": "Update 28: The Deadlock Protocol",
        "date": "2020-06-11T17:29:49Z",
        "url": "https://forums.warframe.com/topic/1199557-update-28-the-deadlock-protocol/",
        "additions": "",
        "changes": "",
        "fixes": "Fixed inability to trade Prisma Shade and Prisma Burst Laser."
      },
      {
        "name": "Warframe Revised: Railjack Revisited (Part 1): Update 27.4",
        "date": "2020-05-01T13:21:46Z",
        "url": "https://forums.warframe.com/topic/1189247-warframe-revised-railjack-revisited-part-1-update-274/",
        "additions": "",
        "changes": "",
        "fixes": "Fixed fire rate mods not working on the Prisma Burst Laser. "
      },
      {
        "name": "The Glast Gambit: Hotfix 19.6.1",
        "date": "2017-01-13T16:41:08Z",
        "url": "https://forums.warframe.com/topic/749385-the-glast-gambit-hotfix-1961/",
        "additions": "",
        "changes": "",
        "fixes": "Fixed not being able to equip a Burst Laser Riven Mod on the Prisma Burst Laser as per:"
      }
    ],
    "procChance": 0.10000002,
    "productCategory": "SentinelWeapons",
    "releaseDate": "2015-08-21",
    "reloadTime": 0.0099999998,
    "sentinel": true,
    "slot": 1,
    "tags": [
      "Tenno",
      "Prisma"
    ],
    "totalDamage": 22,
    "tradable": false,
    "trigger": "Burst",
    "type": "Companion Weapon",
    "uniqueName": "/Lotus/Types/Sentinels/SentinelWeapons/PrismaBurstLaserPistol",
    "wikiAvailable": true,
    "wikiaThumbnail": "https://wiki.warframe.com/images/PrismaBurstLaser.png?b324c",
    "wikiaUrl": "https://wiki.warframe.com/w/Prisma_Burst_Laser"
  },
  {
    "accuracy": 100,
    "attacks": [
      {
        "name": "Normal Attack",
        "speed": 3.33,
        "crit_chance": 2.5,
        "crit_mult": 1.5,
        "status_chance": 20,
        "shot_type": "Projectile",
        "shot_speed": 65,
        "flight": 65,
        "damage": {
          "toxin": 15
        }
      },
      {
        "name": "Toxin Embed",
        "speed": 1,
        "crit_chance": 2.5,
        "crit_mult": 1.5,
        "status_chance": 20,
        "shot_type": "DoT",
        "damage": {
          "toxin": 15
        }
      }
    ],
    "category": "Primary",
    "criticalChance": 0.025,
    "criticalMultiplier": 1.5,
    "damage": {
      "total": 30,
      "impact": 0,
      "puncture": 0,
      "slash": 0,
      "heat": 0,
      "cold": 0,
      "electricity": 0,
      "toxin": 30,
      "blast": 0,
      "radiation": 0,
      "gas": 0,
      "magnetic": 0,
      "viral": 0,
      "corrosive": 0,
      "void": 0,
      "tau": 0,
      "cinematic": 0,
      "shieldDrain": 0,
      "healthDrain": 0,
      "energyDrain": 0,
      "true": 0
    },
    "damagePerShot": [
      0,
      0,
      0,
      0,
      0,
      0,
      30,
      0,
      0,
      0,
      0,
      0,
      0,
      0,
      0,
      0,
      0,
      0,
      0,
      0
    ],
    "description": "Standard issue weapon for Djinn Sentinel. Fires <DT_POISON_COLOR>Toxin projectiles that embed into enemies and continuously deal damage for 3 seconds.",
    "disposition": 5,
    "fireRate": 3.3333335,
    "imageName": "stinger-ee12cc66f0.png",
    "introduced": {
      "name": "Update 10.0",
      "url": "https://wiki.warframe.com/w/Update_10%23Update_10.0",
      "aliases": [
        "Update 10",
        "10",
        "10.0"
      ],
      "parent": "10.0",
      "date": "2013-09-13"
    },
    "isPrime": false,
    "magazineSize": 4,
    "masterable": true,
    "masteryReq": 0,
    "multishot": 1,
    "name": "Stinger",
    "noise": "Alarming",
    "omegaAttenuation": 1.3150001,
    "patchlogs": [
      {
        "name": "The Jovian Concord: Hotfix 25.0.2 + 25.0.2.1",
        "date": "2019-05-23T20:41:54Z",
        "url": "https://forums.warframe.com/topic/1095724-the-jovian-concord-hotfix-2502-25021/",
        "additions": "",
        "changes": "",
        "fixes": "Fixed Nova Stinger and Nova Visage Helmet Energy color persisting as default."
      }
    ],
    "procChance": 0.19999999,
    "productCategory": "SentinelWeapons",
    "releaseDate": "2013-09-13",
    "reloadTime": 1.2,
    "sentinel": true,
    "slot": 1,
    "tags": [
      "Infested"
    ],
    "totalDamage": 30,
    "tradable": false,
    "trigger": "Semi",
    "type": "Companion Weapon",
    "uniqueName": "/Lotus/Types/Sentinels/SentinelWeapons/SentBioWeapon",
    "wikiAvailable": true,
    "wikiaThumbnail": "https://wiki.warframe.com/images/Stinger.png?59e3e",
    "wikiaUrl": "https://wiki.warframe.com/w/Stinger"
  },
  {
    "accuracy": 3.3333333,
    "attacks": [
      {
        "name": "Normal Attack",
        "speed": 1,
        "crit_chance": 10,
        "crit_mult": 1.8,
        "status_chance": 4.5,
        "shot_type": "Hit-Scan",
        "falloff": {
          "start": 200,
          "end": 300,
          "reduction": 0
        },
        "damage": {
          "impact": 29.75,
          "slash": 3.5,
          "puncture": 1.75
        }
      }
    ],
    "category": "Primary",
    "criticalChance": 0.1,
    "criticalMultiplier": 1.75,
    "damage": {
      "total": 35,
      "impact": 29.75,
      "puncture": 3.4999988,
      "slash": 1.75,
      "heat": 0,
      "cold": 0,
      "electricity": 0,
      "toxin": 0,
      "blast": 0,
      "radiation": 0,
      "gas": 0,
      "magnetic": 0,
      "viral": 0,
      "corrosive": 0,
      "void": 0,
      "tau": 0,
      "cinematic": 0,
      "shieldDrain": 0,
      "healthDrain": 0,
      "energyDrain": 0,
      "true": 0
    },
    "damagePerShot": [
      29.75,
      1.75,
      3.4999988,
      0,
      0,
      0,
      0,
      0,
      0,
      0,
      0,
      0,
      0,
      0,
      0,
      0,
      0,
      0,
      0,
      0
    ],
    "description": "Standard issue weapon for Carrier Sentinel. Fires shotgun rounds.",
    "disposition": 3,
    "fireRate": 1,
    "imageName": "sweeper-fccd860cbb.png",
    "introduced": {
      "name": "Update 10.0",
      "url": "https://wiki.warframe.com/w/Update_10%23Update_10.0",
      "aliases": [
        "Update 10",
        "10",
        "10.0"
      ],
      "parent": "10.0",
      "date": "2013-09-13"
    },
    "isPrime": false,
    "magazineSize": 10,
    "masterable": true,
    "masteryReq": 0,
    "multishot": 6,
    "name": "Sweeper",
    "noise": "Alarming",
    "omegaAttenuation": 1,
    "patchlogs": [
      {
        "name": "Fortuna: Update 24.0",
        "date": "2018-11-08T20:46:20Z",
        "url": "https://forums.warframe.com/topic/1025679-fortuna-update-240/",
        "additions": "",
        "changes": "We increased damage falloff range on the Sweeper Mod by 5m to allow it to work effectively with the Assault Mode Mod.",
        "fixes": ""
      },
      {
        "name": "Update 18.11.0 & 18.11.1",
        "date": "2016-05-11T20:30:34Z",
        "url": "https://forums.warframe.com/topic/647209-update-18110-18111/",
        "additions": "",
        "changes": "•    Tweaked the Sweeper Prime’s audio to make it feel more ‘Prime’. ",
        "fixes": ""
      },
      {
        "name": "Hotfix 11.0.2",
        "date": "2013-11-21T08:08:45Z",
        "url": "https://forums.warframe.com/topic/133476-hotfix-1102/",
        "additions": "",
        "changes": "",
        "fixes": "Sweeper Shotgun reduced damage (we did missions without firing a single shot, necessary balance)."
      }
    ],
    "polarities": [
      "madurai",
      "madurai"
    ],
    "procChance": 0.045000017,
    "productCategory": "SentinelWeapons",
    "releaseDate": "2013-09-13",
    "reloadTime": 2.3,
    "sentinel": true,
    "slot": 1,
    "tags": [
      "Tenno"
    ],
    "totalDamage": 35,
    "tradable": false,
    "trigger": "Auto",
    "type": "Companion Weapon",
    "uniqueName": "/Lotus/Types/Sentinels/SentinelWeapons/SentShotgun",
    "wikiAvailable": true,
    "wikiaThumbnail": "https://wiki.warframe.com/images/Sweeper.png?dd720",
    "wikiaUrl": "https://wiki.warframe.com/w/Sweeper"
  },
  {
    "accuracy": 3.3333333,
    "attacks": [
      {
        "name": "Normal Attack",
        "speed": 1,
        "crit_chance": 10,
        "crit_mult": 2.3,
        "status_chance": 5,
        "shot_type": "Hit-Scan",
        "falloff": {
          "start": 200,
          "end": 300,
          "reduction": 0
        },
        "damage": {
          "impact": 38.25,
          "slash": 4.5,
          "puncture": 2.25
        }
      }
    ],
    "category": "Primary",
    "criticalChance": 0.1,
    "criticalMultiplier": 2.25,
    "damage": {
      "total": 45,
      "impact": 38.25,
      "puncture": 4.4999986,
      "slash": 2.25,
      "heat": 0,
      "cold": 0,
      "electricity": 0,
      "toxin": 0,
      "blast": 0,
      "radiation": 0,
      "gas": 0,
      "magnetic": 0,
      "viral": 0,
      "corrosive": 0,
      "void": 0,
      "tau": 0,
      "cinematic": 0,
      "shieldDrain": 0,
      "healthDrain": 0,
      "energyDrain": 0,
      "true": 0
    },
    "damagePerShot": [
      38.25,
      2.25,
      4.4999986,
      0,
      0,
      0,
      0,
      0,
      0,
      0,
      0,
      0,
      0,
      0,
      0,
      0,
      0,
      0,
      0,
      0
    ],
    "description": "Standard issue weapon for Carrier Prime Sentinel. Fires shotgun rounds.",
    "disposition": 3,
    "fireRate": 1,
    "imageName": "sweeper-prime-0456686709.png",
    "introduced": {
      "name": "Update 16.11",
      "url": "https://wiki.warframe.com/w/Update_16%23Update_16.11",
      "aliases": [
        "16.11.0",
        "16.11"
      ],
      "parent": "16.11",
      "date": "2015-07-07"
    },
    "isPrime": true,
    "magazineSize": 20,
    "masterable": true,
    "masteryReq": 0,
    "multishot": 6,
    "name": "Sweeper Prime",
    "noise": "Alarming",
    "omegaAttenuation": 1,
    "patchlogs": [
      {
        "name": "Update 18.11.0 & 18.11.1",
        "date": "2016-05-11T20:30:34Z",
        "url": "https://forums.warframe.com/topic/647209-update-18110-18111/",
        "additions": "",
        "changes": "•    Tweaked the Sweeper Prime’s audio to make it feel more ‘Prime’. ",
        "fixes": ""
      }
    ],
    "polarities": [
      "madurai",
      "madurai"
    ],
    "procChance": 0.050000012,
    "productCategory": "SentinelWeapons",
    "releaseDate": "2015-07-07",
    "reloadTime": 2,
    "sentinel": true,
    "slot": 1,
    "tags": [
      "Prime",
      "Vaulted"
    ],
    "totalDamage": 45,
    "tradable": false,
    "trigger": "Auto",
    "type": "Companion Weapon",
    "uniqueName": "/Lotus/Types/Sentinels/SentinelWeapons/PrimeSentShotgun",
    "vaulted": true,
    "wikiAvailable": true,
    "wikiaThumbnail": "https://wiki.warframe.com/images/SweeperPrime.png?32225",
    "wikiaUrl": "https://wiki.warframe.com/w/Sweeper_Prime"
  },
  {
    "accuracy": 100,
    "attacks": [
      {
        "name": "Normal Attack",
        "speed": 12,
        "crit_chance": 5,
        "crit_mult": 1.5,
        "status_chance": 25,
        "shot_type": "Hit-Scan",
        "damage": {
          "electricity": 5
        }
      }
    ],
    "buildPrice": 50000,
    "buildQuantity": 1,
    "buildTime": 86400,
    "category": "Primary",
    "components": [
      {
        "uniqueName": "/Lotus/Types/Recipes/Weapons/SentinelTazronWeaponBlueprint",
        "name": "Blueprint",
        "description": "Releases a burst of static electricity that can jump between foes, incapacitating them.",
        "itemCount": 1,
        "imageName": "blueprint.png",
        "tradable": false,
        "masterable": false,
        "drops": [
          {
            "chance": 1,
            "location": "Solaris United (Legs), Old Mate",
            "rarity": "Common",
            "type": "Tazicor Blueprint"
          }
        ]
      },
      {
        "uniqueName": "/Lotus/Types/Items/Gems/Eidolon/CommonGemBCutAItem",
        "name": "Esher Devar",
        "description": "Polished and cut to perfection.\n\nBlueprint sold by Old Man Suumbaat in Cetus on Earth.",
        "itemCount": 10,
        "imageName": "esher-devar-7ea467cba3.png",
        "tradable": false,
        "drops": [],
        "masterable": false
      },
      {
        "uniqueName": "/Lotus/Types/Items/Fish/Solaris/FishParts/SolarisFishLatheCoogulantItem",
        "name": "Longwinder Lathe Coagulant",
        "description": "A liquid that mixes with coolant fluid to produce a resilient gel that repairs leaks.\n\nSource: Dismantled from Longwinder servofish via The Business in Fortuna (Venus). Catch Longwinder in Orb Vallis lake hotspots during Warm weather.",
        "itemCount": 5,
        "imageName": "longwinder-lathe-coagulant-6e430abe78.png",
        "tradable": false,
        "drops": [],
        "masterable": false
      },
      {
        "uniqueName": "/Lotus/Types/Items/Fish/Solaris/FishParts/SolarisFishNeuralRelayItem",
        "name": "Recaster Neural Relay",
        "description": "Interprets signals from other mechanical organisms.\n\nSource: Dismantled from Recaster servofish via The Business in Fortuna (Venus). Catch Recaster in Orb Vallis pond hotspots during Cold weather. Also drops from resource containers across the Orb Vallis.",
        "itemCount": 10,
        "imageName": "recaster-neural-relay-1b48a2c2e8.png",
        "tradable": false,
        "masterable": false,
        "drops": []
      },
      {
        "uniqueName": "/Lotus/Types/Items/Gems/Solaris/SolarisCommonGemACutItem",
        "name": "Smooth Phasmin",
        "description": "Polished and cut to perfection.\n\nBlueprint sold by Smokefinger in Fortuna on Venus.",
        "itemCount": 10,
        "imageName": "smooth-phasmin-a2cd1eb0b0.png",
        "tradable": false,
        "drops": [],
        "masterable": false
      }
    ],
    "consumeOnBuild": true,
    "criticalChance": 0.050000001,
    "criticalMultiplier": 1.5,
    "damage": {
      "total": 5,
      "impact": 0,
      "puncture": 0,
      "slash": 0,
      "heat": 0,
      "cold": 0,
      "electricity": 5,
      "toxin": 0,
      "blast": 0,
      "radiation": 0,
      "gas": 0,
      "magnetic": 0,
      "viral": 0,
      "corrosive": 0,
      "void": 0,
      "tau": 0,
      "cinematic": 0,
      "shieldDrain": 0,
      "healthDrain": 0,
      "energyDrain": 0,
      "true": 0
    },
    "damagePerShot": [
      0,
      0,
      0,
      0,
      0,
      5,
      0,
      0,
      0,
      0,
      0,
      0,
      0,
      0,
      0,
      0,
      0,
      0,
      0,
      0
    ],
    "description": "Releases a burst of static electricity that can jump between foes, incapacitating them.",
    "disposition": 3,
    "fireRate": 12.000001,
    "imageName": "tazicor-07ebe56d23.png",
    "introduced": {
      "name": "Update 24.0",
      "url": "https://wiki.warframe.com/w/Update_24%23Update_24.0",
      "aliases": [
        "24",
        "24.0",
        "Fortuna"
      ],
      "parent": "24.0",
      "date": "2018-11-08"
    },
    "isPrime": false,
    "magazineSize": 40,
    "masterable": true,
    "masteryReq": 3,
    "multishot": 1,
    "name": "Tazicor",
    "noise": "Alarming",
    "omegaAttenuation": 1,
    "patchlogs": [
      {
        "name": "Fortuna: Hotfix 24.0.10",
        "date": "2018-11-21T21:38:12Z",
        "url": "https://forums.warframe.com/topic/1035481-fortuna-hotfix-24010/",
        "additions": "",
        "changes": "",
        "fixes": "Fixed the incorrect Foundry rush costs for Cryotra, Tazicor, and Vulcax weapons."
      },
      {
        "name": "Fortuna: Update 24.0",
        "date": "2018-11-08T20:46:20Z",
        "url": "https://forums.warframe.com/topic/1025679-fortuna-update-240/",
        "additions": "",
        "changes": "Tazicor: Burst rifle that fires electrified rounds.",
        "fixes": ""
      }
    ],
    "procChance": 0.25,
    "productCategory": "SentinelWeapons",
    "releaseDate": "2018-11-08",
    "reloadTime": 2,
    "sentinel": true,
    "skipBuildTimePrice": 25,
    "slot": 1,
    "tags": [
      "Corpus"
    ],
    "totalDamage": 5,
    "tradable": false,
    "trigger": "Held",
    "type": "Companion Weapon",
    "uniqueName": "/Lotus/Types/Friendly/Pets/MoaPets/MoaPetComponents/TazronWeapon",
    "wikiAvailable": true,
    "wikiaThumbnail": "https://wiki.warframe.com/images/Tazicor.png?bdd16",
    "wikiaUrl": "https://wiki.warframe.com/w/Tazicor"
  },
  {
    "accuracy": 100,
    "attacks": [
      {
        "name": "Normal Attack",
        "speed": 12,
        "crit_chance": 8,
        "crit_mult": 2,
        "status_chance": 34,
        "shot_type": "Hit-Scan",
        "damage": {
          "cold": 26
        }
      }
    ],
    "category": "Primary",
    "criticalChance": 0.079999998,
    "criticalMultiplier": 2,
    "damage": {
      "total": 26,
      "impact": 0,
      "puncture": 0,
      "slash": 0,
      "heat": 0,
      "cold": 26,
      "electricity": 0,
      "toxin": 0,
      "blast": 0,
      "radiation": 0,
      "gas": 0,
      "magnetic": 0,
      "viral": 0,
      "corrosive": 0,
      "void": 0,
      "tau": 0,
      "cinematic": 0,
      "shieldDrain": 0,
      "healthDrain": 0,
      "energyDrain": 0,
      "true": 0
    },
    "damagePerShot": [
      0,
      0,
      0,
      0,
      26,
      0,
      0,
      0,
      0,
      0,
      0,
      0,
      0,
      0,
      0,
      0,
      0,
      0,
      0,
      0
    ],
    "description": "Designed as the perfect mate for Nautilus, this Sentinel weapon projects an icy beam at nearby targets.",
    "disposition": 4,
    "fireRate": 12.000001,
    "imageName": "verglas-a85b439e97.png",
    "introduced": {
      "name": "Update 29.10",
      "url": "https://wiki.warframe.com/w/Update_29%23Update_29.10",
      "aliases": [
        "29.10",
        "29.10.0"
      ],
      "parent": "29.10",
      "date": "2021-03-19"
    },
    "isPrime": false,
    "magazineSize": 80,
    "masterable": true,
    "masteryReq": 0,
    "multishot": 1,
    "name": "Verglas",
    "noise": "Alarming",
    "omegaAttenuation": 1.3,
    "patchlogs": [
      {
        "name": "Gara Prime: Update 30.3.0",
        "date": "2021-05-25T17:56:49Z",
        "url": "https://forums.warframe.com/topic/1265162-gara-prime-update-3030/",
        "additions": "",
        "changes": "",
        "fixes": "The Verglas now has custom sounds for weapon fire!"
      },
      {
        "name": "Corpus Proxima & The New Railjack: Hotfix 29.10.4",
        "date": "2021-03-23T21:53:08Z",
        "url": "https://forums.warframe.com/topic/1255250-corpus-proxima-the-new-railjack-hotfix-29104%C2%A0/",
        "additions": "",
        "changes": "",
        "fixes": "Fixed ability to obtain the Verglas Sentinel Riven from a Rifle Riven Mod as opposed to the intended Companion Weapon Riven Mod."
      }
    ],
    "procChance": 0.34000003,
    "productCategory": "SentinelWeapons",
    "releaseDate": "2021-03-19",
    "reloadTime": 2.2,
    "sentinel": true,
    "slot": 1,
    "tags": [
      "Tenno"
    ],
    "totalDamage": 26,
    "tradable": false,
    "trigger": "Held",
    "type": "Companion Weapon",
    "uniqueName": "/Lotus/Types/Sentinels/SentinelWeapons/SentinelFreezeRayRifle",
    "wikiAvailable": true,
    "wikiaThumbnail": "https://wiki.warframe.com/images/Verglas.png?1010d",
    "wikiaUrl": "https://wiki.warframe.com/w/Verglas"
  },
  {
    "accuracy": 100,
    "attacks": [
      {
        "name": "Normal Attack",
        "speed": 12,
        "crit_chance": 14,
        "crit_mult": 2.2,
        "status_chance": 36,
        "shot_type": "Hit-Scan",
        "damage": {
          "cold": 32
        }
      }
    ],
    "category": "Primary",
    "criticalChance": 0.14,
    "criticalMultiplier": 2.2,
    "damage": {
      "total": 32,
      "impact": 0,
      "puncture": 0,
      "slash": 0,
      "heat": 0,
      "cold": 32,
      "electricity": 0,
      "toxin": 0,
      "blast": 0,
      "radiation": 0,
      "gas": 0,
      "magnetic": 0,
      "viral": 0,
      "corrosive": 0,
      "void": 0,
      "tau": 0,
      "cinematic": 0,
      "shieldDrain": 0,
      "healthDrain": 0,
      "energyDrain": 0,
      "true": 0
    },
    "damagePerShot": [
      0,
      0,
      0,
      0,
      32,
      0,
      0,
      0,
      0,
      0,
      0,
      0,
      0,
      0,
      0,
      0,
      0,
      0,
      0,
      0
    ],
    "description": "The icy signature weapon of Nautilus Prime.",
    "disposition": 4,
    "fireRate": 12.000001,
    "imageName": "verglas-prime-624a7bec79.png",
    "introduced": {
      "name": "Update 36.1",
      "url": "https://wiki.warframe.com/w/Update_36%23Update_36.1",
      "aliases": [
        "36.1"
      ],
      "parent": "36.0",
      "date": "2024-08-21"
    },
    "isPrime": true,
    "magazineSize": 80,
    "masterable": true,
    "masteryReq": 0,
    "multishot": 1,
    "name": "Verglas Prime",
    "noise": "Alarming",
    "omegaAttenuation": 1.3,
    "polarities": [
      "naramon"
    ],
    "procChance": 0.36000001,
    "productCategory": "SentinelWeapons",
    "releaseDate": "2024-08-21",
    "reloadTime": 1.6,
    "sentinel": true,
    "slot": 1,
    "tags": [
      "Tenno",
      "Prime"
    ],
    "totalDamage": 32,
    "tradable": false,
    "trigger": "Held",
    "type": "Companion Weapon",
    "uniqueName": "/Lotus/Types/Sentinels/SentinelWeapons/SentinelFreezeRayPrimeRifle",
    "vaulted": false,
    "wikiAvailable": true,
    "wikiaThumbnail": "https://wiki.warframe.com/images/VerglasPrime.png?5ee53",
    "wikiaUrl": "https://wiki.warframe.com/w/Verglas_Prime"
  },
  {
    "accuracy": 100,
    "attacks": [
      {
        "name": "Impact",
        "speed": 1,
        "crit_chance": 20,
        "crit_mult": 2.5,
        "status_chance": 10,
        "shot_type": "Hit-Scan",
        "damage": {
          "heat": 500
        }
      },
      {
        "name": "Radial Attack",
        "speed": 1,
        "crit_chance": 20,
        "crit_mult": 2.5,
        "status_chance": 20,
        "shot_type": "AoE",
        "falloff": {
          "start": 0,
          "end": 5,
          "reduction": 0.5
        },
        "damage": {
          "blast": 100
        }
      }
    ],
    "buildPrice": 50000,
    "buildQuantity": 1,
    "buildTime": 86400,
    "category": "Primary",
    "components": [
      {
        "uniqueName": "/Lotus/Types/Recipes/Weapons/SentinelThermocorWeaponBlueprint",
        "name": "Blueprint",
        "description": "Charges up a powerful blast of ultra-heated plasma.",
        "itemCount": 1,
        "imageName": "blueprint.png",
        "tradable": false,
        "masterable": false,
        "drops": [
          {
            "chance": 1,
            "location": "Solaris United (Legs), Old Mate",
            "rarity": "Common",
            "type": "Vulcax Blueprint"
          }
        ]
      },
      {
        "uniqueName": "/Lotus/Types/Items/Gems/Solaris/SolarisUncommonGemACutItem",
        "name": "Goblite Tears",
        "description": "Polished and cut to perfection.\n\nBlueprint sold by Smokefinger in Fortuna on Venus.",
        "itemCount": 10,
        "imageName": "goblite-tears-db33ec8568.png",
        "tradable": false,
        "drops": [],
        "masterable": false
      },
      {
        "uniqueName": "/Lotus/Types/Items/Fish/Solaris/FishParts/CorpusFishThermalLaserItem",
        "name": "Kriller Thermal Laser",
        "description": "A weapon that discharges lasers over short distances.\n\nSource: Dismantled from Kriller servofish via The Business in Fortuna (Venus). Catch Kriller in the Orb Vallis lake during Warm weather. Also drops from resource containers across the Orb Vallis.",
        "itemCount": 10,
        "imageName": "kriller-thermal-laser-c9cf57e843.png",
        "tradable": false,
        "masterable": false,
        "drops": []
      },
      {
        "uniqueName": "/Lotus/Types/Items/Gems/Eidolon/UncommonGemACutAItem",
        "name": "Marquise Veridos",
        "description": "Polished and cut to perfection.\n\nBlueprint sold by Old Man Suumbaat in Cetus on Earth.",
        "itemCount": 10,
        "imageName": "marquise-veridos-217877dacf.png",
        "tradable": false,
        "drops": [],
        "masterable": false
      },
      {
        "uniqueName": "/Lotus/Types/Items/Fish/Solaris/FishParts/OrokinFishEntroplasmaItem",
        "name": "Tromyzon Entroplasma",
        "description": "A solvent that reconstitutes waste product from the Weeping Towers into degenerated matter.\n\nSource: Dismantled from Tromyzon servofish via The Business in Fortuna (Venus). Catch Tromyzon in Orb Vallis Pond Hotspots during Cold weather. Also drops from the Exploiter Orb in the Orb Vallis.",
        "itemCount": 5,
        "imageName": "tromyzon-entroplasma-c324b3c3bd.png",
        "tradable": false,
        "drops": [],
        "masterable": false
      }
    ],
    "consumeOnBuild": true,
    "criticalChance": 0.2,
    "criticalMultiplier": 2.5,
    "damage": {
      "total": 500,
      "impact": 0,
      "puncture": 0,
      "slash": 0,
      "heat": 500,
      "cold": 0,
      "electricity": 0,
      "toxin": 0,
      "blast": 0,
      "radiation": 0,
      "gas": 0,
      "magnetic": 0,
      "viral": 0,
      "corrosive": 0,
      "void": 0,
      "tau": 0,
      "cinematic": 0,
      "shieldDrain": 0,
      "healthDrain": 0,
      "energyDrain": 0,
      "true": 0
    },
    "damagePerShot": [
      0,
      0,
      0,
      500,
      0,
      0,
      0,
      0,
      0,
      0,
      0,
      0,
      0,
      0,
      0,
      0,
      0,
      0,
      0,
      0
    ],
    "description": "Charges up a powerful blast of ultra-heated plasma.",
    "disposition": 3,
    "fireRate": 1,
    "imageName": "vulcax-69bedd67a5.png",
    "introduced": {
      "name": "Update 24.0",
      "url": "https://wiki.warframe.com/w/Update_24%23Update_24.0",
      "aliases": [
        "24",
        "24.0",
        "Fortuna"
      ],
      "parent": "24.0",
      "date": "2018-11-08"
    },
    "isPrime": false,
    "magazineSize": 1,
    "masterable": true,
    "masteryReq": 14,
    "multishot": 1,
    "name": "Vulcax",
    "noise": "Alarming",
    "omegaAttenuation": 1,
    "patchlogs": [
      {
        "name": "Fortuna: Hotfix 24.0.10",
        "date": "2018-11-21T21:38:12Z",
        "url": "https://forums.warframe.com/topic/1035481-fortuna-hotfix-24010/",
        "additions": "",
        "changes": "",
        "fixes": "Fixed the incorrect Foundry rush costs for Cryotra, Tazicor, and Vulcax weapons."
      },
      {
        "name": "Fortuna: Hotfix 24.0.1",
        "date": "2018-11-09T00:33:19Z",
        "url": "https://forums.warframe.com/topic/1025890-fortuna-hotfix-2401/",
        "additions": "",
        "changes": "",
        "fixes": "Fixed some sounds for the Vulcax."
      },
      {
        "name": "Fortuna: Update 24.0",
        "date": "2018-11-08T20:46:20Z",
        "url": "https://forums.warframe.com/topic/1025679-fortuna-update-240/",
        "additions": "",
        "changes": "Vulcax: Charges up a powerful blast of ultra-heated plasma.",
        "fixes": ""
      }
    ],
    "procChance": 0.10000002,
    "productCategory": "SentinelWeapons",
    "releaseDate": "2018-11-08",
    "reloadTime": 3,
    "sentinel": true,
    "skipBuildTimePrice": 25,
    "slot": 1,
    "tags": [
      "Corpus"
    ],
    "totalDamage": 500,
    "tradable": false,
    "trigger": "Charge",
    "type": "Companion Weapon",
    "uniqueName": "/Lotus/Types/Friendly/Pets/MoaPets/MoaPetComponents/ThermocorMoaWeapon",
    "wikiAvailable": true,
    "wikiaThumbnail": "https://wiki.warframe.com/images/Vulcax.png?11641",
    "wikiaUrl": "https://wiki.warframe.com/w/Vulcax"
  },
  {
    "accuracy": 100,
    "attacks": [
      {
        "name": "Normal Attack",
        "speed": 0.15,
        "crit_chance": 35,
        "crit_mult": 2.5,
        "status_chance": 25,
        "shot_type": "Projectile",
        "shot_speed": 100,
        "flight": 100,
        "damage": {
          "electricity": 175
        }
      }
    ],
    "category": "Primary",
    "criticalChance": 0.34999999,
    "criticalMultiplier": 2.5,
    "damage": {
      "total": 175,
      "impact": 0,
      "puncture": 0,
      "slash": 0,
      "heat": 0,
      "cold": 0,
      "electricity": 175,
      "toxin": 0,
      "blast": 0,
      "radiation": 0,
      "gas": 0,
      "magnetic": 0,
      "viral": 0,
      "corrosive": 0,
      "void": 0,
      "tau": 0,
      "cinematic": 0,
      "shieldDrain": 0,
      "healthDrain": 0,
      "energyDrain": 0,
      "true": 0
    },
    "damagePerShot": [
      0,
      0,
      0,
      0,
      0,
      175,
      0,
      0,
      0,
      0,
      0,
      0,
      0,
      0,
      0,
      0,
      0,
      0,
      0,
      0
    ],
    "description": "Standard issue sniper rifle for Diriga.",
    "disposition": 4,
    "fireRate": 0.15000001,
    "imageName": "vulklok-255184ff90.png",
    "introduced": {
      "name": "Update 17.3",
      "url": "https://wiki.warframe.com/w/Update_17%23Update_17.3",
      "aliases": [
        "17.3.0",
        "17.3"
      ],
      "parent": "17.3",
      "date": "2015-09-02"
    },
    "isPrime": false,
    "magazineSize": 10,
    "masterable": true,
    "masteryReq": 0,
    "multishot": 1,
    "name": "Vulklok",
    "noise": "Alarming",
    "omegaAttenuation": 1.245,
    "patchlogs": [
      {
        "name": "Hotfix 17.4.3",
        "date": "2015-09-16T20:35:30Z",
        "url": "https://forums.warframe.com/topic/529270-hotfix-1743/",
        "additions": "",
        "changes": "Vulklok fire rate has been decreased from .5 seconds between shots to .15 seconds per shots.\nVulklok accuracy has been increased to 100%.",
        "fixes": ""
      },
      {
        "name": "Hotfix 17.4.2",
        "date": "2015-09-11T20:40:57Z",
        "url": "https://forums.warframe.com/topic/526883-hotfix-1742/",
        "additions": "",
        "changes": "Vulklok Weapon Changes:\nThe following changes have been made to the Sentinel Vulklok weapon as per: https://forums.warframe.com/index.php?/topic/526736-psa-vulklok-damage-adjustments/",
        "fixes": ""
      },
      {
        "name": "Update 17.4.0",
        "date": "2015-09-09T23:18:22Z",
        "url": "https://forums.warframe.com/topic/525957-update-1740/",
        "additions": "",
        "changes": "Adjusted the Vulklok’s sell price to match other Sentinel weapons.",
        "fixes": "Fixed the Diriga and Vulklok missing from the Codex.\nFixed the Vulklok not properly receiving adjustments to magazine size, fire-rate and reload time via Mods."
      },
      {
        "name": "Update 17.3.0",
        "date": "2015-09-02T20:56:46Z",
        "url": "https://forums.warframe.com/topic/521781-update-1730/",
        "additions": "",
        "changes": "",
        "fixes": "The Diriga shocks nearby enemies, and picks off distant threats, utilizing the Vulklok sniper rifle and the ‘Calculated Shot’, ‘Arc Coil’ and ‘Electro Pulse’ precepts."
      }
    ],
    "procChance": 0.25,
    "productCategory": "SentinelWeapons",
    "releaseDate": "2015-09-02",
    "reloadTime": 2,
    "sentinel": true,
    "slot": 1,
    "tags": [
      "Grineer"
    ],
    "totalDamage": 175,
    "tradable": false,
    "trigger": "Auto",
    "type": "Companion Weapon",
    "uniqueName": "/Lotus/Types/Sentinels/SentinelWeapons/SentElecRailgun",
    "wikiAvailable": true,
    "wikiaThumbnail": "https://wiki.warframe.com/images/Vulklok.png?4e694",
    "wikiaUrl": "https://wiki.warframe.com/w/Vulklok"
  }
]
